text,speaker,talktime_words,math_density,uptake,student_reasoning,focusing_questions
"Now, they’re recording right now.",student,5,0,,,
"Okay, so joined in this room have been working on [inaudible], correct.  We have been working specifically these past [inaudible] days measuring our rectangular [prisms].  Okay. What specifically have we measured?  [Inaudible] we’re trying to measure in these rectangular prisms. [Inaudible].",teacher,41,7,0.0,,0.0
The volume.,student,2,1,,,
"We are trying to measure the volume [inaudible] and we are using the cubes to help us to understand the size of these [inaudible].  When we speak of volume, we talk about cubic units, so its’ a natural process, [inaudible] for us using the cubes that we normally use to figure out how many cubes fit inside [some] of these boxes that we [inaudible]. Okay.  So keep all of the work that we have done previously in mind as we continue with the work today. Over here, you will see, we’re gonna discuss the volume of three- dimensional objects and how to solve for the volume of three-dimensional objects, okay.  Now, as we have been doing previously, although [inaudible] it is new, as we’ve been doing previously, I want to work algebra into today’s conversation.  So everybody up for a little bit of algebra in today’s conversation? Now, we know this shape has three dimensions, okay.  We’ve got a dimension right here, we have got a dimension right here, from left to right, A is up and down, B is left to right, and C is front to back.  Everyone agree with that?",teacher,193,15,,,0.0
Yes.,student,1,0,,,
"Okay.  Now, before we even work with numbers I want to see if you guys can come up with a couple of equations to solve for the size of the red rectangle, to solve for the size of the blue rectangle, and to solve for the size of the green rectangle, using algebra, okay.  Does everyone understand what I mean when I say that?  [Inaudible].",teacher,65,4,,,1.0
You mean like two times [N]?,student,6,0,,,
"Okay, in this case, though, I don’t have any numbers, okay, and I don’t have N.  I’ve got three different variables, A, B and C.  So what I want to know is what would I do to solve for the size of that red rectangle.  What would I do to solve for the size of that blue rectangle.  What would I do to solve for the size of that green rectangle, okay.  What equations would I write, using the information that’s up here, what equations could I write.  Are you giving the equation or are you asking me a question?",teacher,100,7,1.0,,1.0
[Inaudible].,student,1,0,,,
Is it about the equations?,teacher,5,1,,,0.0
[Inaudible].,student,1,0,,,
"I don’t want an equation right now, because I want to give you time to [inaudible].  So you’re not gonna give me an equation [inaudible].",teacher,25,2,,,0.0
"Well, can we like – can we [inaudible]?",student,8,0,,0.0,
"Well, so here is the thing, what I’m trying – the way that we’ve done [inaudible] these fractions, I’m trying to get you guys to understand what to do with these different dimensions in order to solve for volume, okay.  And so, yes, later on, later on what I’ve got for you is to solve for exactly how big this particular rectangle is. [Inaudible].  Okay.  Later on we’ll actually attach the numbers.  Right now, what I want is a rule, just like we’ve done with fractions, I want the rule.  How do I solve for the volume of the shape?  So, rectangular [inaudible].",teacher,103,7,1.0,,0.0
Are we gonna [inaudible]?,student,4,0,,,
"Later on.  No, no, no, we’ll talk about this later on and you will do your own work and [inaudible].  We’re not [inaudible] today.  That’s what we’ve done previously to help us get to today.  So you have to think about all the great work that you’ve done leading up to today to help you figure out, hmm, how do I solve for the size of that red rectangle, how is [it important]?  How do I solve for the size of the green rectangle?  How is that important?  How do I solve for the blue rectangle and how is that important?",teacher,101,3,,,0.0
[Inaudible] do [inaudible] times –.,student,5,0,,,
"Ah, ah, ah, that’s getting close [inaudible].",teacher,7,0,1.0,,0.0
"No, like [inaudible], like for example, A times B [inaudible]?",student,10,0,,0.0,
"Do you see D right there?  No.  I would argue that you do not need anything other than what you’ve got right there, yes.",teacher,24,0,0.0,,0.0
[Inaudible].,student,1,0,,,
I don’t want an equation.  You’re gonna turn and talk in your groups for equations.,teacher,15,2,,,0.0
"Oh, is this [inaudible]?",student,4,0,,,
"There is not [inaudible].  All we are doing is – what would you do to solve for the size of that red rectangle, what would you do to solve for the size of the blue rectangle, on this side, that face, what would you do to solve for the green rectangle that is the base of this particular rectangle [inaudible].  Yes.",teacher,61,5,,,0.0
Are you talking about [inaudible] or [inaudible]?,student,7,0,,,
"Right now I’m talking about this face, what would do to solve for that face?  I’m talking about this face, what would you to solve for that face, and the green base, which is also a face but we [inaudible] frame it as base or [inaudible]. Okay.  So what would you do with these letters in order to solve for the size of the red, in order to solve for the size of the blue.  Yes.  I don’t want an equation.",teacher,81,1,1.0,,1.0
"Oh, no, no.",student,3,0,,,
Okay.,teacher,1,0,,,0.0
[Inaudible] example [inaudible].,student,3,0,,,
This is [inaudible].,teacher,3,0,,,0.0
"No, it’s [inaudible].",student,3,0,,,
"No, that’s not how you would solve for this.  Yes.",teacher,10,0,,,0.0
[Inaudible].,student,1,0,,,
"I don’t [want to], not yet.",teacher,6,0,,,0.0
"Could you do, like, [inaudible] A times –.",student,8,0,,0.0,
"Ah, ah, ah, yes.  Okay, so here is what we’re gonna do, we’re gonna turn and talk, and we’re gonna try and figure out equations.  What would I do to solve for the size of the red face?  What would I do to solve for the size of the blue face?  What would I do to solve for the size of the green face?  On any particular shape.  The reason we’re doing the algebra is because this rule will work for every rectangular prism you do. Later on, I will give you the number for A, the number for B and the number for C.  Okay.  But before we work with the numbers, I want the rules.  How can I solve for the size of each of these rectangles, okay.  And then later on, how can I use that information to solve for the size of the rectangular prism, okay.  I’m done with questions.  I’m not sure that’s not a good idea, but I’m done with questions because we’re getting dangerously close to revealing the equations right now and I don’t want that.",teacher,183,7,0.0,,0.0
Can we use [inaudible] –?,student,5,0,,,
"You don’t need anything except for what’s up here.  You don’t need anything.  You, right now, should know how to solve for the size of the rectangle.  Yes, [inaudible].",teacher,29,1,1.0,,0.0
What’s the green?,student,3,0,,,
"The green is the bottom, it’s the base.  What, Student R.",teacher,11,0,,,0.0
Do we count the green two times [inaudible]?,student,8,0,,0.0,
I don’t necessarily need to count the green two times.  Does this suggest that I need to count the green two times? You’re not solving for this [inaudible] volume right now. Right now you’re solving for each rectangle.,teacher,38,2,1.0,,0.0
[Inaudible].,student,1,0,,,
"It won’t help.  It’ll help you for the volume later on, but right now that’s not what we’re doing.",teacher,19,1,,,0.0
[Inaudible] red [inaudible] red [inaudible].,student,5,0,,,
"It doesn’t suggest that you have to [inaudible] any reds.  All you have to do is tell me what to do to solve for the red, okay.  Everybody got that?  So I want equations, how would I find the size of the red rectangle?  How would I find the size of the blue rectangle?  How would I find the size of the green rectangle?  Take two minutes and then we’ll turn and talk.  [Inaudible].  [Crosstalk.]  How would we solve for the size of [inaudible]?  [Crosstalk and mumbling.] So to solve the size, we have to figure out the size of the red rectangle, and we multiply [inaudible].",teacher,107,6,1.0,,1.0
"So what is that, A [plus] B –.",student,8,0,,0.0,
A times [inaudible].,teacher,3,0,1.0,,0.0
[Inaudible].  What?,student,2,0,,,
A times what?,teacher,3,0,,,0.0
I think I’d take A times [inaudible].,student,7,0,,,
[Inaudible].  A times [B] [inaudible].  [Crosstalk.],teacher,6,0,1.0,,0.0
[Inaudible] B [inaudible].,student,3,0,,,
[Inaudible] B?,teacher,2,0,,,0.0
"Six times [inaudible]. No, A [inaudible] –.",student,7,0,,,
"A times [B doesn’t work].  [Inaudible].  Now we’re talking about [inaudible].  I disagree with [inaudible] because I don’t see how the B dimension [inaudible].  Does B touch blue?  No, B’s not a dimension [inaudible] blue rectangle. Yeah.",teacher,37,3,1.0,,0.0
"What [inaudible] the red one, [inaudible] red one [inaudible]. [Inaudible] the red one –.",student,14,0,,0.0,
There’s no number.,teacher,3,0,0.0,,0.0
[Oh.]  [Inaudible] A times –.,student,5,0,,,
"Now, we’re solving for the red, the size of the red.",teacher,11,0,0.0,,0.0
"Red, so we really want A –.",student,7,0,,,
I want to solve [inaudible].,teacher,5,0,0.0,,0.0
A times –.,student,3,0,,,
A times [B] –.  How do you solve for the area of any rectangle?,teacher,14,2,,,0.0
A –. [Inaudible].,student,3,0,,,
And then – so you take one dimension and the other dimension and multiply them together.  [Inaudible] A dimension and B dimension represents the rectangle [in red].  Good.  What are the two dimensions that you would use in [inaudible] the green rectangle?,teacher,42,8,,,0.0
A is –. [Inaudible].,student,4,0,,,
[Inaudible].,teacher,1,0,,,0.0
[Inaudible]. [Inaudible].,student,2,0,,,
"Y, Z times –.",teacher,4,0,,,0.0
"Yeah, A [inaudible].  B [inaudible].  [Crosstalk.]",student,6,0,,,
A times [inaudible].  So what would be the dimensions for the [inaudible]?,teacher,12,1,1.0,,0.0
A [inaudible].,student,2,0,,,
"[Inaudible] dimensions gives us what, does that give us a two- dimensional rectangle?  No, that gives us the three- dimension volume.  Okay.",teacher,22,5,,,0.0
[Crosstalk.],student,1,0,,,
"What is A times B?  [Inaudible].  [Crosstalk.]  Okay, what [inaudible] the blue rectangle?  [Crosstalk.]  What [inaudible]?  Okay, and what would be the [inaudible]?",teacher,23,1,,,0.0
[Inaudible] B equals [inaudible].,student,4,0,,,
That’s the three dimensions [inaudible].  Explain to me [inaudible].,teacher,9,1,,,1.0
[Inaudible] need to greens – [inaudible] need two green [inaudible].,student,10,0,,0.0,
"You don’t need two green, we’re not measuring volumes.",teacher,9,2,1.0,,0.0
[Inaudible] that all of these [inaudible] –.,student,7,0,,,
[Inaudible].,teacher,1,0,1.0,,0.0
"Yeah, [inaudible].",student,2,0,,,
How do you solve for the rectangle?,teacher,7,1,,,0.0
[Inaudible] red [inaudible]. C and B [inaudible].  I think –.,student,10,0,,0.0,
"I asked a question, how do you solve for the size of the blue rectangle?",teacher,15,1,0.0,,1.0
[Inaudible].,student,1,0,,,
That’s [inaudible] solve [inaudible].,teacher,4,0,,,0.0
[Inaudible] [sides].,student,2,0,,,
[Inaudible] red [inaudible] for –?,teacher,5,0,,,0.0
[Inaudible].,student,1,0,,,
What would be the equation to solve for the blue?,teacher,10,1,,,0.0
"B, yeah.  Blue, [inaudible].",student,4,0,,,
[Inaudible] B [inaudible].,teacher,3,0,,,0.0
[Inaudible].,student,1,0,,,
"[Inaudible] the green, but [inaudible].  Oh, I’m sorry, that A [inaudible].",teacher,11,0,,,0.0
"No, [inaudible] – the red and blue [inaudible]. B [inaudible].",student,10,0,,0.0,
I asked about the blue.,teacher,5,0,1.0,,0.0
This [inaudible].,student,2,0,,,
"[Inaudible].  He said B times C and I said B had nothing to do with C.  [Inaudible].  Okay, can I get your attention back here, please [inaudible].  Now, this might have been a little more complicated than we needed it to be, but again, I’m going to [inaudible] to this place where you’re very comfortable [inaudible].  I want you get into this place where you guys understand that you’ve got rules that apply not only to one specific rectangle or one specific rectangular prism but will help you solve for all rectangles, or to help you solve for all rectangular prisms.  Okay. Now, what do I do to measure the size of any rectangle, what do I do? Student E.",teacher,120,8,,,0.0
You use the volume to measure it.,student,7,2,,,
"I’m not using the volume yet.  I’m talking about just one face and one face of each of this shape, any one face of this shape is a rectangle.  Here is a rectangle, here is a rectangle, here is a rectangle.  Okay.",teacher,42,5,1.0,,0.0
You multiply [inaudible].,student,3,1,,,
"You multiply two dimensions, and when I multiple those two dimensions I solve for what?",teacher,15,4,,,0.0
The area.,student,2,1,,,
"The area.  Now, that’s what this conversation is about, we’re solving for the area of every rectangle and then what we’re gonna do is connect those ideas, what we already know, to help solve for volume.  So what would I multiple together to give me the size of the red rectangle?  [Inaudible].",teacher,52,6,,,0.0
A times B.,student,3,0,,,
A times B.  Okay.  What would I multiply – what would I do to solve for the blue rectangle?  Student.,teacher,20,2,,,0.0
A times C.,student,3,0,,,
"Very nicely done.  A times C.  Now, even though A is all the way over here, we know something about the way that rectangles work.  If this side is A, what else has to be A? Student A.",teacher,38,1,,,0.0
[Blue].,student,1,0,,,
This blue?,teacher,2,0,,,0.0
That [inaudible] blue.,student,3,0,,,
This?,teacher,1,0,,,0.0
This one.,student,2,0,,,
Over here?  No.,teacher,3,0,,,0.0
[Inaudible]. [Inaudible].,student,2,0,,,
No.,teacher,1,0,,,0.0
[Inaudible] A [inaudible] A has [inaudible] the blue [inaudible].,student,9,0,,0.0,
"Right, the parallel opposite side of the rectangle is A.  If this side is A, we know over here is also A, and – which gives us, like Student said, A times C.  Okay.  Now, how do I solve for the green rectangle?  Student T.",teacher,45,3,1.0,,0.0
B times – B times A?,student,6,0,,,
Not B times A.  Student J?,teacher,6,0,1.0,,0.0
C [inaudible] A times [inaudible].,student,5,0,,,
"Okay, which one of those things, you’ve got like three or four different things happening in that equation.",teacher,18,1,0.0,,0.0
[Inaudible] times C.,student,3,0,,,
That’s three dimensions.  If I multiply three dimensions together that gives me volume.  Right now I just want rectangle.  Student.,teacher,20,5,,,0.0
You do B times C.,student,5,0,,,
"B times C.  This one’s a little bit harder because you don’t necessarily see, it’s not [inaudible].  You gave me four or five different equations all in the same [inaudible]. Okay, so let’s learn from the mistake and let’s figure out why it [inaudible].  Okay. Now, this is how you solve for every individual face, you just multiply the two dimensions together, okay, and it doesn’t become all that complicated when you add in numbers, okay. But if I [inaudible] this A times B, okay, this face right here, if I get that rectangle, how many of those red rectangles am I gonna need to fill the volume of the shape? That’s a big question.  If I have got this red rectangle in front of cubes, okay, if I have got it and I have got it right here, how many of these am I doing to need to solve for the volume?  What would I have to do to A times B, that’s the red rectangle, to solve for the volume of the entire rectangular prism?",teacher,177,14,1.0,,0.0
You would have to [inaudible].,student,5,0,,,
I wouldn’t have to divide by [8].  There is no 8 up here.,teacher,13,1,1.0,,0.0
"No, A is 8.",student,4,0,,,
"A is 8, A is A.",teacher,6,0,,,0.0
But A as in [inaudible].,student,5,0,,,
"Well, you have no reason for A to be 8.  A represents – it could be any number, okay.",teacher,19,0,1.0,,0.0
So why can’t you use [8]?,student,6,0,,,
We could use [inaudible].  [Crosstalk.]  Huh?,teacher,6,0,1.0,,0.0
[Inaudible]?,student,1,0,,,
"Because I’m showing you that you can use whatever number – whatever letter you want.  [Inaudible] fraction, we used N and B and E and A and all those, here, we can use any of them, okay.  So we’re talking about [this obvious] stuff so that you guys don’t freak out when you get [inaudible].",teacher,55,1,,,0.0
"Can you [inaudible] A, like, [inaudible] A times B plus A times B?",student,13,0,,0.0,
"Okay, so why don’t we put in numbers?  Okay, let’s put in numbers and see if that’s helpful.  Student T, I need you to pay attention [inaudible].  Okay.  On this rectangle, A equals 2.  On this rectangle, B equals 5, and C equals 6, okay.  So how many cubes would be in the red face?  Student D.",teacher,57,3,1.0,,1.0
"Two, [inaudible] two.",student,3,0,,,
"No, Student T?",teacher,3,0,,,0.0
[Inaudible].,student,1,0,,,
No.,teacher,1,0,,,0.0
Ten?,student,1,0,,,
"Ten.  There would be ten cubes in the red face.  Now, the question that I was asking earlier with the algebra was how many of those red faces am I going to need in order to solve for the size of this.  I have got 2 times 5 equals 10.  How many of these do I need in order to solve for the volume of this particular shape?  Student A?",teacher,70,2,,,0.0
25.,student,1,0,,,
No.  Student T?,teacher,3,0,,,0.0
[Inaudible].,student,1,0,,,
[Inaudible].,teacher,1,0,,,0.0
Six?,student,1,0,,,
"I would need six, okay.  So the first thing that we did to solve for the red – or the first thing we did was solve for the red, and I found that [front] face and then I had to go so many back, and that so many was the multiplying by C, or in this case, multiplying by 6.  Okay.  And so I’ve got six of these red faces and they should fit inside my rectangle [inaudible].  Okay.  [Perfect] okay.  So that’s one. That’s one rectangle.  [Inaudible].",teacher,88,4,,,0.0
I see a pattern.,student,4,0,,,
"Great, what’s the pattern you see?",teacher,6,0,,,0.0
"[Inaudible] if 2 is A and 5 is B, then C is the only one left which equals 6.",student,19,0,,1.0,
"Okay.  So let’s think about that in terms of the blue.  When I multiply A times C together, what do I get?",teacher,22,1,1.0,,0.0
3.,student,1,0,,,
No.,teacher,1,0,,,0.0
No.,student,1,0,,,
And we raise our hand in fourth grade.  Student F.,teacher,10,0,,,0.0
When you multiply A times C you will get 12.,student,10,1,,0.0,
"I would get 12, 2 times 6 equals 12.  So this blue face is going to be 12.  And so my question then is how many of these blue faces will I need in order to get a full rectangular prism here?  Student A?",teacher,44,2,1.0,,0.0
[Inaudible].,student,1,0,,,
No.  Student S.,teacher,3,0,,,0.0
5.,student,1,0,,,
"I will need 5.  The third dimension.  Okay.  So there’s one, two, three, four, five, and they fit in there quite nice. Okay.  And there they are.  Then what would I get for the green?  What’s the size of the green, Student T?",teacher,43,1,,,0.0
The size of the green is [inaudible].,student,7,0,,,
"No, it’s not.  Student T.",teacher,5,0,0.0,,0.0
[Inaudible].,student,1,0,,,
No.,teacher,1,0,,,0.0
[Inaudible].,student,1,0,,,
No.  Student.,teacher,2,0,,,0.0
I’d say [23].,student,3,0,,,
Student B.,teacher,2,0,,,0.0
5 times 6 times 2.,student,5,0,,,
What’s the size of the green?  Yes.,teacher,7,0,0.0,,0.0
[Inaudible].,student,1,0,,,
Can anyone answer my question?  Student F.,teacher,7,0,,,0.0
30.,student,1,0,,,
"Thank you for paying attention, Student F.  Okay, so the size of the green is 30.  Now, how many 30s do I need in order to fill my rectangular prism?  Student A.",teacher,32,2,,,0.0
6.,student,1,0,,,
No.,teacher,1,0,,,0.0
[15?],student,1,0,,,
No.,teacher,1,0,,,0.0
[Inaudible].,student,1,0,,,
"2.  I need 2.  Now, next time we won’t start with algebra. Now, even though these numbers are in different orders, what do we get for the size of the rectangular prism [inaudible].  Student T?",teacher,35,2,,,0.0
You get [inaudible].,student,3,0,,,
No.,teacher,1,0,,,0.0
[Inaudible].,student,1,0,,,
No.,teacher,1,0,,,0.0
[Inaudible] together [inaudible].  You get 60.,student,6,0,,,
"I get 60.  What is 2 times 5?  What’s 10 times 6?  60, okay, so I would get 60 cubic units, okay.  What’s 2 times 6, Student A?",teacher,28,2,1.0,,0.0
12.,student,1,0,,,
12.  What’s 12 times 5?,teacher,5,0,,,0.0
60.,student,1,0,,,
"60.  So I would get 60 cubic units, okay.  What’s 5 times 6? Student?",teacher,14,2,,,0.0
30.,student,1,0,,,
"30, times 2 equals?",teacher,4,0,,,0.0
60.,student,1,0,,,
"60 cubic units, okay.  So the purpose of this lesson was to show you that even though previously we had been working only with the base, okay, and figuring out the size of the base by multiplying the two dimensions, I found out that my base is 30 because I multiplied 5 by 6.  Then because my height is 2, I need two [layers].  That’s the work you’ve done these past three days. But what I need you to see today is that if you want them to, you can figure out the front face, which happened to be 10 cubes and then use the C dimension to figure out how many of the front faces we need.  So we got 10, 20, 30, 40, 50, 60. Same size, okay.  See how they are the same exact size [inaudible] supposed to be [inaudible].  Okay. Or you could go using the blue face, it doesn’t matter.  And this time, [inaudible], I’d have 12 cubes in my front and I’d need 5 of them to get all the way across.  So in order to solve for volume, what is it that I have to do to solve for the volume of a three-dimensional shape?  Student.",teacher,203,11,,,0.0
Multiply [inaudible].,student,2,1,,,
Okay.  So I need to multiply all three dimensions together. Does it matter in what order I multiply those three dimensions?,teacher,21,4,,,1.0
No.,student,1,0,,,
"No, it doesn’t, okay.  If I have a rectangle that – or a rectangular prism that works like this or a rectangular prism that works like this, even though I built them differently and they look kinda differently because one has 10 and one has 12, do I still fit the same amount of cubes into the shape?",teacher,58,6,,,0.0
Mm-hmm.,student,1,0,,,
"Yes, I do.  Okay.  So I don’t just have to work with the base. I can use any of the faces, so long as I’m measuring using all the dimensions.  I multiply A times B times C to get the [inaudible] – in order to get the volume.  Okay. Everybody comfortable with that?  Yes, Student.",teacher,55,4,,,0.0
[Inaudible] green is the volume [inaudible]?,student,6,1,,,
So let’s just stop there.  The green is not the volume.,teacher,11,1,1.0,,0.0
I mean if the green is the bottom.,student,8,0,,0.0,
"The green is the base, yes.",teacher,6,0,1.0,,0.0
Then shouldn’t you have two green?,student,6,0,,,
"In this particular picture, yes, I need to have two greens, because in this particular picture the height is 2.  But what I was hoping that you would see is that over here, if I had A times B [in front], how many A times B do I need? What would I have to do?  Student.",teacher,56,0,1.0,,0.0
[Inaudible].  10.,student,2,0,,,
No.,teacher,1,0,,,0.0
6.,student,1,0,,,
No.,teacher,1,0,,,0.0
[Inaudible].,student,1,0,,,
No.,teacher,1,0,,,0.0
2.,student,1,0,,,
"Are you guys listening to each other.  So you’ve all just repeated the same answers over and over and over again and it’s all caught on film.  Are you sure you want to see this over again?  Okay.  That’s the variables.  If I have A times B as my front face, I would need it C times.  It happens to be 6 for this picture but I would need it C times. If I had A times C for this face, how many times would I need the A times C?  Yes.",teacher,92,1,,,0.0
B.,student,1,0,,,
"I would need it B times.  In this case, it happens to be 5, but if I don’t have any other way [inaudible] I have B rectangle, those rules would follow.  If I had B times C, how many B times Cs do I need?  Yes.",teacher,46,1,,,0.0
A.,student,1,0,,,
"A, A times.  And so if you look, now these equations look exactly like those equations except for the numbers have been replaced, okay.  And that’s all algebra is, we’re just creating rules that help us to understand for all patterns. So now hopefully you’ve seen, all I have to do is take those and multiply the three dimensions together.  If they give me a face, any one of the faces can work essentially as the base, okay.  Can I have a rectangular prism that has the blue side on the bottom?",teacher,92,6,,,0.0
Yes.,student,1,0,,,
"Yes, I could.  Could I have a rectangular prism that has a red side on the bottom?",teacher,17,2,,,0.0
Yes. Yes.,student,2,0,,,
And would it still have the same volume provided all the sides were still the same?,teacher,16,1,,,0.0
Yes.,student,1,0,,,
"Yes.  Okay, so that’s all this is saying.  That’s all that this is saying, is that regardless of how I position my particular rectangle, you just [inaudible] rectangular prism, you just multiply the three dimensions, yes.",teacher,36,5,,,0.0
"So, are you saying [inaudible]?",student,5,0,,,
"No, I’m saying if we would switch the base, okay.  If we look at the rectangular prism that we’ve been working with [inaudible] rectangular prism.  Okay, if we look at the rectangular prism that we’ve been working with, okay, this would be red, this would be blue, and that would be green. Now all of the sudden, down on the screen, this is different and this is [inaudible], okay.  Regardless of how I [inaudible] this particular shape, all I have to do is multiply this by this by that.  Okay, those three dimensions, they will give me the volume every time.  Yes, Student.  Huh?",teacher,104,9,1.0,,0.0
[Inaudible].,student,1,0,,,
"[Inaudible] do that at recess?  [Inaudible], I’ll see you at recess tomorrow.  Oh, no, wait, I won’t ‘cause I wont’ be here.  Go ahead.",teacher,24,0,,,0.0
[Inaudible].,student,1,0,,,
"[Inaudible] to do this.  Okay.  So right now, let’s take out our math books.  Open it up and take out 45 and 46.",teacher,23,0,,,0.0
[Inaudible].,student,1,0,,,
45 and 46.,teacher,3,0,,,0.0
[Inaudible].,student,1,0,,,
"Okay.  Now, on 45 and 46, could I get a volunteer to read [inaudible] out of the page, please.  Go ahead, Student F, loud and clear, please.",teacher,27,0,,,0.0
How many [inaudible].,student,3,0,,,
Determine.,teacher,1,0,,,0.0
Determine the answer [inaudible] then build a [inaudible] [boxes 2 and 3].  Also draw [inaudible].,student,15,0,,0.0,
"Okay.  I’m gonna actually ask that we don’t use the box.  I want to see if you guys can make the jump from using the boxes to being able to just work with the math.  So you’ve got two pictures there and then a little description at the bottom.  They want you to estimate, just like you [inaudible] the other day, to come up with your best guess based on what you see and based on what you know.  And then once you’ve estimated for all three, then [inaudible] for the actual answer.",teacher,93,2,1.0,,0.0
[Inaudible] the strategy using the [inaudible]?,student,6,0,,,
"Yes, you should totally do the strategies that you’ve been taught these past couple of days, okay.  So let’s make sure that we do that.  I will be going over there to work and how about any child that needs help, so if somebody wants to be responsible and go over to the side table, please, be responsible.  Yes.",teacher,59,0,1.0,,0.0
[Inaudible].,student,1,0,,,
"Yes, you can draw a picture if you want.  You two have to stay there because you can’t [inaudible].  Okay.  So Mrs. [Inaudible] will help you.  But anybody else, I’ll be right there.  [Inaudible].  Okay.",teacher,35,0,,,0.0
[Inaudible].,student,1,0,,,
[Inaudible].,teacher,1,0,,,0.0
[Inaudible].,student,1,0,,,
"So they want you to draw a picture there just like that, okay.",teacher,13,0,,,0.0
[Inaudible].,student,1,0,,,
"They want you to draw how this box would look if you were [inaudible].  Okay, so everyone let’s take a look at Page 45.  As Student F read to you in the directions that we all heard, you’re supposed to draw the picture if all they give you is the pattern.  You’re supposed to draw the pattern if they give you the picture.  Down here you’re supposed to draw the picture and the pattern.  Okay. So since you’re given the pattern, what would the box look like without a top.  Since you’re given the box, what would the pattern look like.  And then since you’re only given the description, what would the box and the pattern look like, okay.  And then on the backside, and you are responsible for the backside, and you don’t have to draw any pictures but you have to solve for that they actually [inaudible].",teacher,149,0,,,0.0
[Inaudible].,student,1,0,,,
"So what are the dimensions [inaudible] don’t go drawing yet, what are the [inaudible], write down an estimate for how big that box was.  Before you [inaudible] doing anything else, write down [inaudible], write down the estimate. [Inaudible] frustrated [inaudible].  [Inaudible]?  No, so [I don’t want you to go to the restroom] especially when [inaudible].  So [inaudible] you can.  [Inaudible].",teacher,60,3,,,0.0
"Mm-hmm, [inaudible]. [Inaudible].",student,3,0,,,
Sure.  [Inaudible].,teacher,2,0,,,0.0
[Inaudible].,student,1,0,,,
"Is that how we solve for [inaudible].  Remember, [inaudible] figure out the base.  All these are the base.  The base [inaudible].  The base is [inaudible].  [Inaudible] the base [inaudible] – how many layers does the base – based on that picture, how many layers does the base [inaudible]? There are two layers in the base, okay.  So how many total cubes [inaudible]?",teacher,62,2,,,0.0
[Inaudible].,student,1,0,,,
"If the base is 15 and there are two layers, how many total cubes are there [inaudible]?",teacher,17,2,,,0.0
[Inaudible].,student,1,0,,,
"[Inaudible] 30 so [inaudible].  So you have to put the answer as 30.  That was supposed to be your estimate.  The actual [inaudible] okay.  Now, what are the three dimensions? [Inaudible] size of the base, what are the three dimensions [inaudible]?",teacher,41,3,,,0.0
[Inaudible].,student,1,0,,,
"Yes, one, 3 is one of them.  Can you find 3?  [Inaudible] one. Yes, [inaudible] write 3 right across from where you just solved it, okay.  [Inaudible] dimension [inaudible].  No, we haven’t talked about 3, what’s another dimension that you see on this page?",teacher,44,2,,,0.0
[Inaudible].,student,1,0,,,
"I see 5, so let’s [inaudible] that 5.  [Excellent], now, okay, and then what is the [inaudible] – and then what is the third dimension that you see [inaudible] said 3.",teacher,31,1,,,0.0
[Inaudible].,student,1,0,,,
"2, where is 2?  The up and down, good, that’s how we [inaudible].  So the 3 times the 5 is what makes the base. [Inaudible] that’s – these sides [get folded] up.  Here is your base, okay.  Your base so 3 times 5.  [Inaudible] are going to [inaudible].",teacher,48,0,,,0.0
[Inaudible].,student,1,0,,,
"[Inaudible].  Okay, so Student R is a little confused.  Can we all see if we can help Student R out?  [Inaudible]. Student R just said [inaudible] the [inaudible] 2, 19 and 3 and 5 and 10 [inaudible].  Okay.  [Inaudible].",teacher,39,0,,,0.0
[Inaudible].,student,1,0,,,
[Inaudible] 15.,teacher,2,0,,,0.0
[Inaudible].,student,1,0,,,
[Inaudible] 5 right there and the 3 right there equals the base.  That equals the size of the [face].  Where does she get the 10?,teacher,25,0,,,0.0
[Inaudible].,student,1,0,,,
"Right, the [inaudible] is 10 [inaudible] face [inaudible] base 15.  The side face is 10.  So those are dimensions.  You get those by multiplying two dimensions.  So the three dimensions are 2, 3 and 5, okay.  So like what you’d seen before, Student R, 2 times 5 times 3, this is where you get the 10.  Okay, it’s not [inaudible] dimension [inaudible].",teacher,62,5,,,0.0
[Inaudible].,student,1,0,,,
"Right.  Okay, so I’m – it’s the size of the base, okay.  We always leave this one [inaudible], okay, 5 right here times the 3, right there, that gives you the size of the base. And then how many of those bases do you need?  2, and you know that because [inaudible].  Okay.  [Inaudible], okay. So the 15 and 10 are not dimensions, they’re the size of the rectangular faces of [inaudible].  Does that make sense?",teacher,76,2,,,0.0
[Inaudible].,student,1,0,,,
"[Inaudible], we appreciate you waiting [inaudible].  Okay.  2, 3 and 5, okay.  Let’s see who can draw the picture [inaudible].  What was this particular – yeah, what would that rectangular prism look like [inaudible] to draw it like that.  It has to be three [dimensions].",teacher,45,3,,,0.0
[Inaudible].,student,1,0,,,
See if you can do a three dimension on paper.  I’m not very concerned about that one.  [Inaudible].  So you want to [inaudible].  So when you draw – draw your rectangular base.  Draw your rectangular face.  [Inaudible].,teacher,37,3,,,0.0
[Inaudible].,student,1,0,,,
[Inaudible].,teacher,1,0,,,0.0
[Inaudible].,student,1,0,,,
[Inaudible].  What [inaudible]?,teacher,3,0,,,0.0
[Inaudible].,student,1,0,,,
5 is actually going to be this.,teacher,7,0,,,0.0
[Inaudible].,student,1,0,,,
And this is 2 and this is 5.,teacher,8,0,,,0.0
[Inaudible] is 3.,student,3,0,,,
"Okay, so [inaudible].",teacher,3,0,,,0.0
[Inaudible].,student,1,0,,,
[Inaudible].  [Inaudible] solve for that [inaudible].  Okay.,teacher,7,0,,,0.0
[Inaudible].,student,1,0,,,
That looks okay.,teacher,3,0,,,0.0
No it isn’t.,student,3,0,,,
"It’s okay.  Listen, do you spend a lot of time drawing three dimensional shapes?  No, okay.  Some of us might, so [inaudible] no one [inaudible] concerned about that.  So let’s move on to box 2.  Let’s move on to box 2.",teacher,41,1,,,0.0
[Inaudible].,student,1,0,,,
[Inaudible].  [Inaudible] has students in her room and she is not here.,teacher,12,0,,,0.0
[Inaudible].,student,1,0,,,
"[Inaudible].  So, [inaudible].",teacher,3,0,,,0.0
[Inaudible].,student,1,0,,,
"[Inaudible] very responsible and I’m very [proud], very pleased, thank you for doing [inaudible].  [Inaudible]. Okay, so finding the dimensions [inaudible].  What is [inaudible]?",teacher,24,1,,,0.0
12.,student,1,0,,,
"Well, that’s [inaudible] face equals 6, but that’s not a dimension, okay.  What’s one of the dimensions?",teacher,17,2,,,0.0
[Inaudible].,student,1,0,,,
Yeah.  I just need [inaudible].  Can you show me [inaudible]?,teacher,10,0,,,0.0
I got [2].,student,3,0,,,
Okay.,teacher,1,0,,,0.0
[Inaudible].,student,1,0,,,
And?,teacher,1,0,,,1.0
3.,student,1,0,,,
"And 3, okay, so my three dimensions are 2, 4 and 3.  So what is the volume of the shape [inaudible]?",teacher,21,2,,,0.0
[Inaudible].,student,1,0,,,
"Yes, you got to multiply them.  So what do you get when you multiply them?",teacher,15,2,,,0.0
[Inaudible]. [Inaudible].,student,2,0,,,
"Okay.  Okay.  [Inaudible] once you know that, [inaudible].  So –.  Okay, so let’s find out.  [Inaudible] dimensions of this shape?",teacher,20,1,,,1.0
[Inaudible]. [Inaudible].,student,2,0,,,
"Okay, so 8 is the size of the face, 6 is the size of the [face].  We get the size of the faces by multiplying the dimensions.  What are those dimensions [inaudible]?",teacher,32,3,,,0.0
[Inaudible].,student,1,0,,,
So where is the 4?,teacher,5,0,,,0.0
[Inaudible].,student,1,0,,,
"In the picture [inaudible], where is the 4?  [Inaudible]. Okay.  Where is the 2?  Do you actually see it or [inaudible]?",teacher,21,0,,,0.0
[Inaudible].,student,1,0,,,
"[Inaudible].  Okay, and where is the 3?",teacher,7,0,,,0.0
[Inaudible].,student,1,0,,,
"[Inaudible], okay.  So you have [inaudible], okay.  So we have got what?  What are three dimensions?",teacher,16,1,,,0.0
4.,student,1,0,,,
4.,teacher,1,0,,,0.0
[Inaudible].,student,1,0,,,
4 by 2 by?,teacher,4,0,,,0.0
[Inaudible].,student,1,0,,,
"Okay, so what’s [inaudible]?  It is 24.  You [inaudible].",teacher,9,0,,,0.0
[Inaudible] I didn’t know that –.,student,6,0,,,
"We’ll talk about that in a minute.  [Inaudible].  Okay.  So what’s the area – or excuse me, what’s the volume of box 3?",teacher,23,2,1.0,,0.0
[Inaudible]. [Inaudible] the volume of –.,student,6,1,,,
"No, box 3, not box 2, box 3.",teacher,8,0,0.0,,0.0
[Inaudible] the dimensions?,student,3,1,,,
"The dimensions are right there.  It says the [bottom] of the box is 4 units by 5 units.  [Inaudible], so what’s the volume?  [Inaudible] what’s the volume?",teacher,27,5,,,0.0
[Inaudible].,student,1,0,,,
"[Inaudible] and then take another couple of minutes to see if you can draw the pictures.  And then on the [inaudible] where it’s got [inaudible].  Okay, so let’s take a second. [Inaudible] different answer than [inaudible].  Okay, [inaudible]. Okay, so first of all [inaudible] volume [inaudible].",teacher,46,1,,,0.0
[Inaudible].,student,1,0,,,
"Multiply [inaudible], okay, can you see if you can find all the dimensions.  Okay, [inaudible].",teacher,15,2,,,0.0
[Inaudible] says [inaudible].,student,3,0,,,
"Wait until you [inaudible].  [Inaudible] write it there.  Okay. [Inaudible] the height is [inaudible].  What is another dimension?  Okay.  And how many is that?  4.  Then where is the third [inaudible].  [Inaudible], okay.  So you said multiply [inaudible].",teacher,38,2,,,0.0
[Inaudible] [4 times] [inaudible].,student,4,0,,,
"Okay, so you gave us the size of the base, the size of the base is [12], but [inaudible] the height is 2 [inaudible] needed two layers [inaudible].  Right, [inaudible] two dimensions [inaudible].",teacher,33,1,,,0.0
[Inaudible].,student,1,0,,,
"Yes, so what I want you to see, and this is part of the conversation that we started to have earlier, is you could also multiply this [inaudible] 2 times 4.  How many of those would [inaudible]?",teacher,37,1,,,0.0
Times 4.,student,2,0,,,
"There is [inaudible], yes, the answer is right there on the page.",teacher,12,0,,,0.0
[Inaudible].,student,1,0,,,
"[Inaudible] front face, how many would I need?",teacher,8,0,,,0.0
"Oh, 3.",student,2,0,,,
"I would need 3 [inaudible].  If I used this, how many of those would I need?  I would need 4, okay.  So it doesn’t matter where you multiply them, so long as you multiply [inaudible] together, okay.  Because any one of those sides can function as the base.  [Inaudible].",teacher,49,2,,,0.0
[Inaudible] the answer [inaudible].,student,4,0,,,
[Inaudible].,teacher,1,0,,,0.0
[Inaudible].,student,1,0,,,
What do we call those things that [inaudible]?,teacher,8,0,,,0.0
[Inaudible].,student,1,0,,,
Okay.  So [inaudible] all [inaudible]?,teacher,5,0,,,0.0
You multiple [inaudible] [6 times 3] [inaudible].,student,7,1,,,
"Okay, so all the factors are 12 and they’re also – and they’re also factors of [inaudible].  Okay, so all the factors of 12, are they also factors of all the [inaudible].  Okay. Then later on [inaudible] for each [inaudible] can you find another box that will hold the same number of cubes, and so that [inaudible].  Okay, so that’s what we saw the other day, there is a variety of ways, right, variety of ways [inaudible].  But that [inaudible], that’s [inaudible] rule that you need to know.",teacher,88,5,1.0,,0.0
[Inaudible].,student,1,0,,,
You guys [inaudible] of the pictures and then I’m coming and we’re going to the back table.,teacher,17,0,,,0.0
[Inaudible] dimension [inaudible].,student,3,1,,,
"Okay.  Now, it looks like both of you guys are in a very good spot.  It looks like both of you have come up with the right answers, okay.  This last problem is a challenge, though.  It says for each problem, you would find by the boxes there were all the same number of cubes.  You were right to say that yes, you will just have [inaudible] sides, but there are a variety of ways that we can do it, okay.  Think about the work that we had done on Friday. [Inaudible] what?",teacher,93,1,,,0.0
"[Inaudible] never had to do, like, you know, I was [inaudible]. So [inaudible] what exactly [inaudible] because [inaudible], and now [inaudible] –.",student,22,0,,0.0,
"8 times 6, okay, well, what would be the third dimension, then?",teacher,12,1,0.0,,0.0
[Inaudible].,student,1,0,,,
[Inaudible] needs to be [inaudible].  [Inaudible].  Okay.,teacher,7,0,,,0.0
[Inaudible].,student,1,0,,,
"Right, okay, well, no, no, no, no, no, 3 times 2 times 8, you’re using different dimensions.  Do you see what you’re doing, Student T?  So here, he’s got 6 times 4 times 2.  He also just told me that he can do 3 times 2 times 8.  What is 3 times 2?",teacher,53,1,,,0.0
6.,student,1,0,,,
What’s 6 times 8?,teacher,4,0,,,0.0
[48].,student,1,0,,,
This would be a different rectangle than what you have right there.  It’s [inaudible] rectangular prism that we find there.,teacher,20,3,,,0.0
[Inaudible].,student,1,0,,,
"No, you can, and this is what they’re asking you to do.  What you’ve just done is change this up a little bit.  You’ve seen [inaudible] and you multiplied these two numbers together, you get 48 and then that’s a new one.  What other numbers could you do that multiply out to be 48?",teacher,54,2,,,1.0
You could do 12 times 2 times 2 [inaudible].,student,9,0,,1.0,
"12 times 2 times 2.  Those dimensions would work and you’d have a really long and skinny base and it [would be too high], right.  Your base would be 12 times 2 [inaudible].  Okay, which would be different than your base of being like 3 times 2 is 6 and 8 [height].  Okay.  So that’s what it’s asking you to do is to find more ways to build a rectangular prism that would hold the same amount of cubes. Just take a guess, see if you can find those more ways.  I know how much you love extra [work in math].  You can do a variety of [this].  We solved for a couple of rectangular prisms the other day, when we ran out a whole bunch of options.  There are a bunch of options for using those numbers.  Okay.  [Inaudible].",teacher,140,8,1.0,,0.0
[Inaudible].,student,1,0,,,
"Okay, look at all the [boxes] you guys [inaudible].",teacher,9,0,,,0.0
[Inaudible] 2 times 3 [inaudible].,student,5,0,,,
"Okay, [inaudible].  The answer would be [inaudible].  This is [inaudible] [you’ve solved] this.  Your base is 12 and then what?",teacher,20,0,1.0,,0.0
[Inaudible].,student,1,0,,,
"We got three more minutes.  Three layers, okay, so that one there has to use [inaudible].  See, 4 times 3 is your base and then [inaudible].  Okay, down here, what is it asking you to do?",teacher,36,0,,,0.0
[Inaudible].,student,1,0,,,
[Inaudible].  Okay.  So –.,teacher,4,0,,,0.0
[26].,student,1,0,,,
[Inaudible].  So you [may need] more than those [inaudible]. So how many boxes [inaudible]?,teacher,14,0,,,0.0
[Inaudible].,student,1,0,,,
4 times 3.  How many layers of that will you need [inaudible]?,teacher,12,0,,,0.0
[Inaudible].,student,1,0,,,
[Inaudible].,teacher,1,0,,,0.0
[Inaudible].,student,1,0,,,
"Okay, so how many [inaudible]?",teacher,5,0,,,0.0
[Inaudible].,student,1,0,,,
"How many cubes would that be?  This is a rectangle, how do we solve [inaudible]?",teacher,15,2,,,0.0
[Inaudible].,student,1,0,,,
We don’t have [inaudible].  How do we solve for [inaudible]?,teacher,10,0,,,0.0
"Oh, Teacher, [inaudible].",student,3,0,,,
"One second, one second [inaudible].",teacher,5,0,,,0.0
[Inaudible] all of the sudden [inaudible].,student,6,0,,,
[Inaudible].,teacher,1,0,1.0,,0.0
[Inaudible].,student,1,0,,,
"[Inaudible].  So that’s not [inaudible], okay.  This [inaudible] and this [total] is 48 cubes and this total is [45] cubes and this total is 36 cubes, okay.  This is asking you are there other rectangles that you could build where if this [inaudible] that would give you 48 total [inaudible].  [Inaudible].",teacher,51,8,,,0.0
[Inaudible].,student,1,0,,,
"No, this is more than [inaudible].  There’s a whole bunch [inaudible].  [Crosstalk and inaudible.]  So now, [inaudible] do [inaudible].",teacher,19,1,,,0.0
"So, [inaudible] it’s how many boxes?",student,6,0,,,
"Yeah, how many [inaudible].  Aha, good, somebody [inaudible] these things.  How many [inaudible] would be to get to 45? How many [layers of 9s] you would need.",teacher,27,0,1.0,,0.0
[Inaudible].,student,1,0,,,
[Inaudible] strategies [inaudible] multiply [inaudible].,teacher,5,1,,,0.0
[Inaudible].,student,1,0,,,
"Okay, well, [inaudible].",teacher,3,0,,,0.0
[Inaudible].,student,1,0,,,
[Inaudible].,teacher,1,0,,,0.0
[Inaudible].,student,1,0,,,
"Okay, well, [inaudible] you have to do in order to solve for this volume [inaudible].  What do you have to do to solve for the volume [inaudible]?  [Inaudible] just go over [inaudible].",teacher,32,2,,,0.0
[Inaudible].,student,1,0,,,
"No, no, no, [inaudible].  Hey, it’s way too loud over there. No, I don’t [inaudible] pictures, what do I have to do to solve for volume?",teacher,26,1,,,0.0
[Inaudible].,student,1,0,,,
"Okay, so where [is the 2], show me [inaudible].",teacher,9,0,,,0.0
Here.,student,1,0,,,
"Okay, so this dimension right there is 2.  [Inaudible].",teacher,9,1,,,0.0
[Inaudible].,student,1,0,,,
"[Inaudible], yeah, [inaudible].  And [it wants] the third dimension.",teacher,9,1,,,0.0
[Inaudible].,student,1,0,,,
[2] right.,teacher,2,0,,,0.0
[Inaudible].,student,1,0,,,
"[Inaudible] 3, right there.  What other side [inaudible]? There’s one more way [inaudible].",teacher,13,0,,,0.0
[Inaudible].,student,1,0,,,
[Inaudible] right there.  [Inaudible].,teacher,4,0,,,0.0
[Inaudible].,student,1,0,,,
Huh?,teacher,1,0,,,0.0
[Inaudible].,student,1,0,,,
"[Inaudible].  Okay, now [inaudible] volume [inaudible].",teacher,6,1,,,0.0
[Inaudible].,student,1,0,,,
What do you do with those dimensions?,teacher,7,1,,,1.0
[Inaudible].,student,1,0,,,
"Room 36, what do you do with the three dimensions to solve the problem?  You shouldn’t be done yet.  There is no way that you solved for all possible ways.  There is no way. Student R.",teacher,36,1,,,1.0
Multiple [inaudible].,student,2,1,,,
No.  Student S.,teacher,3,0,,,0.0
You put – multiply [inaudible].,student,5,1,,,
You multiply all dimensions.,teacher,4,2,1.0,,0.0
[Inaudible].,student,1,0,,,
That’s not what you said.,teacher,5,0,,,0.0
[Inaudible].,student,1,0,,,
You changed your mind [inaudible].,teacher,5,0,,,0.0
[Inaudible].,student,1,0,,,
I [inaudible].,teacher,2,0,,,0.0
[Inaudible].,student,1,0,,,
"[Inaudible].  Can I actually get everyone back to their desk, please.",teacher,11,0,,,0.0
[Crosstalk and inaudible.],student,3,0,,,
[Inaudible] [tomorrow].,teacher,2,0,,,0.0
[Inaudible].,student,1,0,,,
"[Inaudible] no, they have to stay, they can’t [inaudible]. [Inaudible].  Okay.  Now, let’s say I got my face – do you remember this exercise that we did on Monday, Friday? Remember?  I’ve got my base.  Student T.  Okay, I’ve got my base.  I have also got the total number of cubes [inaudible].  Okay.  And that total number of cubes, I get by multiplying three dimensions.  If this is my base, what part am I missing?  What dimension am I missing?",teacher,80,7,,,0.0
[Inaudible] the side. [Inaudible].,student,4,0,,,
[Inaudible].,teacher,1,0,,,0.0
You [inaudible].,student,2,0,,,
[Inaudible].,teacher,1,0,,,0.0
"Oh, you [inaudible] faces. [Inaudible] the side.",student,7,0,,,
"Okay, I need a missing number, [right].  I need the height, okay.  So I don’t know that yet.  Let’s say that I’ve got [inaudible], I’ve got a total of 28 cubes, what could my base be?  What could the base be?  Yes.",teacher,42,2,1.0,,0.0
[Inaudible] the base could be 14.,student,6,0,,,
"My base could be 14.  Now, if my base is 14, how many layers of 14 do I need to get 28 cubes?  Student A.",teacher,25,1,1.0,,0.0
2.,student,1,0,,,
"I need 2 layers.  Now, here is where the fun [inaudible], okay. This is not a dimension, this is the size of the rectangular base.  This is how many cubes there are on the bottom.  What could be my dimensions for this particular problem? Yes.",teacher,45,4,,,0.0
[Inaudible] 7.,student,2,0,,,
7 times what?,teacher,3,0,,,0.0
7 times 2.,student,3,0,,,
7 times 2.  So one side [inaudible] could be 7 and one side could be 2.  And then it’s still gonna be 2 [high].  It’s still gonna be 2 high.  Or what else could that be?  What else could be the dimensions of the base?,teacher,45,1,,,1.0
6?,student,1,0,,,
No.,teacher,1,0,,,0.0
It could be 14 times 1.,student,6,0,,,
It could be 14 times 1.  And then we still need for it to be 2 high.  Questions?,teacher,18,0,1.0,,0.0
Or it could even be 6 times 2.,student,8,0,,0.0,
Does 6 times 2 equal 14?,teacher,6,0,1.0,,0.0
It equals 12 [inaudible].,student,4,0,,,
"No, 6 times 2 plus 2 equals 14, but that’s not how it works. So you have this great point over there, Student R., where you said [inaudible].  Student G has this lovely point over there where he said [practice], okay.  And she had said let’s not do 28, let’s say it’s 24 total cubes.  What could be my base?  Just give me one example of a base.  There’s a variety of them, but what could be my base?  Student T.",teacher,81,2,,,0.0
Your base can be 6 times 2.,student,7,0,,,
Equals what?,teacher,2,0,0.0,,0.0
6 times 2 equals 12.,student,5,0,,,
"Okay, so my base could be 12.  If my base is 12, that means that there are 12 in here, 12 cubes right in there.  If my base is 12, how many layers of 12 do I need?  [Inaudible]",teacher,39,1,1.0,,0.0
2.,student,1,0,,,
"I would need 2.  Now, here is where it gets fun.  This 12 is – we get to 12 by multiplying two dimensions, what could those two dimensions be?",teacher,29,3,,,1.0
6 by 2.,student,3,0,,,
"I could have 6 by 2 by 2 again, equals 24.  What else could I have?",teacher,16,0,,,1.0
You could have 2 times 2.,student,6,0,,,
No.,teacher,1,0,0.0,,0.0
You could have 3 times 2.,student,6,0,,,
Does that equal 12?,teacher,4,0,0.0,,0.0
No.,student,1,0,,,
No.,teacher,1,0,,,0.0
Or you could have 3 times – 3 times – 3 times [inaudible].,student,13,0,,1.0,
"[Inaudible] Student R, 3 times what equals 12?",teacher,8,0,1.0,,0.0
[Inaudible].,student,1,0,,,
Yes.,teacher,1,0,,,0.0
3 times 4.,student,3,0,,,
"3 times 4, okay.  So these bases are different but I would still need two layers of them.  There is one more way to do it.",teacher,26,0,,,0.0
You could do 4 times 3 times [2].,student,8,0,,1.0,
"Yeah, I could turn – that’s right, you could turn them both, that would fine, or –.",teacher,17,0,0.0,,0.0
You can do 12 times 1.,student,6,0,,,
"12 times 1 or 1 times 12, okay.  And then I would still need two layers.  [Inaudible], okay, I would still need two layers.  So on half those problems on that particular worksheet, you had the option to come up with a whole variety of different equations that would work.  This is only some of the equations that would work for 24.  It’s only some.  Because then what happens is, I could get a new base.  What would be a new base that would work for 24?",teacher,87,3,1.0,,0.0
6.,student,1,0,,,
6 would be the base that would work for 24.  How many layers of 6 would I need in order to have 24?,teacher,23,0,,,0.0
4.,student,1,0,,,
"4.  Okay.  How could I use 6, what are my two dimensions that would give me 6 as my base?",teacher,20,1,,,1.0
2.,student,1,0,,,
Times?,teacher,1,0,,,0.0
[Inaudible].,student,1,0,,,
No.,teacher,1,0,,,0.0
"Oh, [2 times 3].",student,4,0,,,
"3 times 2 [is gonna be] 6 and then I would need 4 layers. You’re gonna need a few ‘cause you’re wanting to get to 24 right away.  All we’re doing is getting the base.  We’re thinking this is the dimensions of the base [number]. That’s the base.  How many of those do I need?  4, I would need 4.  What’s another base that I could have – or, excuse me, what’s another set of dimensions that would give me 6? Student S.",teacher,83,2,,,0.0
1 times 6 or 6 times 1.,student,7,0,,,
1 times 6 or 6 times 1.,teacher,7,0,1.0,,0.0
Times 4.,student,2,0,,,
"And then I would still need 4 [inaudible].  Okay, good.  So that’s a base, this is a base, this tells me I need two layers of 12, this tells me I need four layers of 6.  All of these would work.  And as Student F just pointed out, it could be 1 times 6 or 6 times 1, 3 times 2 or 2 times 3. Okay.  What’s another base that I could use for this particular problem?  Student F?",teacher,79,0,,,0.0
4.,student,1,0,,,
I could use 4.,teacher,4,0,,,0.0
[Inaudible] 2 times 3 times 6.,student,6,0,,,
"And then I would need six layers.  So I could do 2 times 2 would give me 4 times 6, or I could do what else?  Yes.",teacher,27,0,1.0,,0.0
1 times 4.,student,3,0,,,
1 times 4.,teacher,3,0,,,0.0
Times 6,student,2,0,,,
"Times 6 again, okay.  Look at all those factors, isn’t that great how all those factors work.  Now, what’s another base that I could use?  Student?",teacher,26,2,,,1.0
[50].,student,1,0,,,
"Does 50 work for 24, Student?",teacher,6,0,,,0.0
No.,student,1,0,,,
"Think on it, I’ll get back to you.",teacher,8,0,,,0.0
2.,student,1,0,,,
"2, I could’ve used 2.  Okay, what would be my only dimensions for 2?",teacher,14,1,,,0.0
2 times – 2 times 5.,student,6,0,,,
No.,teacher,1,0,0.0,,0.0
[Inaudible].,student,1,0,,,
No.,teacher,1,0,,,0.0
[Inaudible].,student,1,0,,,
No.  2 times 1 and how many layers of 2 would I need in order to have 24 total cubes?,teacher,20,2,,,0.0
12.,student,1,0,,,
"12.  Okay.  Good.  Anybody else got another base?  So I’ve got a base of 12, a base of 6, a base of 4, a base of 2, anybody else?  Yeah.",teacher,30,4,,,1.0
3.,student,1,0,,,
"[Inaudible], okay.  And there my option would be 3 times 1 and how many [inaudible] do I need?  How many layers of 3 do I need?",teacher,26,0,,,0.0
8?,student,1,0,,,
"8, okay.  Or what else could I use for a base?",teacher,11,0,,,1.0
"8, 8 times 1 times 3.",student,6,0,,,
"I could use 8, and then I would need three layers.  So I could do 1 times 8 times 3, or I could do –?",teacher,25,0,1.0,,0.0
"2, 4 times 2 [inaudible].",student,5,0,,,
4 times 2 times 3.  Are there any other dimensions that I could possibly use?  Student A.,teacher,17,1,1.0,,0.0
[Inaudible].,student,1,0,,,
[Inaudible] dimension?,teacher,2,1,,,0.0
[I did.],student,2,0,,,
"[No, you didn’t.]",teacher,3,0,,,0.0
[Inaudible].  All of the factors [inaudible].,student,6,1,,,
Say that louder so that the microphone can hear you.,teacher,10,0,0.0,,0.0
All of the factors [inaudible].,student,5,1,,,
All of the factors of what?,teacher,6,1,1.0,,0.0
24.,student,1,0,,,
"24, can work for what?",teacher,5,0,,,0.0
[Inaudible].,student,1,0,,,
Work for 24.,teacher,3,0,,,0.0
"Yeah, [inaudible].",student,2,0,,,
"Okay.  So all of these factors, every single number that’s out here is a factor of 24, every single one of them.  They are all factors of 24 here.  And so here I use them – this factor of 24 could be a base, this factor of 24 could be a base, this factor of 24 could be a base, or that one or this one or that one, or what are the only other factors that we don’t have up there yet?",teacher,83,3,,,0.0
24.,student,1,0,,,
And?,teacher,1,0,,,1.0
1.,student,1,0,,,
"24 and 1.  Okay.  So all of those factors could be bases.  If I had a base of 1, how many layers of 1 would I need?",teacher,27,2,,,0.0
"25, no, 24.",student,3,0,,,
"24.  Okay.  And with 24 there is a whole variety.  Now, that’s a truth, that’s a fact that I wanted you to get to.  That whole exercise in algebra before was in part to get you to see that these numbers [inaudible] around in order, in any way, will get you to the volume of an object.  So here we are realizing, yet again, that all of the factors of 24, or all the factors of our total volume can be used to build that particular rectangular prism. So here are the challenge problems.  It says for each problem can you find other boxes that will hold the same number of cubes?  The answer is yes, and there is a whole variety of them [inaudible].  So tonight when you do them for homework, then you’ll be able to showcase just how – one second, you’re gonna be able to showcase just how many ways there possibly are.",teacher,157,11,,,0.0
