text,speaker,talktime_words,math_density,uptake,student_reasoning,focusing_questions
Okay.   How many people are wearing gray out of these four people?  How many people are wearing gray?  Student G?,teacher,20,0,,,0.0
One.,student,1,0,,,
Only one.  So what fraction of this group is wearing gray? What fraction of this group is wearing gray?  Student J?,teacher,21,2,,,0.0
One fourth.,student,2,0,,,
One fourth.  One out of –,teacher,6,0,,,0.0
Four.,student,1,0,,,
Okay.  So this is much different than what we did with the rectangles ‘cause we were just kind of cutting rectangles into four equal pieces and shading in one.  Whereas this is looking at a group of things.  So we could – these are – what are these?  We call these things up here?  What?,teacher,55,2,,,0.0
People.,student,1,0,,,
"People.  Students.  Kids.  Okay?  So, we can look at – thank you, guys.  Have a seat.   So, we can look at lots of different things and break them into fractional groups.  So that’s what we’re gonna be doing today.  Fractions of a group. So, I have one problem on the board for us to do together.  I have another one to do together and then you actually have two pages in your math book that you’re gonna work on independently and we’re gonna do a lot of this today just to get really good practice.  Yesterday, member when you cut out – do you remember when you cut out the four-by-six rectangles?",teacher,112,3,,,0.0
Yes.,multiple students,1,0,,,
"You cut out four of them and you put them into your notebook and you wrote one, two, three, four, five six?",teacher,22,0,,,0.0
Yes.,multiple students,1,0,,,
That’s for us to take notes at the end of the period.  Okay? We’re gonna take notes on what we did.  Does this look like what you did yesterday?,teacher,29,0,,,0.0
Yeah.,student,1,0,,,
"Yeah.  So we’re all gonna take notes together and we’ll put them up here, too.  Okay?  So this is our first problem of the day.  We’re gonna connect what we’ve been doing here and move into talking about groups of things.  So, can we read this together?  Together.  Thank you for volunteering but we’re gonna read it together, okay?",teacher,59,0,,,0.0
I have 24 oranges.  One fourth of the oranges are for Mr. D.  How many oranges will he get?,multiple students,19,0,,0.0,
"Now, does the problem tell me how many oranges Mr. D will get?",teacher,13,0,1.0,,0.0
No.,multiple students,1,0,,,
"No.  But what does it tell me?  What does it tell me, Student N?",teacher,14,0,,,1.0
That you have 24 oranges and you’re gonna give one fourth to Mr. D.,student,14,0,,0.0,
"Okay.  So it does tell me how many I start with and it does tell me what fraction of 24 I’m going to give to him.  So, right now, every single three, three, three – I don’t know what you are doing but it needs to end.  Three, three, two and two, okay?  You each have a bowl.  How many tiles do you think there are in this bowl?  Student E?",teacher,71,1,1.0,,1.0
24.,student,1,0,,,
"24.  So pretend that these are oranges.  If you have green tiles, then those are really rotten oranges.   But pretend for now that these little tiles are your oranges.  You have 24.  Can you show me in your small groups how much Dr. Donovan will get?  Show me the one fourth that Mr. D will get.  Go ahead and do that now.  When your group is ready, just go like this.  So that I know we can talk about it.",teacher,80,0,,,0.0
[Inaudible] so we [Inaudible].,student,4,0,,,
Okay.,teacher,1,0,,,0.0
So we see like one fourth [Inaudible] to the bottom.,student,10,0,,0.0,
Yep.,teacher,1,0,0.0,,0.0
[Inaudible] like one fourth of 24.,student,6,0,,,
Okay.,teacher,1,0,0.0,,0.0
So you see that four right there?,student,7,0,,,
Yep.,teacher,1,0,1.0,,0.0
Four times six is 24 and so then [Inaudible] six pieces.,student,11,0,,0.0,
So you already know that?,teacher,5,0,0.0,,0.0
Yeah.,student,1,0,,,
"So can you show it to me with the tiles?  That’s actually what we’re gonna move towards, Michael.  Got it?  So you’re working as a team.  So, how are you gonna show it as one team?   That’s why it put it here so you can all reach her desk.",teacher,49,0,,,1.0
"This one over here, this one over here.",student,8,0,,0.0,
So what’s the first thing you’re gonna do to show this?,teacher,11,0,0.0,,0.0
We’re gonna make a square that has 24.,student,8,1,,0.0,
Okay.,teacher,1,0,0.0,,0.0
Then we’re gonna like try to make a shape and separate one of them so the third or the fourth [Inaudible].,student,21,0,,0.0,
Okay.  So you have 24 tiles and you’re going to make it into a rectangle?  Okay.  Kind of like the rectangles we’ve been using?,teacher,24,2,1.0,,0.0
Yes.,student,1,0,,,
So what will the dimensions of the rectangle be?,teacher,9,2,,,0.0
They’ll be six by four.,student,5,0,,,
"Six by four?  Okay.  So, you’re gonna make a six by four.  And then what are you gonna do with the six by four?",teacher,24,0,1.0,,0.0
We’re gonna –,student,3,0,,,
Can somebody other than Student K tell me?  What are you gonna do once you make a six by four?,teacher,20,0,,,0.0
I think we’re gonna split it.,student,6,0,,,
Split it up into how many pieces?,teacher,7,0,1.0,,0.0
One fourth.,student,2,0,,,
How many equal pieces?,teacher,4,0,,,0.0
I know.,student,2,0,,,
Okay.,teacher,1,0,,,0.0
24.,student,1,0,,,
There’s 24 tiles in here so you’re gonna split it up back into 24 equal tiles?,teacher,16,0,,,0.0
No.,student,1,0,,,
You want to take a guess?  How much is Mr. D supposed to get?,teacher,14,0,,,0.0
One fourth.,student,2,0,,,
One fourth.  So how many groups do I need to make out of this 24?  How many equal groups do I need to split it into?   So it is in one equal group.  It is in one equal group right now.  This is one group of 24.  But he’s supposed to get one fourth of that?  So how many groups do I need to make from that?,teacher,67,3,,,0.0
Four?,student,1,0,,,
Four equal groups because we’re breaking it into four.  That’s very good.  I didn’t say groups of four.  I said four equal groups.  Not right now.  We’re not doing that right now. You’re supposed to be working with them and right now what I see is not earning you a class work point.,teacher,53,2,,,0.0
But I was trying to keep –,student,7,0,,,
So what I see is I see groups of four.  Mr. D is supposed to get one out of four groups.,teacher,21,0,0.0,,0.0
[Inaudible],multiple students,1,0,,,
So he gets one?  But did you make four equal groups?,teacher,11,1,,,0.0
"No, we made six.",student,4,0,,,
"You made six.  Ah, good point.  You made six equal groups.  So this is one – stop for a second.  This is one what?",teacher,24,1,,,0.0
One fourth.,student,2,0,,,
You just told me you made six equal groups.  So how is this one fourth?,teacher,15,1,,,0.0
One sixth?,student,2,0,,,
"One sixth because it’s one out of six equal groups that you made.  So, how many equal groups do you need to make to work with this problem?",teacher,28,2,,,0.0
Three more.,student,2,0,,,
"You have 24 tiles total.  Okay?  So I was noticing they’re in little squares.  Did you make an array first?  A rectangle? Oh, you didn’t do that.  Okay.  So then how did you know how many to put in each group?",teacher,41,4,,,1.0
She came up with a plan.,student,6,0,,,
"Okay.  And your plan was to put four in each group?  So what does the denominator mean, Student C?  We keep saying this thing, “One out of four what?”",teacher,29,1,0.0,,1.0
Four is the –,student,4,0,,,
Okay.  Let me ask you this ‘cause this is what we’ve been saying all week.  One fourth means what?  What does one fourth mean?,teacher,24,0,,,1.0
Like four squares in a shape.,student,6,1,,,
"No, no, no.  What is that phrase we keep using?  One fourth means –",teacher,14,0,0.0,,0.0
[Inaudible],student,1,0,,,
Maybe someone in another group can help this group.  What does one fourth mean?  We keep using this same phrase over and over and over again.,teacher,26,0,,,1.0
[Inaudible],student,1,0,,,
Raise your hand if you know what one fourth means?  What does one fourth mean?  Student D?,teacher,17,0,,,1.0
One out of four [Inaudible] equal – One out of four equal parts.,student,13,0,,0.0,
One out of four equal –,teacher,6,0,1.0,,0.0
Parts!,student,1,0,,,
"Parts.  One out of four equal parts.  So, you have 24 oranges or 24 tiles, and you need to break it into what?",teacher,23,0,,,0.0
[Inaudible],student,1,0,,,
What do you need to do with the 24 tiles?  Student J?,teacher,12,0,,,0.0
Let’s see.,student,2,0,,,
"You forgot what you were gonna say?  I like how Student C is listening very carefully, too, instead of playing with her tiles.  She wants to know the answer.",teacher,29,0,,,0.0
[Inaudible],multiple students,1,0,,,
"What do you need to break the 24 into, Student G?",teacher,11,0,,,0.0
Halves.,student,1,0,,,
Halves?  So are we finding – does Mr. D get half of the oranges?,teacher,14,0,,,0.0
No.,multiple students,1,0,,,
"How many of the oranges does Mr. D get, Student J?",teacher,11,0,,,0.0
One fourth.,student,2,0,,,
One fourth.  So how many equal groups do we need to break the oranges into?  Student M?,teacher,17,1,,,0.0
One row?,student,2,0,,,
"You’re not listening to my question.  If your label is row, and I’m asking you how many groups.  We have 24 oranges.  Mr. D is supposed to get one – what you just said – one out of four equal groups.  So, how many equal groups do we need to make with the 24 oranges?  Student N?",teacher,57,2,,,0.0
Groups of –,student,3,0,,,
I didn’t ask you what the groups are of.  I asked you how many groups.  Six groups?,teacher,17,0,,,0.0
Four.,student,1,0,,,
Why four?,teacher,2,0,,,1.0
Because –.,student,2,0,,,
"What part of the problem is telling you – the problem, Student J, the problem is telling you make four groups.  What part of the problem is telling you to make four groups?  What do you see in the problem that is telling you to make four groups?",teacher,48,0,,,0.0
[Inaudible],student,1,0,,,
"The problem’s there, not there.  What do you see in the problem that’s telling you to make four groups, Student E?",teacher,21,0,,,0.0
The one fourth.,student,3,0,,,
The one fourth.  What part of the one fourth – and she doesn’t know the word but everybody else in this room does. Student A?,teacher,25,0,,,0.0
Denominator?,student,1,1,,,
"The denominator.  Ooh!  He remembered.  The denominator which is this bottom number is telling me.  It’s shouting at me. Teacher, make four groups first.  So, go ahead with your tiles and do what it’s asking you to do.  Make four groups. Oh, wait.  I forgot something.  What kind of groups do I need to make everybody?",teacher,56,2,,,0.0
Equal.,multiple students,1,0,,,
"Make four equal groups.  So, make four equal groups right now with your group.  Okay.  So, if you take one of these and we make a bunch of those that are equal, are there four groups?",teacher,36,2,,,0.0
No.,student,1,0,,,
How many groups are there?,teacher,5,0,,,0.0
In the bottom we have to –,student,7,0,,,
How many groups are there?,teacher,5,0,0.0,,0.0
"Seven? One, two, three.  Six.",student,5,0,,,
Six groups.  Is that what I asked you to do?,teacher,10,0,1.0,,0.0
No.,student,1,0,,,
"Is that what the problem asked you to do?  So then don’t do that.  You need to make four groups.  Guys, you did this first for a reason.  This is here to help you.",teacher,34,0,,,0.0
[Inaudible],multiple students,1,0,,,
Okay.  Did you make four equal groups?,teacher,7,1,,,1.0
They made eight.,student,3,0,,,
"Okay.  So why don’t you help?  You’re part of this group, too. Tell them.  We’re supposed to make four equal groups and I think it’s like this.  Give your opinion.  So, Student J, you really don’t need a notebook right now, hon.  It’s kind of distracting you and the people are you.  Okay?  I know you’re not at your own desk. Okay.  I got one group done.  Two groups done.  Three groups done. You still have one whole?  You still have one whole.  It looks like 24 groups of one right now.  Can you smush them together and make them into groups of four – four different groups?  Did you make four different groups?  Looks like one big group. So, let me help out those groups that are still struggling.  Student K’s group made a four by six and pulled them apart in shapes that look like this.  Student C’s group made a four by six and pulled them apart in groups that look like this. Student D’s group I’m not sure exactly how you did it but you made stacks.  They have four stacks and they’re all each the same height.  Okay?  Student M and Student Y’s group, they did this.  They made four rows that are all even and they pulled them apart. That’s what I need to see on your desk before we can move on.  Your group and Student A’s group.",teacher,235,3,,,0.0
Just take one from [Inaudible].,student,5,0,,,
So don’t put those back together.  I just said I liked how they were all separated into four equal parts.  I like that. Leave it like that.  See on Student A’s desk and see on Student C’s desk –,teacher,39,0,0.0,,0.0
Mm-hm.,student,1,0,,,
"So they did it – you each have one representation of each of these.  Very good.  Exactly.  Okay.  You picked the most complicated one.  These ones are a little bit more simple if you’re trying to get it done quickly. So, now that each group has made four equal groups, how many of those four equal groups does Mr. D get?  Thank you for raising your hand.  So, Mr. D doesn’t get all of them.  It doesn’t say Mr. D gets all 24 oranges. Right, Student J?  How many does Mr. D get? According to the –",teacher,97,2,,,0.0
One fourth.,student,2,0,,,
"One fourth.  So you have four fourths on your desk.   You have one, two, three, four of them.  How many does Mr. D get?  Pull how much he gets aside and show me how much is Mr. D getting?  Pull it onto one of the other people in your group’s desk. Ah, so Student C has Mr. D.  You’re Mr. D today?  Okay. And Student A is going to be Mr. D today.  And Student K is Mr. D today and Student N is Mr. D today.  And Student M is Mr. D today.  Yeah.",teacher,95,0,,,0.0
[Inaudible] He [Inaudible] in one group and [Inaudible].,student,8,0,,0.0,
"Mm-hm.  So, Student Y just said something.  Student Y just said something very quietly to me but I want to tell you all what she said because it was a really good thing.  She said, “Oh, you made four groups and what Mr. D gets is the numerator.”  She knew this word and she hadn’t even been here for many days.",teacher,61,1,1.0,,0.0
She was here yesterday.,student,4,0,,,
She hasn’t been here.  So –,teacher,6,0,,,0.0
We learned it in third grade.,student,6,0,,,
You learned it in third grade.  Good.,teacher,7,0,1.0,,0.0
[Inaudible],multiple students,1,0,,,
"So, Student A and Student G, could you put – Student G is gonna be Mr. D today.  Can you give Student G one fourth of that rectangle?",teacher,28,1,,,0.0
Yep.,student,1,0,,,
"How many tiles did you just give her?  You just kind of did that really quickly.  I have no idea how you did it.  I didn’t ask you to give her four tiles.  I asked you to give her four – one out of four groups.  I’ll meet with you guys in just a minute. The rest of you, can we answer these questions?  Okay.  The first question is what – well, read it with me.",teacher,76,0,,,0.0
What fraction does Mr. D get?,multiple students,6,1,,,
Can somebody answer this question?  What fraction does Mr. D get?  Do you need to re-read the problem in red? Go ahead and raise your hand.  What fraction does Mr. D get?  Student A?,teacher,34,2,1.0,,0.0
One fourth?,student,2,0,,,
"One fourth and if you had your hand up, did you have that same answer?",teacher,15,0,,,0.0
Yes.,multiple students,1,0,,,
"Okay.  So Mr. D gets one fourth.  So I’m gonna shade in one fourth.  So, I break it into one, two, three, four equal parts and I shade in how many?",teacher,31,0,,,0.0
One.,multiple students,1,0,,,
One of them.  Okay.  So it’s one fourth of how many total pieces?  He gets one fourth of how many total pieces? Student C?,teacher,24,2,,,0.0
24.,student,1,0,,,
"One fourth of 24.  Now, since you each have – those of you in the room who are right now Mr. D, how many oranges does Mr. D get?  Read this with me.",teacher,33,0,,,0.0
How many oranges does Mr. D get?,multiple students,7,0,,,
"Raise your hand.  How many oranges does Mr. D get?  Okay, guys, where’s the other tile?  Okay.  So doesn’t this look exactly like the four by sixes that are up on the board that we’ve been working with?",teacher,38,0,1.0,,0.0
Mm-hm.,student,1,0,,,
"Can you work this out?  Look.  Four by six.  One, two, three, four, five, six.  One, two, three, four.   So what I did was I broke it into two pieces and then I broke it into four pieces.  So, one, two, three, four equal pieces.  And you’re Mr. D.  You get one out of the four.  Do you understand?",teacher,59,0,,,0.0
[Inaudible],student,1,0,,,
Okay.  How much does he get?,teacher,6,0,,,0.0
Six.,student,1,0,,,
"What’d you get?  What’d you get, Student M?",teacher,8,0,,,0.0
Six.,student,1,0,,,
What’d you get?,teacher,3,0,,,0.0
Six.,student,1,0,,,
What’d you guys get?,teacher,4,0,,,0.0
Six.,student,1,0,,,
Okay.  Did every group get six?,teacher,6,0,,,0.0
Yes.,multiple students,1,0,,,
Did every Mr. D in the room get six?,teacher,9,0,,,0.0
Yes.,multiple students,1,0,,,
"Okay.  Mr. D gets six oranges.  Okay.  Now, let’s read the next question.",teacher,13,0,,,0.0
What fraction do I keep?,multiple students,5,1,,,
"Now, remember, the first thing you did was you broke it into four equal parts.  One of them is Mr. D’s.  So, how many of them are yours to keep?  Student C, Student E, Student D, Student A, Student Y, how many are yours to keep?  Student C?",teacher,48,0,1.0,,0.0
One third?,student,2,0,,,
You have one out of three equal pieces?,teacher,8,0,,,0.0
Yes.,student,1,0,,,
Student C let me ask you this.,teacher,7,0,,,0.0
Three.,student,1,0,,,
How many equal pieces did you break 24 into from the beginning?,teacher,12,0,,,1.0
One fourth.,student,2,0,,,
You broke ‘em into four equal pieces.  Student C has one of them so how many do you have left on your desk?,teacher,23,0,,,0.0
Three.,student,1,0,,,
Three out of ?,teacher,4,0,,,0.0
Three.,student,1,0,,,
How many did you make from the beginning?,teacher,8,0,,,1.0
Four.,student,1,0,,,
"Three out of four.  What fraction is that, Student C?",teacher,10,1,,,0.0
Three.,student,1,0,,,
Three?,teacher,1,0,,,0.0
Three out of four.,student,4,0,,,
Do you know how to say that fraction that means three out of four?,teacher,14,1,,,0.0
Three 24ths?,student,2,0,,,
Good try.  I like three out of four better.  Does anybody know how to say three out of four another way?  Student E?,teacher,23,0,,,1.0
Three fourths?,student,2,0,,,
"Have you ever heard that, Student C?  Three fourths?",teacher,9,0,,,0.0
Yeah.,student,1,0,,,
"Okay.  Great.  So, do you have three fourths, Student C?  Do you have three fourths, Student D?",teacher,17,0,,,0.0
Yeah.,student,1,0,,,
"Okay.  Now Student N has it now?  Do you have three fourths, Student A?",teacher,14,0,,,0.0
Yes.,student,1,0,,,
"Do you have three fourths, Student J?  You have three out of four ‘cause originally you made four, one, two, three, four and you get to keep three of them.  One, two, three. Exactly.",teacher,34,0,,,0.0
Or we keep –,student,4,0,,,
"Now, let me ask you this.  This is the most tricky part.  Read the last question with me.",teacher,18,0,,,0.0
How many oranges do I keep?,multiple students,6,0,,,
So how many oranges is that?  Mr. D got six.  One fourth was six.  How many do I get to keep?  Three fourths.  But how many oranges is that?  Student E?,teacher,31,0,1.0,,0.0
18?,student,1,0,,,
And how did you get 18?,teacher,6,0,,,1.0
Because I know that there’s six in each and I know that six times three equals 18.,student,17,0,,1.0,
"Wow!  Fantastic!  Good for her.  It’s 18 oranges.  And this is a girl who doesn’t speak much.  So, you know what?  That earned you an extra point.",teacher,27,0,1.0,,0.0
[Inaudible],student,1,0,,,
"So I know a lot of people were gonna say the same thing but she said it today and a lot of times she holds it in.  So, I’m trying to give her positive feedback for doing that.  So, 18 oranges.  And how did she get that?  She said, “Oh, there’s three groups left and there’s six in each one and that equals 18.”  Yes?",teacher,65,0,,,0.0
Yes.,student,1,0,,,
Okay.  Can we do another one?,teacher,6,0,,,0.0
No.,student,1,0,,,
"The next one’s gonna be a little trickier.  Go ahead.  So, put all the 24 tiles back in the bowl.",teacher,20,0,,,0.0
[Inaudible]  the dimensions in the [Inaudible],student,6,1,,,
The length and the width?,teacher,5,1,1.0,,0.0
Yeah.,student,1,0,,,
[Inaudible],multiple students,1,0,,,
Okay.  Do we read – I moved this one over so that you can use this as a reference what we did here.  And I left this information here but the names will change.  Okay?  So let’s read this problem together.,teacher,41,0,,,0.0
Charlie had 24 baseballs.,multiple students,4,0,,,
"Okay.  We’re not talking oranges any more.  Like I said, it could be fractional parts of lots of different things.  We had people up here earlier.  We talked about oranges a minute ago and now we’re talking about baseballs.  Yeah, have a seat.",teacher,43,1,,,0.0
My pencil.,student,2,0,,,
What did he do?  Let’s find out what he did.,teacher,10,0,,,1.0
He gave two thirds to Anthony.,multiple students,6,0,,,
Okay.,teacher,1,0,0.0,,0.0
How many baseballs did Anthony get?,multiple students,6,0,,,
"Okay.  So, this one’s a little bit different because the numerator is no longer one.  So it’s a little bit different now.  So, what fraction does Anthony get?  What fraction does Anthony get?  Who can answer me that question?  What fraction does Anthony get?  And that’s probably the easiest question I’ll ask in the whole lesson.  Student J?",teacher,58,5,1.0,,0.0
Two thirds?,student,2,0,,,
"Two thirds.  It’s right in the question.  He gave two thirds to Anthony.  So, Anthony will get two thirds.  Two thirds of what, Student J?",teacher,25,0,,,0.0
Baseballs?,student,1,0,,,
Yeah.  How many baseballs?,teacher,4,0,,,0.0
24.,student,1,0,,,
Exactly.  Two thirds of 24.,teacher,5,0,,,0.0
Is this baseballs?,student,3,0,,,
"Now it’s baseballs.  Yeah.  So, your tiles are no longer oranges.  They are now what?",teacher,15,0,,,0.0
Baseballs.,multiple students,1,0,,,
"Okay.  So take them out.  Remember, before you do any – wait, wait, wait, wait.  I shouldn’t have said take them out. Before you do anything, can anybody tell us how many groups we’re going to break the baseballs into?  We’re gonna dump them out and there’s going to be 24.  How many equal groups do we need to make?  What does it say in the story?  How many equal groups do we need to make, Student C?",teacher,78,2,,,0.0
Two thirds?,student,2,0,,,
Okay.  Two thirds is a fraction.  So this doesn’t –,teacher,10,1,,,0.0
[Inaudible] three.,student,2,0,,,
What?,teacher,1,0,,,0.0
Three.,student,1,0,,,
Yes.  And where did the three come from?,teacher,8,0,,,1.0
From the denominator.,student,3,1,,,
"Fantastic.  You guys are using these words already really well. So it’s telling me in the denominator to make what?  Where did I put that black marker?  Oh, it’s right here.  To make three equal groups.  Go ahead and do that now.   As a group.",teacher,45,2,,,0.0
[Inaudible],student,1,0,,,
You see what?,teacher,3,0,,,0.0
Is it possible to [Inaudible] equal.,student,6,0,,,
You’re right.  Three is not a multiple of 24 but 24 is a multiple of three.,teacher,16,2,0.0,,0.0
[Inaudible].  I know we’re gonna work on fractions.  You know [Inaudible] a third of [Inaudible] process.  [Inaudible] one on the bottom and then the [Inaudible] top.,student,26,1,,0.0,
"Oh, that’s what we’re gonna get to eventually.  So you have how many tiles here?",teacher,15,0,0.0,,0.0
24.,student,1,0,,,
Okay.  So I suggest you put them in an array like we were using.  Four by six rectangle.  Can you make a four by six rectangle?,teacher,26,3,,,0.0
[Inaudible],student,1,0,,,
There’s six.  By four.  Okay.  Now fill it in.,teacher,9,0,,,1.0
Yes.,student,1,0,,,
"Okay.  That’s a good strategy to start with.  So, Student J, do you not want class work points right now?  I asked you to stop drawing.  That wasn’t an unrealistic act.  Okay?  So you need to participate or you’re gonna lose participation and class work points.  Do you understand?  Do you understand?  Do you understand?  Thank you.  Okay.  How do you know that these groups are equal?",teacher,67,0,,,1.0
Because there’s eight in each.,student,5,0,,,
"Okay.  That’s a great example.  And what’s confusing, Student C?",teacher,10,0,0.0,,1.0
I thought it was six.,student,5,0,,,
You through there was supposed to be six in each?,teacher,10,0,1.0,,0.0
Yeah.,student,1,0,,,
‘Cause why?  Why did you think that?,teacher,7,0,,,1.0
‘Cause in the other one you did it by six.,student,10,0,,1.0,
"But part of the thing that is making you confused is ‘cause you moved that one fourth over to Student C so you only had three left on your desk so it looked like three thirds. But it was really three out of four if you included what she took away.  So, right now this is just three.  All the 24 tiles are still on your desk.  She’s taken none of them away.  Good?  Did we make three equal groups?",teacher,80,1,0.0,,0.0
Yes.,multiple students,1,0,,,
"If you’re in a group of three you can each take one third, that’s fine.  That’s fine.  What were you doing?  You made three rows and you’re gonna just separate them like this? That’s fine.",teacher,35,0,,,0.0
Okay.,student,1,0,,,
"You don’t have to make a four by six if you don’t want to.  So, now we’re gonna break them into how many equal groups?",teacher,25,1,,,0.0
Three.,student,1,0,,,
"Three.  Can you do that?  Can you see a way you can always look back on the charts, Student G.  The charts are right up here showing thirds if you need to look there.  Do we all have three equal groups?",teacher,41,1,,,0.0
Yes. No.,multiple students,2,0,,,
Okay.  ‘Cause that’s taking a lot of time.  You can always look here to help you.  Okay.  I think we’re ready.,teacher,21,0,,,0.0
"No, I’m not.",student,3,0,,,
"You have three columns, yes?",teacher,5,0,,,0.0
Yes.,multiple students,1,0,,,
"So it’s broken into three equal groups?  Okay.  So we’re ready. So, we said Anthony gets two thirds of this 24 and I’m looking at this chart and I think the easiest way to find thirds is to make a four by six and break it like this. How many of the groups did it this way?  This was for me the easiest way.  See, that’s what Student G has on her desk.   Student J’s group did that same thing. So, I’m gonna go over here and I’m gonna break it into one, two, three equal parts and now, how many of them does Anthony get?  You broke it into one, two, three equal parts.  How many is Anthony supposed to receive, Student G?  What does the problem say?",teacher,129,1,,,0.0
Nine?,student,1,0,,,
Not how many baseballs.  What fraction does  he  get?   Does  he get one third?  Look at the story.  Does he get one  third?,teacher,23,1,,,0.0
No.,student,1,0,,,
He gets –,teacher,3,0,,,0.0
Two.,student,1,0,,,
"Two thirds.  So one of the people in your group, take two thirds and put it on your desk right now.  One person from your group should take two thirds and put it on their desk right now.  In five, four, three, Student A, that’s not helping your group.  You need to put them back and one of you needs to have two out of those three equal parts on their desk right now.  Not two tiles.  Two out of those three equal parts.  Five, four, three, two, and one.",teacher,90,0,,,0.0
[Inaudible],multiple students,1,0,,,
"This was confusing.  Student C, good job.  Student M, good job. Student A, good job.  Student N, good job.  Student J, you do have both of them.  You just were hiding one in your bowl, hah?  Okay. So you made three – one momento.  Student A, momento.  You made three equal parts and Anthony gets how many of those equal parts? Student G?",teacher,63,0,,,0.0
Two.,student,1,0,,,
"Two of them.  So, you should have two of those three equal parts on your desk.  One of you.  And I’ll separate them so you can see.  Now, what’s our next question?",teacher,32,0,,,0.0
How many –,multiple students,3,0,,,
I’ll wait ‘til Student K’s ready.,teacher,6,0,,,0.0
How many baseballs does Anthony get?,multiple students,6,0,,,
"So, Student C, you have two thirds.  Student J, you have two thirds.  Student N, you have two thirds.   Student A, you have two thirds and Student M, you have two thirds.  How many baseballs is that?  How many baseballs is that?",teacher,42,0,1.0,,0.0
[Inaudible],student,1,0,,,
Student J?,teacher,2,0,,,0.0
Two?,student,1,0,,,
"Two baseballs?  So, Student C, only his desk right now has only two baseballs?",teacher,14,0,,,0.0
Four.,student,1,0,,,
"Four?  How many baseballs is this, Student J?",teacher,8,0,,,0.0
[Inaudible],student,1,0,,,
"So, how many does he have on his desk?  How do you know?",teacher,13,0,,,1.0
[Inaudible] 18 [Inaudible].,student,3,0,,,
"Wow, where did you come up with that fancy multiplication equation?",teacher,11,2,,,1.0
[Inaudible] ‘Cause I knew that there were eight [Inaudible] and I know that three times four is [Inaudible].,student,18,0,,1.0,
Okay.,teacher,1,0,0.0,,0.0
[Inaudible].,student,1,0,,,
"So what I hear Student J saying is her groups look like this. So, she sees four times two equals eight so she saw that there were eight in each of the groups and there were how many groups?",teacher,39,0,,,1.0
[Inaudible].,student,1,0,,,
What?  How many groups?,teacher,4,0,,,0.0
Two.,student,1,0,,,
"Two groups.  So, she sees – I’m gonna try and do it like I did down here.  So, she sees two groups with eight in each group, Student J?  And that’s a total of 16.  Very good. 16 what?",teacher,39,1,,,0.0
Baseballs.,student,1,0,,,
"Baseballs.  Very good.  Now, one last thing before I send you off on your own.  You broke it into three equal groups and you gave how many of those groups to Anthony?  Everybody.",teacher,33,1,,,0.0
[Inaudible],multiple students,1,0,,,
Weak.  Everybody.,teacher,2,0,,,0.0
Two.,multiple students,1,0,,,
"You gave two groups to Anthony.  So how many groups does Charlie get to keep for himself?  According to the story, it’s Charlie we’re talking about.  Charlie started with three equal groups.  He gave two equal groups to Anthony. How many equal groups are left over for him, Student A?",teacher,50,3,,,0.0
Six.  I mean eight.,student,4,0,,,
Eight groups?  Or eight baseballs?,teacher,5,0,,,0.0
Eight baseballs.,student,2,0,,,
So I’m asking how many groups are left for Charlie.,teacher,10,0,,,0.0
Eight groups.,student,2,0,,,
You just told me eight baseballs.  So how many groups are left for Charlie?,teacher,14,0,,,0.0
Eight.,student,1,0,,,
How many groups does Student G have on her desk?,teacher,10,0,,,0.0
One.,student,1,0,,,
"Ah, one group.  She has one group left.  Look at this, Student A.  Does this help you?  So, the two blue groups are the groups we gave away and the white group is the group that we did not give away.  So, we get to keep the white group. How many groups is that, Student A?",teacher,56,0,,,0.0
Two.,student,1,0,,,
Groups.,teacher,1,0,,,0.0
One.,student,1,0,,,
"One group.  Now, inside that group it tells us how many baseballs he keeps.  So, read this question with me.  How many baseballs does Charlie have left?  How many baseballs does this show us?  Whoops!  I forgot to write the fraction over here.  Student C said it nicely.  Three fourths.  I’m sorry.  What fraction is this?   I forgot to ask you.  What fraction – the question says what fraction does he have left?  So what fraction is the blue part here?  Student J, how many groups are there?",teacher,88,5,,,0.0
Three.,student,1,0,,,
Three groups and how many of them are shaded in?,teacher,10,0,,,0.0
One.,student,1,0,,,
So the fraction is?,teacher,4,1,,,0.0
One third.,student,2,0,,,
"Very good.  Very good answer.  One third.  So how many baseballs is that?  How many baseballs is in one third of 24?  Those of you who have the one group left on your desk, your hands should be up.  And other people, too, but if you have the one group on your desk you can at least count them.  How many baseballs is that?  Student G?",teacher,66,0,,,0.0
Eight.,student,1,0,,,
"Eight baseballs.  Eight baseballs.  Now, Student J, how did you get that?",teacher,12,0,,,1.0
Because I know four times two equals eight.,student,8,0,,1.0,
"So she’s got two columns of four and four times two equals eight baseballs left.  Now, think about this.  Eight plus 16 equals what?  Everybody raise their hand.  Eight plus 16.  What does that equal?  Eight plus 16.  Student C?",teacher,40,0,1.0,,0.0
24.,student,1,0,,,
"Interesting.  24.  Think about this.  18 plus 6.  What does that equal?  18 plus 6, Student G?",teacher,17,0,,,0.0
24.,student,1,0,,,
24.,teacher,1,0,,,0.0
Interesting.,student,1,0,,,
"It is interesting.  It’s interesting, Student J.  Do you see why that works?  So, Student J, I broke this into four equal parts.  I gave one away and I kept three.  One plus three equals what, Student J?",teacher,38,0,,,0.0
One plus three?,student,3,0,,,
One plus three.,teacher,3,0,,,0.0
Four.,student,1,0,,,
"Equals four.  Four of four.  That’s one whole.  That’s one whole group and that’s why that works.  So, right now, you turned in Page 5 for homework and on the back of Page 5 is Page 6 so Page 6 has two more problems just like this and you can use your tiles and work in the same groups.  Okay?",teacher,60,2,,,0.0
Teacher?,student,1,0,,,
Yes.,teacher,1,0,,,0.0
You know [Inaudible] –,student,4,0,,,
Can I come back and you can tell me in a minute?  Let me pass these out first.,teacher,18,0,,,0.0
[Inaudible],student,1,0,,,
"Not now, Student J.  I’m kind of disappointed with your work right now.  You can tell me later.",teacher,18,0,,,0.0
Thank you.,student,2,0,,,
You’re welcome.  Oh-oh.   Okay.  Let’s bring that up. [Speaking in Spanish],teacher,11,0,,,0.0
[Inaudible],multiple students,1,0,,,
[Speaking in Spanish],teacher,3,0,,,0.0
[Speaking in Spanish],student,3,0,,,
Okay.  One fourth.  [Speaking in Spanish],teacher,6,0,,,0.0
[Inaudible],student,1,0,,,
"One fourth, one fourth, one fourth.",teacher,6,0,,,0.0
[Inaudible],student,1,0,,,
"And Student A, you’re part of the group, too.  Okay.  So let’s keep working.  You gotta get your work done.  So, what is it asking you to do first?  What did you do first?",teacher,34,0,,,1.0
[Inaudible] eight groups.,student,3,0,,,
You made eight groups.  Why?  What told you to make eight groups?,teacher,12,0,,,1.0
[Inaudible],student,1,0,,,
"Okay.  Great.  So you’re off to a good start.  So, what have you done?",teacher,14,0,,,1.0
[Inaudible],student,1,0,,,
"Oh, this is a good idea to draw a rectangle.  So you drew a four by eight?",teacher,17,1,,,0.0
Yeah.,student,1,0,,,
To help you?,teacher,3,0,,,0.0
I’m trying to do a [Inaudible] like the other paper.,student,10,0,,0.0,
"Okay.  So, a four by eight.  Just make a rectangle.  Cut it in half.  So now I have one, two, three, four.  Okay.   How I have two.  Do you see?  Two columns?  If I cut each of them in half, now I have eight.",teacher,44,1,0.0,,0.0
No.  Four.,student,2,0,,,
"Four columns.  So if I cut each of those in half, now I have eight.  Exactly.  So now I have a four by eight.  So – I love how she wrote that.  Two eighths of 24.  That’s a great way to remind yourself ‘cause remember, that’s what I did up there.  You’re trying to find two eights of 24. And so, what is, Student K, you’re not the only one in the group and that’s why we put it on Student E’s desk.  Okay?  So that everyone can touch it and work with it.  Is this a four by six?  If you want to use a four by six to help you, is this a four by six?",teacher,118,0,,,0.0
No.,student,1,0,,,
So let’s make it a four by six before we do anything else.,teacher,13,0,,,0.0
Okay.  Now what?,student,3,0,,,
We know that – how many rows does it have?,teacher,10,0,,,0.0
Four.,student,1,0,,,
Rows.,teacher,1,0,,,0.0
Three.,student,1,0,,,
Does this have?   Three.  And it’s supposed to have – how many rows is it supposed to have?,teacher,18,0,,,0.0
Two.  No. Eight.,student,3,0,,,
"How many rows does this have?  Yours and yours and yours all have how many rows?  Four rows.  So we only have three rows right now so we need to move some in to the law row o we have four rows.  There we go.  Do you see what she’s doing? She’s making four rows because before you only had three. Do you see what she just did?  She just counted six columns ‘cause she knows it’s gonna be four, five, six.  Okay.  So, okay. So let’s read the problem together.",teacher,91,0,,,0.0
Ethan has 24 marbles.  Are there 24 here?,multiple students,8,0,,0.0,
Yes.,student,1,0,,,
Okay.  Good.  He gives two eighths of his collection to his sister Ruby.  Okay.  So what is the first thing that the problem is asking you to do?,teacher,28,0,,,0.0
Wait.  He gave two eighths of his collection to his sister.,student,11,0,,0.0,
"Right.  With that fraction, what is the problem telling you to do?  We know we’re gonna break this into groups, right? How many groups do we need to break this up into?",teacher,32,1,0.0,,0.0
Into two eighths?,student,3,0,,,
"Two eighths isn’t a number of groups.  What part of that fraction tells you how many groups to break it into?  Stop for a second.  When we look at the fraction, two eighths, what part of the fraction tells you how many groups to break it up into?",teacher,48,3,,,0.0
The eighth.,student,2,0,,,
The eighth.  That’s called the what?  The bottom number is called the –,teacher,13,0,,,0.0
Denominator.,student,1,1,,,
"Denominator.  Okay.   So, break it into eight equal groups. Wait.  Before you do that.  After you break it into eight equal groups, how many of those groups are we gonna give to Ruby?  Look at the fraction there.",teacher,38,4,,,0.0
[Inaudible],student,1,0,,,
"Don’t waste a lot of time with a ruler.  Try and make a quick sketch, okay?  Otherwise it will take a very long time. So, Student J, we’ve been working with – what are the dimensions of those rectangles up there?",teacher,41,3,,,0.0
One third.,student,2,0,,,
The dimensions of the rectangles.,teacher,5,2,,,0.0
Oh.  The sides.,student,3,0,,,
"Yeah, the sides.  So, how many are on this left side?  How many squares are on this left side?",teacher,19,1,,,0.0
Four.,student,1,0,,,
Four.  And how many squares are there across the top?,teacher,10,1,,,0.0
Six.,student,1,0,,,
Yeah.  So it’s a four by six.  So that’s what you should have on your paper.,teacher,16,0,,,0.0
I have two –,student,4,0,,,
"You have a three by – three by eight.  Which equals 24 but it might be easier to do a four by six.  ‘Cause that’s just what you have been working with already.  Okay.  Okay. That’s fine.  Okay.  And he’s getting two of those eight equal parts.  And that’s what you’re doing, too?  Okay.  So why did you break it into half?  Does it say he gives away half?",teacher,69,0,,,1.0
‘Cause I did a eight by three.,student,7,0,,,
Okay.  You did a three by eight.,teacher,7,0,1.0,,0.0
Because three times eight –,student,5,0,,,
"Well, we’ve been working with four by sixes so should we start to try and use a different dimensions rectangle?",teacher,20,2,0.0,,0.0
Mm-hm.,student,1,0,,,
Yeah?  Does that seem like a good idea to use something totally different than what we have been using?,teacher,19,0,,,0.0
Mm-mm.,student,1,0,,,
This is only like our third day of fractions so we probably want to stick with that same tool right now.  So let’s make a four by six.  Can you do that guys?,teacher,33,1,,,0.0
Yep.,student,1,0,,,
"Can you help him, Student J?  We’ll get done a lot faster if you both do it at the same time.",teacher,21,0,,,0.0
[Inaudible],student,1,0,,,
You wonder or you [Inaudible]?,teacher,5,0,,,0.0
I wonder.,student,2,0,,,
"You wonder.  Careful, hon.  He already has four this way.  Do you see?  He’s got four.",teacher,16,0,,,0.0
I’m adding –,student,3,0,,,
"Oh, you’re adding on to it.  Okay.  Never mind.  Sorry.  I thought you were doing something different.   So now you have six so do you want to put any more this way?  You want to go this way?  Okay.  Help him out?   It gets done a lot faster.",teacher,48,0,,,0.0
[Inaudible],student,1,0,,,
"They were really big pairs, hah?  Okay.  So now we’ve made a four by six.  Okay?  Can you make a quick sketch of a four by six on your paper, Student A?",teacher,32,0,,,0.0
[Inaudible],student,1,0,,,
"Your eraser?  You don’t have an eraser?  Better go out and get one this weekend, hah?",teacher,16,0,,,0.0
[Inaudible],student,1,0,,,
"That’s an important thing to have.  Okay.  So let’s make a quick sketch of a four by six, Student A.  I’m gonna be done before you even get started.  Oops!  Except I made a mistake.  Okay.  Four by six.  So, in the problem how many groups is it telling you to break this up into?",teacher,55,0,,,0.0
Eight.,student,1,0,,,
"Eight.  Can you do that right now?  Can you break it into eight equal groups, Student G?  You don’t have to shade anything in.  Just with your pencil.  I know right away that this is two equal groups, right?  So can you with your pencil make lines that show me eight equal groups? So let’s try and do this very quickly.  Two, three, four.  One, two, three, four, five, six, seven.  Okay.  We have too many. Okay?  Because we don’t want to waste a lot of time just drawing.  Okay. Okay.  In this problem, how many groups is it telling you to make? So, look at the problem.",teacher,108,4,,,0.0
By eight.,student,2,0,,,
Nope.  The fraction is two eighths.  One of these numbers tells you how many groups to break this into.  Which number tells you that?  The top one or the bottom one?,teacher,31,1,,,0.0
The top one.,student,3,0,,,
The top one?  It’s actually the bottom one.  The bottom number tells you how many groups to make.  So how many groups are you going to make?,teacher,27,0,,,0.0
Eight.,student,1,0,,,
Eight equal groups.  Do you know how to do that.  Can you break this up into eight equal groups?,teacher,19,2,,,0.0
[Inaudible],student,1,0,,,
So that’s a group of eight.  I didn’t ask you to make a group of eight.  I asked you to cut this eight times so that – pretend that it’s a sandwich.  Okay?  And you’re gonna share it with seven other people.  There’s eight of you and you’re all gonna share it.  And you want to make sure that everyone gets the same amount.  How would you cut it up to make sure that everyone gets the same amount for eight people?,teacher,82,0,,,1.0
[Inaudible],student,1,0,,,
"So you just made three equal pieces.   You could share it with three people but we want to share it with eight people. Why don’t we give the tiles to Student J?  Okay? So, Student J, how can we break this up?  Four – all right.",teacher,46,0,,,1.0
[Inaudible],multiple students,1,0,,,
"Thanks, Student J.  Okay.  So we didn’t get through nearly as much as we wanted to get through today ‘cause our goal as you can see from our objectives is to find fractional parts of a group.  So, basically to be able to do what we did here. This is a very, very complicated part of math in fourth grade.  It’s hard, right?  And it’s going to get very easy.  It’s going to be like oh, I know what to do.   You’re gonna be able to look at the fraction and one of these numbers tells you how many groups to make.  Which one is it?  The top one or the bottom one?  You don’t have to come up with it magically. It’s gonna tell you right here.   Which one of these numbers tells you how many groups to make?  Student N?",teacher,142,2,,,0.0
The bottom.,student,2,0,,,
"The bottom number tells you how many groups to make.  So, I have 24.  I need to make three equal groups.  Did anybody notice a division connection there?  Student M was telling me about it earlier.  Student C?",teacher,38,2,,,1.0
24 divided by three.,student,4,1,,,
Equals?,teacher,1,0,,,0.0
Eight.,student,1,0,,,
"And I was hoping today you would notice that ‘cause some of you are struggling trying to figure out, “I don’t know how many to put in each group.”  Well, if I have 24 baseballs and I’m putting them into three groups, 24 divided by three equals Student N?",teacher,49,1,,,0.0
Eight.,student,1,0,,,
And what does the top number tell me?  Student C?,teacher,10,0,,,1.0
Numerator.,student,1,1,,,
"It’s the numerator but what information is it giving me? So the bottom number, the denominator, tells me how many groups to break it into and the top number, the numerator, tells you what?  Student A?",teacher,36,3,,,0.0
How many numbers to shade in.,student,6,0,,,
How many numbers to shade in or how many were given away or how many you are keeping.  It depends on in the story.  It’s how many you’re working with right then.  In this situation back here it was how many Mr. D got to keep.  We’ll be doing this for the next few days next week.  Okay?  My hope is that today you understand that the denominator tells you how many groups to make.  Okay?  So we’ll continue working on this later. Make sure your name is on the worksheet and stick it in your math folder.,teacher,98,1,1.0,,0.0
[Inaudible] number?,student,2,0,,,
