text,speaker,talktime_words,math_density,uptake,student_reasoning,focusing_questions
"Okay.  Great.  So, everybody has in front of them a small piece of do-now work.  I’m gonna borrow this, please.  Thank you. If you don’t have enough room here, you can do your work on another side of the page. We’re going to pretend that I’m planning my birthday party.",teacher,50,0,,,0.0
Why?,student,1,0,,,
Because we’re doing a combination problem.,teacher,6,0,,,0.0
But we can do it today.,student,6,0,,,
"Well, no, I just want to talk about the do-now work here.  And the do-now work says, “How many combinations can you make? Show your work and explain your thinking.  Teacher R wants to make cupcakes for her birthday.  She has many choices to make.” “Each cupcake can be one flavor, one type of frosting and one color sprinkle.”  Who can tell me what flavor cupcakes can I choose from?  What does it say?  Student I?",teacher,76,3,0.0,,0.0
It says chocolate.,student,3,0,,,
Yeah.,teacher,1,0,,,0.0
[Inaudible.],student,1,0,,,
"No, just the cupcake flavors.  Yes.",teacher,6,1,,,0.0
"Chocolate, vanilla and that’s all.",student,5,0,,,
"Okay.  So, my flavors of cupcakes are chocolate and – actually, let me move this down – and vanilla.  Great.  What are my other choices that I can make?  Student B?",teacher,31,1,1.0,,0.0
Frostings.,student,1,0,,,
"Huh, so the kind of frosting.  You’re going to need more space. [Foreign language.]  Okay?  Work over there. Okay.  So, you have the frosting.  Student B, what is frosting?",teacher,29,0,,,0.0
"It’s, like, the same that you can [inaudible].",student,8,0,,0.0,
"Yeah, when you have your cupcake – let me draw my cupcake up here.  Let’s go down a little bit.  That’s my cupcake.  The cake is on the inside.  The frosting is what I put on the outside.  And then, what flavors of frostings do I have?",teacher,47,3,0.0,,0.0
You looked and you have [body]. Pink –,student,8,0,,0.0,
Yeah.,teacher,1,0,0.0,,0.0
Green and yellow.,multiple students,3,0,,,
"Okay.  So, I’ve got my pink, my green and my yellow.  And I’ll put that over here for right now.",teacher,20,0,,,0.0
Are you doing the TiVo?,student,5,0,,,
Yeah.  The camera is on.,teacher,5,0,1.0,,0.0
How many?,student,2,0,,,
How many what?,teacher,3,0,,,0.0
How many cameras did you turn on?,student,7,0,,,
All three of the cameras are on right now.,teacher,9,0,1.0,,0.0
"You went like, three.",student,4,0,,,
"Yes.  Well, let’s –",teacher,4,0,,,0.0
Is it looking this way?,student,5,0,,,
"The camera is facing three different directions.  We’re gonna try and ignore the camera.  I know that’s hard, but try real hard. So, who can tell me, what’s the last choice I need to make with my cupcakes?  Student S?",teacher,40,1,0.0,,0.0
Sprinkles.,student,1,0,,,
"Sprinkles, thank you.  Sprinkles and the sprinkles are the little bits I put on top of my cupcake like this.  And what are my choices, Student S?",teacher,27,1,,,0.0
"Stars, hearts – Two of them are [inaudible]. Circles.",student,9,1,,0.0,
"And circles.  And a circle is like this.  Good.  You know several strategies to use.  Please, right now, figure out how many different combinations can I make.  Spend a minute.",teacher,30,2,1.0,,0.0
You could make a tree.,student,5,0,,,
"You can do any strategy that you like – the tree, multiplication problem, or lists.",teacher,15,1,1.0,,0.0
Lists.,student,1,0,,,
I’m not gonna answer questions for another minute or two.,teacher,10,0,,,0.0
"Well, answer questions.",student,3,0,,,
"Hold on then.  What’s wrong?  Pick up your head, come on.",teacher,11,0,,,0.0
Sit in your chair [inaudible].,student,5,0,,,
"Good.  Let’s get it started, okay?  So, I’ve got – how about a pencil that works?  Ah, brilliant, thank you.  Pick up. Come.  Take your head out of your hands, please.",teacher,31,0,0.0,,0.0
Okay.,student,1,0,,,
"Let’s get started and, plus, I’ve got chocolate and vanilla cupcakes, right?  Okay.  So, now, I’ve got chocolate right here.  How many different frostings can I have on the chocolate cake?  I could either have a pink chocolate cake, right?  Let’s make a pink chocolate cake.  What other color cake can I have?  Look at G-R together, grrr.",teacher,58,1,,,0.0
Grr.,student,1,0,,,
Grr.,teacher,1,0,,,0.0
Green.,student,1,0,,,
"Green.  I can have green chocolate cake. And what’s the last color?  Ya, ya.",teacher,14,0,,,0.0
Yellow.,student,1,0,,,
"And I can have a yellow chocolate cake.  Great.  If I had a chocolate cake that’s pink, I want to put sprinkles on top. I can have st.  What’s this one say?",teacher,32,0,,,0.0
Star.,student,1,0,,,
"Good.  So, I can have stars.  So, I can have a chocolate cake that’s pink with stars on it.",teacher,19,0,,,0.0
Heart.,student,1,0,,,
I can have a chocolate cake that’s pink with –,teacher,10,0,,,0.0
Heart.,student,1,0,,,
"– with hearts on it.  Oh, you know how to do this.  Or I can have a chocolate cake that’s pink with circles.",teacher,23,1,,,0.0
Circles.,student,1,1,,,
"So, those are three chocolate cakes I can have right there. Three pink chocolate cakes.  I could also have a chocolate cake that’s green with the green frosting on it.  No pink frosting, instead it can be green frosting.",teacher,39,0,,,0.0
I think I’m done.,student,4,0,,,
Student J?,teacher,2,0,,,0.0
[Inaudible.],student,1,0,,,
"I think I’m gonna move you just a little bit over here, ’cause I think the people who are watching the video might not want to just see you.  Can you pull your desk over, please?",teacher,36,0,,,0.0
[Inaudible.],student,1,0,,,
"Move your desk over, please.",teacher,5,0,,,0.0
Oh.,student,1,0,,,
Thank you.  Okay.,teacher,3,0,,,0.0
I was in Student B’s way.,student,6,0,,,
That’s all right for right now.,teacher,6,0,0.0,,0.0
She was gonna go write the –,student,7,0,,,
"You can have a chocolate cake with green frosting and what kind of sprinkles?  St, stars, right?  Can I have a chocolate cake with green frosting with what else on it?",teacher,31,0,0.0,,0.0
With hearts.,student,2,0,,,
With hearts.,teacher,2,0,,,0.0
And with stars.,student,3,0,,,
"And with circles.  Oh, so, I can have a chocolate cake with green frosting, three different kinds.  Let’s skip ahead, ’cause I’m getting bored.  Are you getting bored with this?",teacher,30,1,,,0.0
Uh-huh.,student,1,0,,,
"I think it’s boring too.  So, you know what, I know I can have a chocolate cake with yellow, how many different kinds of yellow chocolate cakes can I have?  Stars, hearts and circles, how many is that?",teacher,38,1,,,0.0
With stars?,student,2,0,,,
How many did I have right up here.,teacher,8,0,,,0.0
Three.,student,1,0,,,
And here?,teacher,2,0,,,0.0
Three.,student,1,0,,,
"So, how many do you think will be for yellow?",teacher,10,0,,,1.0
Two.,student,1,0,,,
"I’m gonna guess three also.  Stars, hearts and circles.  Stars, hearts and circles, there will be three more.  So, how many different kinds of chocolate cake can I have?",teacher,29,2,,,0.0
"Wait, three.",student,2,0,,,
"Three pink ones, three green ones and three yellow ones, how many is that all together?",teacher,16,0,,,0.0
The answer?,student,2,0,,,
Yeah.,teacher,1,0,,,0.0
Nine.,student,1,0,,,
"Nine.  So, you can have nine chocolate – so, nine chocolate. How many do you think that we’ll be able to have with vanilla if we do this whole tree again down here?",teacher,33,1,,,0.0
Three.,student,1,0,,,
"Probably, nine, again.  Okay.  Green –",teacher,6,0,,,0.0
[Inaudible.],student,1,0,,,
"You’re embarrassing me right now.  I wish you wouldn’t do that. Open up your notebook, please.",teacher,16,0,,,0.0
I’m done.,student,2,0,,,
"Yeah.  So, probably, nine.  Figure out what nine plus nine is. Good.  Let’s go back over here.  Can I have your attention? Please put two feet underneath your desk.  Open up your math notebooks to the right page and help me out.  We have a few different strategies that we learned, I think, last week.  I’m gonna wait until I have more hands. Open your math notebook now, please.  Thank you.  Okay. You don’t have the right answer.  So, it makes me wonder what you’ve been doing [inaudible].",teacher,88,0,,,0.0
"I was doing three and three, because three equals –",student,10,0,,0.0,
"Uh-uh.  Student T, can you help me out?",teacher,8,0,0.0,,0.0
I did a list.,student,4,0,,,
"You did a list.  Okay.  So, let me go over here.  Help me out with the list.",teacher,17,0,,,0.0
And you can do chocolate.,student,5,0,,,
Yeah.,teacher,1,0,0.0,,0.0
Pink frosting and stars.,student,4,0,,,
Uh-huh.,teacher,1,0,,,0.0
Chocolate –,student,2,0,,,
"Can I abbreviate chocolate, CH?",teacher,5,0,,,0.0
Yes.,student,1,0,,,
Okay.,teacher,1,0,,,0.0
Pink and hearts.,student,3,0,,,
And hearts.,teacher,2,0,,,0.0
Chocolate –,student,2,0,,,
Yeah.,teacher,1,0,,,0.0
– pink and circles.,student,4,1,,,
"Okay.  So, I’m noticing that you’re organizing it by chocolate. I want to stop your list for just a second and I want to go to the tree diagram, okay, and just talk about how the tree diagram and the list relate to each other.",teacher,45,0,,,0.0
Is there watching up on computer?,student,6,0,,,
"Yes, the camera is watching all of you right now.",teacher,10,0,1.0,,0.0
I know most of them.,student,5,0,,,
Except for the three kids back there.,teacher,7,0,0.0,,0.0
And it’s [hide and go seek].,student,6,0,,,
"I’m not gonna see it now.  And I really – I don’t want to worry about it now. Can we answer camera questions after the lesson, ’cause this was really not what I wanted to do for the whole math lesson. So, let’s go back over here.  So, I wanna go with Student T said.  She said chocolate and she went to the pink frosting.  So, we can have chocolate cupcake with pink frosting.  And then, Student T said, there are three different kinds of sprinkles.  So, we can do – we can have heart sprinkles, star sprinkles and circle sprinkles. Those are all of the different chocolate, pink cupcakes that I can have. What other frosting colors can I make with my chocolate cake, Student J?",teacher,127,4,0.0,,0.0
Chocolate?,student,1,0,,,
Yeah.,teacher,1,0,,,0.0
Green frosting.,student,2,0,,,
Great.,teacher,1,0,,,0.0
"And heart – no, stars.",student,5,0,,,
Can I do hearts also?,teacher,5,0,1.0,,0.0
Yes.,student,1,0,,,
And stars?,teacher,2,0,,,0.0
Yes.,student,1,0,,,
And circles?,teacher,2,1,,,0.0
Yes.,student,1,0,,,
"Oh, so, there’ll be three different kinds of green, chocolate cupcakes.  Love it.  So, I can do hearts, stars and circles. Let me just stop for a second.  There are three different kinds of pink, chocolate cupcakes I can have. Student S, how many different kinds of green, chocolate cupcakes can I have? Back away.",teacher,55,4,,,0.0
We can make three.,student,4,0,,,
Okay.  Is there another flavor of frosting that I can make my chocolate cupcakes into?  One second.,teacher,17,1,,,0.0
You just –,student,3,0,,,
"I didn’t want to stop you from working [inaudible] focused you were.  These are our flavors.  Pink, we just did.  Green, we just did.  Student J, what’s the last color?",teacher,30,0,,,0.0
Yellow.,student,1,0,,,
"Yellow.  Very good.  Yellow frosting.  So, this is my flavor, chocolate cupcakes.  Yum, my favorite. I have three different choices of frostings, pink, green and yellow.  And then, I’ve got my sprinkles for the top, three different choices. So, before I write – because Student S and I were talking about how we were getting a little bored with this.  It’s a lot to write.  Right, Student C?",teacher,68,1,,,0.0
Yes.,student,1,0,,,
It’s a little bit boring.  Do you think so?,teacher,9,0,,,0.0
Yes. I don’t.,student,3,0,,,
"A little bit, no, okay.",teacher,5,0,,,0.0
No.,student,1,0,,,
"How many different kinds of yellow cupcakes, Student O, do you think I’ll have?",teacher,14,1,,,0.0
Um – Three. – yellow –,student,6,0,,,
There were three pink.  There were three green.  How many yellow do you think there might be?,teacher,17,0,1.0,,1.0
"Um, yellow, heart or stars – first, the stars.",student,9,0,,0.0,
"First, the stars, okay.",teacher,4,0,1.0,,0.0
And the hearts.,student,3,0,,,
Good.,teacher,1,0,,,0.0
And the circles.,student,3,1,,,
"Good.  So, how many yellow cupcakes could there be that are chocolate?",teacher,12,1,,,0.0
Three.,student,1,0,,,
"Three.  So, I wanna stop for just a minute.  We’ve done the top half of our tree.",teacher,17,0,,,0.0
I’m stopping.,student,2,0,,,
We did the top half of our tree.  How many choices were there for the top half of our tree?,teacher,20,0,,,0.0
Nine.,student,1,0,,,
"Nine choices.  Thank you, somebody, for being awake here.",teacher,9,0,,,0.0
"Oh, my God.",student,3,0,,,
I’m wondering what you’re doing right now.  Please put that down.,teacher,11,0,,,0.0
She’s always doing that.,student,4,0,,,
"I don’t want to know.  Put it down.  It should already be glued in. So, we have nine types of chocolate cupcakes.  Nine chocolate choices.  Since I want to move on to the next lesson, because my math objectives are to go back to breaking apart factors and writing complete sentences that answer the question, I want to make sure we get to that. That’s the main objective today. So, if I know I have nine chocolate choices, how many vanilla choices do you think I’m going to have?",teacher,89,2,,,0.0
Three.,student,1,0,,,
Tell the person at your table.,teacher,6,0,,,0.0
Nine. Nine. Nine.,student,3,0,,,
Nine.,multiple students,1,0,,,
"You can tell somebody.  Take that out of your mouth, please.",teacher,11,0,,,0.0
Okay.,student,1,0,,,
"Thank you.  [Foreign language.]  I don’t know [foreign language].  I try in Portuguese.  [Foreign language]?  I should know that word, it’s my favorite. Student C?",teacher,25,0,,,0.0
Nine.,student,1,0,,,
"Do you agree with Student C?  Show me yes or no.  Yes, I think there will be nine vanilla; no, I do not think there will be nine vanilla.  Student C, you’re not thinking?",teacher,34,0,,,1.0
I’m thinking about just [inaudible] answer.,student,6,0,,,
"Student C thinks there will be nine vanilla choices. There were nine chocolate, could there also be nine vanilla, yes or no?  Student A?  [Foreign language.]  You do.  I agree.  And instead of making the whole tree, I know Student C is right.  There will be nine.  So, how many choices is that in all for my cupcakes?",teacher,58,2,0.0,,0.0
Nine.,student,1,0,,,
"Student C, I’m really not pleased with the way you’re sitting right now.  Student J?",teacher,15,0,,,0.0
18.,student,1,0,,,
"Yeah, there will be 18 choices.  So, looking back – sit the right way, please.  Thank you.  Student C, sit the right way, please.",teacher,24,0,,,0.0
Hmm?,student,1,0,,,
"Sit the right way.  Turn your chair.  Thank you.  So, the question is how many combinations can you make?  I need a full sentence.  The question was –",teacher,28,0,,,0.0
There can be 18 combinations.,student,5,0,,,
– how many – how many combinations can you make?  Let’s use the words from the question to write our answer.  Put your chair flat.  Student A?,teacher,27,0,1.0,,0.0
"There can be 18 combinations. So, this is why.",student,9,0,,0.0,
"I’ll take a different way, Student E?",teacher,7,0,0.0,,0.0
From the [inaudible] –,student,4,0,,,
Tell me.,teacher,2,0,,,1.0
"You might – well, you can make 18 combinations.",student,9,0,,0.0,
I love ’em both.,teacher,4,0,0.0,,0.0
But I want one here.,student,5,0,,,
What’s yours?,teacher,2,0,1.0,,0.0
We can make 18 combinations.,student,5,0,,,
"Oh, so instead of you, we.  I like it.",teacher,9,0,0.0,,0.0
Yeah.,student,1,0,,,
"Very good.  Who can tell me the equation that goes with this? Student I, I know you like to do the equations.",teacher,22,2,,,1.0
2 times 3 times 3 equals 18 combinations. I have 9 times 2.,student,13,0,,0.0,
"It can’t be 9 times 2.  Student I, can you explain to us, where did this 2 come from?",teacher,19,0,1.0,,1.0
From the 2 flavors.  And the 3 came from the 3 frostings.  And the other 3 came from the 3 sprinkles.,student,21,0,,0.0,
"Student O, please stop that.",teacher,5,0,0.0,,0.0
"This is wrong, Teacher R?",student,5,0,,,
What’s that?,teacher,2,0,0.0,,0.0
This is wrong for the rest of the –,student,9,0,,0.0,
"I know.  Let’s not make that decision now.  Good.  Please. Once you’ve copied down your equation, close your math notebook.  Carefully, walk around the camera and join me on the rug.",teacher,31,1,0.0,,0.0
No.,student,1,0,,,
Turn those brains on.  You guys can stay there.  That’s fine. You can even sit right in the back there and then you won’t be seen on film.,teacher,28,0,,,0.0
"No, I want to stay.",student,5,0,,,
"Thank you.  No, don’t copy the whole thing.  Student C, we don’t have time.  Just copy this bottom part here.  Just this. Try not to look at it.  Okay.  It’s gonna be more helpful for the people watching if we ignore the camera. Okay.  I’m really not pleased with the way you’re behaving right now.  That’s not how we sit on the rug.  We don’t sit that close.  Back up, please.  [Quick].  Okay.  Great. So, let’s take a look over here.  We’ve been talking about different strategies to solve difficult multiplication problems. Excuse me.  Thank you.  I still need your full attention over here.  [Foreign language.]  Yes.",teacher,107,2,0.0,,0.0
"Probably, ’cause they always [inaudible].",student,5,0,,,
"Are we gonna – careful behind you, please. Are we gonna do math like this?",teacher,15,0,0.0,,0.0
This is wiggly.,student,3,0,,,
"Yes, we are.  That’s what we’re doing today.",teacher,8,0,,,0.0
[Inaudible.],student,1,0,,,
"Good.  Okay.  Attention back over here.  So, let’s take a look at this right here. Who can read the question that I wrote up here?  Student C?",teacher,27,0,,,0.0
Oh my what –,student,4,0,,,
Don’t forget O-W says ow.,teacher,5,0,,,0.0
Ow.,student,1,0,,,
"So, h, h –",teacher,4,0,,,0.0
How –,student,2,0,,,
Good.,teacher,1,0,,,0.0
– many wow –,student,4,0,,,
Arms.  This is an arm.,teacher,5,0,,,0.0
– does 24 –,student,4,0,,,
"Oh, you’re embarrassing me.  Stop it.",teacher,6,0,,,0.0
– octopus has.,student,3,0,,,
Thank you very much.  How many arms do 24 octopuses have?,teacher,11,0,,,0.0
Octopus have – octopuses?,student,4,0,,,
This is more than one octopus.,teacher,6,0,,,0.0
"Well, eight –",student,3,0,,,
"So, let’s see.  How many arms does one octopus have?",teacher,10,0,,,0.0
Eight.,student,1,0,,,
Student J?,teacher,2,0,,,0.0
Eight.,student,1,0,,,
"Eight.  Okay.  So, let’s just number those so I see.  I’ve got one, two, three, four, five, six, seven and eight.",teacher,21,0,,,0.0
"Teacher R, the equation is –",student,6,1,,,
"Oh, I’m so sorry.  Did you just say a word I was waiting for? Can we hear Student A, please?",teacher,20,0,0.0,,0.0
Yeah.,student,1,0,,,
What was the word you just said?,teacher,7,0,,,0.0
The equation is 8 times 24.,student,6,1,,,
"So, we have our –",teacher,5,0,0.0,,0.0
Equation.,student,1,1,,,
– equation here.  And she says the equation is?,teacher,9,2,,,0.0
Is 8 [inaudible] –,student,4,0,,,
"Let’s take a look at the equation for a minute.  I just want to talk about some of the important words that we’re gonna need.  Does anyone remember what this number – I know it’s an 8. Student R, you’re not paying attention when you do that. Did anyone know what [compart] of the equation this is? Student T?",teacher,59,2,,,1.0
Factor.,student,1,0,,,
"Yeah, awesome.  Thanks, Student T.  It is.  That’s a factor. So, we’ve got – right here, we’ve got 8 is a factor in that equation. So, if – it can still here you even if your camera can’t see you, okay. If 8 is a factor, Student C, what is 24?",teacher,51,1,,,0.0
Factor.,student,1,0,,,
"It’s a factor also.  There are two factors in a multiplication problem.  So, we have two different factors there.  Does anyone know what the answer to a multiplication problem is called?  Student T?",teacher,33,4,,,1.0
The product.,student,2,1,,,
That’s it.  That’s it.,teacher,4,0,,,0.0
The product.,student,2,1,,,
"The product.  Take your hands off that, please.  So, we’re gonna find the product.  It’s missing right now.  We’ll find it. Now, we’ve learned a couple different strategies to do this.  One of them is, if you take a look up there, breaking apart one of the factors.  Student G, do you know where I’m pointing right now?",teacher,58,3,,,0.0
Right there.,student,2,0,,,
"You got it.  Breaking apart one of the factors.  So, as we’re looking at 8 and 24, which factor does it make the most sense to break? Can you sit up, please.  Nice and tall.  Cross your legs. Student B, Student B?",teacher,42,1,,,0.0
"You can do 10 times 8. No, no.",student,8,0,,0.0,
"So, which factor are we breaking up, then?",teacher,8,0,0.0,,0.0
"Teacher R, no.",student,3,0,,,
"Which factor are we breaking up? Stop.  Cross your legs, please.",teacher,11,0,,,0.0
That 8.,student,2,0,,,
That’s not what you just broke up.  You broke up the 24. Didn’t you break it up into 10?,teacher,19,0,,,0.0
Yeah.,student,1,0,,,
Okay.,teacher,1,0,,,0.0
You need 2 10s and 4.,student,6,0,,,
"Please don’t shout out like that. Okay, so, Student B says – we’re gonna go with Student B’s strategy for just a minute. Put your hand down for just a sec.  I’ll call on you.  I see you’re eager. Student B says, okay, if I have 8 times 24 – which I’ll write right here for us.  Student B says, okay, that could be 8 times 10 –",teacher,68,0,0.0,,0.0
10.,student,1,0,,,
Another 10?,teacher,2,0,,,0.0
8.,student,1,0,,,
Does that make sense?,teacher,4,0,,,0.0
Yeah.,student,1,0,,,
Another –,teacher,2,0,,,0.0
8 times 10. And 8 times 4.,student,7,0,,,
Oh.,teacher,1,0,0.0,,0.0
"And 20. Then, 8 times 4.  No, 8 times 4.",student,10,0,,0.0,
"Oh, I missed my little plus sign in there.",teacher,9,0,0.0,,0.0
I know what you can use.,student,6,0,,,
"Go change your name right now, please.  Go change your name.",teacher,11,0,0.0,,0.0
"Teacher R, [inaudible.]",student,3,0,,,
"So, wait a minute.  I just want to back up a minute.  Where did Student B and Student C and somebody else, whose voice I heard – back up please – where did they come up with 10, 10 and 4? Student O, I need you to pay attention.  Where did those numbers come from? I really am – I just don’t even know what to do right now. Where did those numbers come from?  Are you listening? Where did the 10, the 10 and the 4 come from?  You know this, ’cause you did it for me yesterday and on your homework last night.",teacher,105,0,,,0.0
I know.,student,2,0,,,
Student O?,teacher,2,0,,,0.0
"They were break like – they would probably break it.  Then, they do have 8 times 10, 8 times 10 equals 80 plus 80.",student,24,0,,0.0,
"Okay.  So, you’re saying 8 times 10 is 80.  And you’re saying 8 times 10 is 80.",teacher,17,0,1.0,,0.0
Yes.,student,1,0,,,
But what I wanna – I want to back up for just a minute. Student E.  I want to back up for just a minute.  Where did we find the 10?,teacher,31,0,,,1.0
They break it.,student,3,0,,,
"Oh, so they found it up here.",teacher,7,0,,,0.0
"Yeah, this was [inaudible].",student,4,0,,,
"Student T – I mean, Student A, can you explain a little further what Student O is trying to get at.",teacher,21,0,,,1.0
"Because there’s 20 – they put 10 and 1, that’s 8 times 10 and 8 times 10.  They break that 20 to 10.",student,23,0,,1.0,
"Ah, so we can break 10 into 3 pieces – I mean 24 into 3 pieces, 10 plus 10 plus 4.  Student A, what is 10 plus 10 plus 4?",teacher,30,0,1.0,,0.0
No.,student,1,0,,,
"Are you Student A, now?",teacher,5,0,,,0.0
"Teacher R, Teacher R, it only can be two ways.  You can half.",student,13,0,,1.0,
"No, you can do it three times.  You can do more than half.  10 plus 10.",teacher,16,0,1.0,,0.0
"A half. Get ’em all, 24.",student,6,0,,,
"You got it, smarty pants, 24.  Come on back over here.  I need your brain still.  Okay.  So, now, let’s go over to here. Student O, you wanted to answer that.",teacher,31,0,1.0,,0.0
33.,student,1,0,,,
32.  Okay.  Student J?,teacher,4,0,,,0.0
I guess I’ll answer.,student,4,0,,,
Sure.,teacher,1,0,,,0.0
The answer is 100 and –,student,6,0,,,
Move over here so you can see.,teacher,7,0,0.0,,0.0
"60 – 60, 70, 80, 90.  Oh, it’s 192.",student,9,0,,0.0,
"Whoa, hoo, hoo, hoo.",teacher,4,0,0.0,,0.0
I –,student,2,0,,,
"Moving over to this area.  192.  And I think I know what was going on in Student J’s brain.  Student S, I think – Student S, I think that he was adding 80 plus 80 first.",teacher,36,1,,,0.0
"Oh, no.",student,2,0,,,
"And he knows – cross your legs, please.  He knows that 8 plus 8 is?",teacher,15,0,,,0.0
16.,student,1,0,,,
"16.  And then, just –",teacher,5,0,,,0.0
Add a zero.  Zero.,student,4,1,,,
"Add a zero, so that’s 160.  So, he knew 80 plus 80 was –",teacher,14,1,,,0.0
160.,student,1,0,,,
"160.  And then, he had to add 32.",teacher,8,1,,,0.0
Yeah.,student,1,0,,,
"So, I heard him as he was thinking out loud, Student A –",teacher,13,0,,,0.0
"Oh, I’m going.",student,3,0,,,
Look alive.,teacher,2,0,,,0.0
"Who, Student A?",student,3,0,,,
"I heard him say 160 plus 30.  160, 170, 180, 190 plus 2 more.",teacher,14,0,,,0.0
"Oh, a Z. Is that a Z?",student,7,0,,,
What do you think it is?,teacher,6,0,0.0,,1.0
I don’t know. A Z.,student,5,0,,,
"Don’t waste our time, please.  So, 192.  Great.  I need now a sentence.  Now, I need a sentence, a full sentence to answer it.  The question is how many arms do 24 octopuses have?  My answer is what?  And remember what we started with yesterday?",teacher,45,0,0.0,,0.0
[Inaudible.],student,1,0,,,
We start here.,teacher,3,0,,,0.0
24 plus 8. 24 October. 24 plus 8.,student,8,0,,0.0,
"Wow, look at all these smart hands.  Student S, haven’t heard your voice in a while?",teacher,16,0,1.0,,0.0
24 octopus –,student,3,0,,,
Good.,teacher,1,0,,,0.0
– have 192 arms.,student,4,0,,,
What a beautiful answer.  That’s good.  And we know that this is one strategy that we have.  What is the name of this strategy here?,teacher,25,0,,,0.0
Break it apart.,student,3,0,,,
You got it.,teacher,3,0,,,0.0
Breaking apart.,student,2,0,,,
This right here is our breaking apart strategy.  Who can tell me –,teacher,13,0,,,1.0
Strategy.,student,1,0,,,
I’m really – I’m getting upset here at this point.  Okay.  Go change your name again.,teacher,16,0,,,0.0
This thing is bothering me.,student,5,0,,,
"I don’t care.  Right now, what’s bothering me is that you’re not learning math.  Go change your name.  Get that name back up, please.  I bet you can do it before the end of math. Good.  This is our breaking apart strategy.  What is a strategy?  What is a strategy?  Student B?",teacher,52,0,1.0,,0.0
"It’s like – oh, man.",student,5,0,,,
Can somebody help her?  That’s tough.  What does that word strategy mean?  You know this.,teacher,15,0,0.0,,1.0
It’s like a lot of –,student,6,0,,,
Some of you know this.,teacher,5,0,0.0,,0.0
– combinations that you can make.,student,6,0,,,
"A lot of combinations you can make.  [You are] – well, I’ll give you a hint.  You can – you use different strategies to solve problems.",teacher,26,0,1.0,,0.0
It’s like different answers.,student,4,0,,,
It’s almost – a strategy helps you get an answer.,teacher,10,0,,,0.0
It’s a lot of ways that you can get an answer.,student,11,0,,0.0,
"Yeah, yeah.  It’s a different way to help you get an answer. For instance, yesterday, Student S, was it you who came to me?  Your jacket was stuck.",teacher,28,0,1.0,,0.0
Yeah.,student,1,0,,,
Yeah.  Student S couldn’t get out of his jacket.  The zipper was stuck.  And he tried a strategy.  He tried to pull it himself.  Didn’t you?  And that was his first strategy.  It didn’t work.,teacher,35,0,,,0.0
Yeah.  It’s like –,student,4,0,,,
"His second strategy was to come to me.  And he’s, maybe, Teacher R has a strategy that can help me.  So, I tried a different strategy.  And I sort of – I kind of wiggled it.",teacher,36,0,,,0.0
I went to Coach D first.  Well –,student,8,0,,0.0,
"Oh, I didn’t realize Coach D was the first strategy.",teacher,10,0,1.0,,0.0
"It was [inaudible] when I think – I forgot to tell him.  Then, I – and then, I was trying to open it and I couldn’t.  It was stuck.  And I came to you.",student,34,0,,0.0,
"And then, you came to me.  So, I was strategy number three. And then, I got him free.  Very nice. So, we have another strategy that we’re learning.  Can you follow me with your eyes over here? Student G, get your [tush] back here, please. Whoa, wait a minute.  Off topic, but, Student J, your social studies notebook.  Shocking.  Let’s put this away, please. Okay.  Take a look over here.  We’ve got our breaking apart strategy and we also have this strategy up here. Put your chair flat, please. We have that strategy up there.  Anyone have a name for that one?  Student I?",teacher,104,0,1.0,,0.0
Arrays. Array strategy.,student,3,2,,,
"Love it.  Array strategy.  You read my mind.  I thought the same thing.  We are gonna make also our array strategy – Student O loves this strategy, so she uses it all the time, don’t you? Let’s take a look.  Student A, I need your brain.  Come on, a little closer.  Thank you, Student G, for joining us. Can we back up a little bit, so Student G has some room?  I need you to back up.  Student C is behind you.  He can’t see.",teacher,85,2,,,0.0
Oh.,student,1,0,,,
"You back up.  Student C come forward. So, let’s see.  I’m gonna start.  My equation is 8 times 24.  So, would anyone mind if I changed it to 24 times 8?",teacher,31,1,,,1.0
Yes.,multiple students,1,0,,,
Is that all right?,teacher,4,0,,,0.0
Yeah.,multiple students,1,0,,,
Yeah.  You can do that.,teacher,5,0,,,0.0
As long as there’s math [inaudible].,student,6,0,,,
"Love that you know that.  It’s gonna be the same, not answer, but?  Product.  It will be the same product. Come on, turn your name around.  Let’s go. So, let’s see.  24 – it’s not gonna be exact, but that’s all right, isn’t it?",teacher,44,2,0.0,,0.0
Yes.,multiple students,1,0,,,
It’s not our class.,student,4,0,,,
It’s not our class.  It’s?,teacher,5,0,,,0.0
It’s math [inaudible].,student,3,0,,,
"Math class.  So, I’ve got 24 –",teacher,7,0,,,0.0
Times 8.,student,2,0,,,
– times 8.,teacher,3,0,,,0.0
"Oh, I think it was my friend – my teacher – my old teacher, she said that 24 – the corner times and then the –",student,26,0,,0.0,
"Oh, I like that.  Okay.",teacher,5,0,0.0,,0.0
"Teacher R?  Is Student S said [inaudible] if you finish your work, you can go to Unit 1.  I go to Unit 1, Page 1.  I found the same – that I tried to tell you that.  Like, [A circle T].",student,41,3,,0.0,
That’s your last [inaudible].,teacher,4,0,1.0,,0.0
I got the answer.,student,4,0,,,
"And you found it like that.  That’s awesome.  Turn forward. Cross your legs. So, I’m gonna use the same ones that we found over here.  8 times 10 and 8 times 4.  So, I’m gonna break this up and let’s see.  I don’t know.  I wish I had done a better job, but that’s all right.",teacher,56,0,,,0.0
"10, 10, 4. 10 times 8, 10 times 8 and –",student,11,0,,0.0,
"Here’s what I’m hoping happens right now.  I’m hoping that you see that both of these strategies can be used to solve multiplication and they’re what, Student B?",teacher,28,1,0.0,,0.0
The same.,student,2,0,,,
"How are they the same, Student B?  Go over here and listen.",teacher,12,0,,,0.0
Because you were adding – you’re adding 8 times – 10 times 8 that equals 80.,student,16,0,,1.0,
"Oh, no, I made a mistake.  I did.  Okay.",teacher,9,0,0.0,,0.0
You meant 30.,student,3,0,,,
Oh.,teacher,1,0,,,0.0
[Inaudible] white thing.,student,3,0,,,
My white stuff?,teacher,3,0,,,0.0
Yeah.,student,1,0,,,
"Nah, I don’t wanna waste time, but for right now that’ll be all right.",teacher,14,0,,,0.0
And then –,student,3,0,,,
Thank you.,teacher,2,0,,,0.0
"– the other 10, because 8 times – 10 times 8 equals 80. It works now.",student,16,0,,1.0,
It does.  Yeah.,teacher,3,0,1.0,,0.0
"Equals 80.  And then, it’s the same thing that down, because 8 times 10 equals 80.",student,16,0,,1.0,
"So, we see an 8 times 10 here and we see –",teacher,12,0,1.0,,0.0
10 times 8.,student,3,0,,,
"– 10 times 8 here.  And we see it here as well.  And then, the last one is over there.  So, it equals the same thing.  Our product is?",teacher,29,1,,,0.0
192. 92.,student,2,0,,,
2.,teacher,1,0,,,0.0
"Teacher R, these are for that – when I said 3 times 2 times 3, then I want to say they have 3 times 3 times 2.  If you change this around, place for the numbers, it’s gonna be the same as –",student,43,0,,0.0,
Yeah.  And that works for multiplication and for addition. What do you need?,teacher,13,2,0.0,,0.0
And subtraction.,student,2,1,,,
Lotion?,teacher,1,0,,,0.0
Yeah.,student,1,0,,,
Go right ahead.  Okay.,teacher,4,0,,,0.0
And for subtraction.,student,3,1,,,
"Does it work for subtraction, Student N?",teacher,7,1,,,0.0
Yeah.,student,1,0,,,
"Let’s talk about that more, ’cause it actually does not work for subtraction, and we can talk about why in a little bit. Okay.",teacher,24,1,,,0.0
But I had for [inaudible].,student,5,0,,,
"So, I have to tell you, I’m getting super excited about my birthday.  I can’t help it.  I love parties.",teacher,20,0,0.0,,0.0
The same thing happens to me.,student,6,0,,,
"Oh, my gosh, I know.  The same thing happens to you.  Who gets – yes, happy, thank you, Student S?  Who else gets excited or happy about having a birthday?",teacher,30,0,1.0,,0.0
Me.,multiple students,1,0,,,
"[Foreign language.]  Yeah, I get super, super excited. [Foreign language.]  Do you get excited?  [Foreign language.]  No.  [Foreign language.]  Okay.  Me too. Please stop touching that. Me too. So, actually, why don’t I just keep it up here. So, I want to talk to you.  My birthday is coming up as you all know, ’cause, oh, I put it on the calendar.",teacher,62,0,,,0.0
And we’re making a pizza.,student,5,0,,,
And we’re gonna have a pizza party that you guys earned.,teacher,11,0,1.0,,0.0
And a holiday.,student,3,0,,,
"And, oh, my gosh, it’s gonna be like the greatest day in the world. It’s not gonna work.  Okay. Yeah.  What?",teacher,21,0,,,0.0
[Inaudible] chocolate.,student,2,0,,,
"Yes.  So, oy vey. So, now, what I want to do is – thank you.  Can you sit back down.",teacher,20,0,,,0.0
[Inaudible.],student,1,0,,,
We’ll talk about it.  Shh.,teacher,5,0,,,0.0
Don’t do [inaudible].,student,3,0,,,
"Let’s not talk about it now.  Shhh.  Okay.  We gather back over here, please.  Oh.  Thank you.  You guys quieted down really quickly.  Can you please back up a little bit away from the board, so other kids can see.  Put the marker back, Student S. So, I want to talk to you about my birthday, ’cause I think you guys, generally, have some really good ideas.  And I want to talk to you now about –",teacher,77,0,,,0.0
[Inaudible.],student,1,0,,,
"Shh.  Student O, you ready?",teacher,5,0,,,0.0
Yes.,student,1,0,,,
Okay.  Can somebody read this little story problem I have here?,teacher,11,0,,,0.0
"Well, you are gonna be here.",student,6,0,,,
I need to wait until everyone’s sitting the right way.  The kids in my front row are not.,teacher,18,0,1.0,,0.0
Why?,student,1,0,,,
"Cross your legs, please.",teacher,4,0,,,0.0
I don’t like crossing my legs.,student,6,0,,,
I don’t care if you don’t like it.  Just cross your legs.,teacher,12,0,1.0,,0.0
Oh.,student,1,0,,,
Thank you.  We’ll go back to our seats in just a minute and then your legs don’t have to be crossed anymore.,teacher,22,0,,,0.0
Okay.,student,1,0,,,
"Okay.  Student T, can you read it, please?",teacher,8,0,,,0.0
Teacher R is planning a party.  She bought 17 packs of balloons.  Each packet contains 8 balloons.  How many balloons did she buy? She bought –,student,26,0,,0.0,
"Wonderful.  I want to talk about just a few of the words in here to make sure that everyone understands all of the words.  So, Teacher R is planning a party.  What does it mean to plan, this verb right here?",teacher,41,0,1.0,,1.0
It’s when –,student,3,0,,,
To –,teacher,2,0,,,0.0
Buy.,student,1,0,,,
"Plan. Sort of quiet and hands.  I saw a hand.  Student J, what does it mean to plan a party?",teacher,20,0,,,1.0
It’s like to think about the party.,student,7,0,,,
I like it.  To think about it.  How do you see that in Portuguese?  Does anyone know?,teacher,17,0,1.0,,1.0
No.,student,1,0,,,
[Foreign language.],teacher,2,0,,,0.0
[Foreign language.],student,2,0,,,
"[Foreign language.]  Teacher R is still [foreign language]. Okay, good.",teacher,10,0,,,0.0
But I’m –,student,3,0,,,
"Is that good? Okay.  Sit there.  Wait, please.",teacher,8,0,,,0.0
[Foreign language.],student,2,0,,,
"What’s that, sweetie?",teacher,3,0,,,0.0
[Foreign language.],student,2,0,,,
"[Foreign language.]  Really?  [Foreign language.]  Okay, good. Student C, stop that, please.  We don’t miss anything. We’ve got a camera on you right now.  Stop it. Let’s go to the next sentence, she bought 17 packages of balloons.  This word right here “bought”, what is this verb in the present –",teacher,51,0,,,0.0
Past tense.,student,2,0,,,
"It’s the past tense.  You’re right, Student C.  What is it in the present tense?",teacher,15,0,,,0.0
Buy.,multiple students,1,0,,,
Bought.,student,1,0,,,
"So, we have bought right here.  [Foreign language.]",teacher,8,0,,,0.0
You want to buy it right then.  You buy it.,student,10,0,,0.0,
"And now, right now, to buy.  Good.  So, that means that I already bought –",teacher,15,0,1.0,,0.0
I was going to buy.,student,5,0,,,
I know a lot of side talking going on.  I don’t like it.,teacher,13,0,0.0,,0.0
"Oh, Teacher R.",student,3,0,,,
"You’re not controlling yourself.  And what about this word here, “packages”.",teacher,11,0,,,1.0
Packages.,student,1,0,,,
"What is a package?  When Student T was reading, she actually shortened the word to pack and it means the same thing. Student I, just ’cause you guys aren’t over here, it doesn’t mean you don’t have to pay attention. What is a package, Student I?",teacher,46,0,,,0.0
It’s like a package means like a group of something.,student,10,0,,0.0,
"Oh, I like it.  A package is a group of something.  A box. [Foreign language.]  A box of things. Stop it.  Move over here.  Stop playing with things. Okay.  So, I bought 17 packages of balloons.",teacher,36,0,1.0,,0.0
Balloons. [Foreign language.],student,3,0,,,
"Good.  Each package has eight balloons in it.  Actually, I said the word contains and that means has.  How many balloons did I buy?  We’ve got different strategies that we can use. So, who can tell me what is the equation that I need to solve this problem? What’s the equation?  I only have two hands.  How disappointing.  What is the equation?",teacher,62,3,,,0.0
The equation.,student,2,1,,,
I have three smart hands.,teacher,5,0,,,0.0
Ooh. What’s the –,student,4,0,,,
Did you forget what equation means? This is equation.  This is an equation.,teacher,13,3,,,0.0
Oh.,student,1,0,,,
"Oh.  Now, raise your hand and tell me, what is the equation for this one?  I need just like five more minutes of your attention and then you go to your seats to do independent work.  Good.  Look at all these hands now.  Student C?",teacher,45,1,,,0.0
17 times 8.,student,3,0,,,
Good.  Could I also do 8 times 17.,teacher,8,0,,,0.0
Yes.,multiple students,1,0,,,
"Both of them work. Sit the right way, boys.  Right now, sit the right way. Good.  I’m gonna save my sentence answer for the end.  I have three strategies that I can use – breaking apart, array, algorithm.  Help me right now.  Student S, I haven’t heard your voice in, I don’t even know, like a hundred years?  I’m exaggerating a little bit.  Can you help me with the breaking apart strategy?",teacher,72,3,,,0.0
"Oh, I know.  I know. 10 is 80 [inaudible].",student,9,0,,0.0,
10 times 8 –,teacher,4,0,0.0,,0.0
Gives you 80.,student,3,0,,,
"– plus 7 times 8.  Very good.  So, this is – great.  And let’s take a look right here.  What is 10 times 8?  Who’s sitting the right way with their hand up?  Student T?",teacher,35,0,,,0.0
80.,student,1,0,,,
"Thank you.  What is 7 times 8?  Student A, I don’t see you paying attention.  7 times 8? Who is sitting down correctly with their hand in the air?",teacher,29,0,,,0.0
[Inaudible.],student,1,0,,,
Student J?,teacher,2,0,,,0.0
[Inaudible] 56.,student,2,0,,,
"Very nice, thank you.  Student I, can you help us out here?  80 plus 56?  Did I put you on the spot?",teacher,22,0,,,0.0
Wait [inaudible]. Me?,student,3,0,,,
"Don’t lean on that, please.  Thank you. All these smart hands.  I love it.",teacher,14,0,,,0.0
126.,student,1,0,,,
"Close, close, close.",teacher,3,0,,,0.0
136.,student,1,0,,,
"Is that right, Student S, 136?",teacher,6,0,,,0.0
Yeah.,student,1,0,,,
You got it.,teacher,3,0,,,0.0
I got a strategy I could break.,student,7,0,,,
136.,teacher,1,0,0.0,,0.0
I got a strategy that you could break with this.,student,10,0,,0.0,
A different strategy?,teacher,3,0,1.0,,0.0
Yeah.,student,1,0,,,
What’s yours?,teacher,2,0,,,0.0
My strategy is –,student,4,0,,,
"Thank you, sweetie.",teacher,3,0,,,0.0
– 4 times 10 and another 4 times 7.  I’m bringing up both of them.,student,15,0,,0.0,
"I want to go back to your seat with you in a minute when we do independent work and talk about that strategy.  Please don’t forget, okay?  You promise?  Okay. Let’s go over the array right here.  I’m gonna set up my array. Folks, we’re almost, almost done.  Hold on, Student B, I hear you. 17 times 8 –",teacher,59,2,0.0,,0.0
Times the corner. Oh.,student,4,0,,,
And let’s do the same strategy.  Tell me when to stop.  I want to break this array in half.  I need it to be at 10.  Tell me when to stop.,teacher,31,1,,,0.0
Stop.,multiple students,1,0,,,
A little less than half.,teacher,5,0,,,0.0
"No, a little bit less. Yeah. Up, up, up. Stop. Oh, oh.",student,12,0,,0.0,
Stop.,multiple students,1,0,,,
What will I write down here.,teacher,6,0,,,0.0
7 times 8.,multiple students,3,0,,,
"No, it’d be times 7. No, it doesn’t matter.  The same thing.",student,12,0,,0.0,
"Right here, is it 8 times 7?  Stop, please.",teacher,9,0,1.0,,0.0
"Yeah, because right there is 7 too.",student,7,0,,,
"Well, this I broke – stop that, please.  I’ve broken this up right here.  So, this is the 10.",teacher,19,0,0.0,,0.0
Yeah.,student,1,0,,,
"This is the 8 going across.  If I break it here, then I cut the 8.",teacher,16,0,,,0.0
"Yeah, [inaudible].",student,2,0,,,
"And the last one is the algorithm, which is one item many of you really prefer to use.  So, let’s take a look over here. I’m gonna set up the algorithm and you guys are gonna head back to your seats right after this. How many of you – show me with hands – like this strategy here?  Look up, please.  Student S, do you know that strategy?",teacher,68,2,,,0.0
[Inaudible.],student,1,0,,,
"No, you’re not so comfortable with it.  How many of you have seen it done, but you’re just not so good at it yet?  Some of you, okay. Watch me as I do it and, maybe, help me when I ask for help, okay? I start over here.  What is 8 times 7?",teacher,53,0,,,0.0
56.,multiple students,1,0,,,
"56.  So, what am I gonna write right here.",teacher,9,0,,,0.0
56.,student,1,0,,,
6 and I’m gonna –,teacher,5,0,,,0.0
50 on top.,student,3,0,,,
"You got it, buddy.  I like that on top of.  Very nice.  Now, I’m gonna 8 times 1 –",teacher,19,0,,,0.0
8.,multiple students,1,0,,,
Plus 5.,teacher,2,0,,,0.0
85. 13.,student,2,0,,,
8 plus 5 –,teacher,4,0,,,0.0
5. 13. 17 – 8 – 13.,student,7,0,,,
8 plus 5?,teacher,3,0,1.0,,0.0
13.,multiple students,1,0,,,
"13, thank you.",teacher,3,0,,,0.0
13.,student,1,0,,,
Okay.,teacher,1,0,,,0.0
Yeah.,student,1,0,,,
"So, these are our three different strategies that we use pretty comfortably – maybe, not the algorithm yet – for multiplication.  When I set you free, you are going to go to your seats and work independently on –",teacher,39,2,,,0.0
"Page 3, Unit 3.",student,4,1,,,
"How did you get so smart, Student I?  How did you know that?",teacher,13,0,,,1.0
[Inaudible.],student,1,0,,,
"And you’re very observant.  You’re gonna go – take a look right here.  Unit 3, Page 3.  It is some reading.  So, I know some of you are gonna be like, ahh, reading.  But if you know that it’s just using one of these three strategies to solve the problem and if you start, I think you’ll be all right. Now, listen.  I don’t care which strategy you use, but this is what you must have, the part I actually forgot, a sentence answer. Who can help me write the sentence answer?  How many balloons did she buy?  Student G, what’s the sentence answer?",teacher,104,1,,,0.0
"Teacher R, Teacher R, Teacher R?",student,6,0,,,
Please don’t Teacher R me.,teacher,5,0,1.0,,0.0
You had – No. She buyed – She bought – Excuse me.  It’s Student G’s turn. – 136 balloons.,student,19,0,,0.0,
"Thank you.  I need a longer arm, Student G.  Uh, thank you. Not she buyed, she bought, because, if we remember, the past tense of buy is bought.",teacher,28,0,1.0,,0.0
’Cause you already bought [inaudible].,student,5,0,,,
[Foreign language.]  Bought.,teacher,3,0,1.0,,0.0
And buys is [inaudible].,student,4,0,,,
Bought is right here.  [Foreign language.],teacher,6,0,,,0.0
Buy [inaudible].,student,2,0,,,
"Thank you, sweetie.  Okay.  Let’s have – Student O, get your book.  Student A, get started.  Page 3, Unit 3.  Student E, okay?",teacher,23,1,,,0.0
"Page 3, Unit 3.",student,4,1,,,
"You got it, buddy.  Student S, come on.  Student A –",teacher,11,0,,,0.0
Please.,student,1,0,,,
"I’ll put this chart on the board for you, so you can see it.",teacher,14,0,,,0.0
Who’s that for –,student,4,0,,,
Student I.,teacher,2,0,,,0.0
I’m learning.,student,2,0,,,
You can see the names?,teacher,5,0,,,0.0
Oh.,student,1,0,,,
"Student S, Student S.",teacher,4,0,,,0.0
I want you to look at mine.,student,7,0,,,
"Student T, Student E, Student G, Student R.",teacher,8,0,0.0,,0.0
Can I see mine? Student J.,student,6,0,,,
"Student J, Student C.  Come on, sweetie, Student J, Student J.",teacher,11,0,1.0,,0.0
Oh.,student,1,0,,,
"Thank you.  See, [inaudible] took yours out.  Where did it go?",teacher,11,0,,,0.0
[Inaudible.],student,1,0,,,
"Oh, right behind you.",teacher,4,0,,,0.0
A smile face.,student,3,0,,,
"Right here, Page 3, Unit 3.  There you go.",teacher,9,1,,,0.0
Student B.  You forgot me.,student,5,0,,,
"Student B, Student B, I don’t know where yours is.  The children who are working right away will get their eraser.",teacher,21,0,1.0,,0.0
Teacher R?,student,2,0,,,
Yes.,teacher,1,0,,,0.0
[Inaudible.],student,1,0,,,
You can sit either there or there.,teacher,7,0,,,0.0
"Teacher R, [inaudible] page.",student,4,0,,,
Oy vey.  We’ll figure something out for you.  Did you already check?,teacher,12,0,,,0.0
[Inaudible.],student,1,0,,,
Okay.  Yes.  I’ll come around and check.,teacher,7,0,,,0.0
[Inaudible] start on Page 2.,student,5,0,,,
"Okay.  Let me see what I can do for you, buddy. Shh.  Voices are off.",teacher,15,0,0.0,,0.0
[Inaudible.],student,1,0,,,
"Okay.  Give me just a sec, okay? I love the way most of you are getting started right away. Do you know how to do this right here?",teacher,28,0,,,0.0
No.,student,1,0,,,
"Can you take a look at it and see? Student O, open your book.",teacher,14,0,,,0.0
Which one –,student,3,0,,,
"Hold on one second, please.",teacher,5,0,,,0.0
"Teacher R, can you tell he and he –",student,9,0,,0.0,
Choose one.,teacher,2,0,0.0,,0.0
– he and he do not say me not [inaudible]?  Don’t do it.,student,13,0,,0.0,
Don’t say what to you?,teacher,5,0,1.0,,0.0
[Mathopesius].,student,1,0,,,
[Mathopesius]?,teacher,1,0,,,0.0
Metro – [Mathopesius].,student,3,0,,,
What does that even mean?,teacher,5,0,,,1.0
"It’s [inaudible], a company.",student,4,0,,,
"Okay.  Yeah.  No, don’t say that anymore. Oh, Student S, I’ll be there in a minute.  I’m sorry, sweetie.  Continue with your work.",teacher,23,0,,,0.0
I want a basketball.,student,4,0,,,
Hmm.,teacher,1,0,,,0.0
"Yes. I want the safari one. Basketball. Basketball. Oh, let me just take the baseball.",student,15,0,,0.0,
Student B?,teacher,2,0,0.0,,0.0
Uh-uh.,student,1,0,,,
Okay.  I like how Student T is remembering her sentences with words.,teacher,12,0,,,0.0
Like [they go] plus.,student,4,0,,,
Yes.  That’s where you add.,teacher,5,1,,,0.0
I know.  Thank you very much.,student,6,0,,,
"Yes, Student C?",teacher,3,0,0.0,,0.0
Is that [inaudible]?,student,3,0,,,
No.  But plus goes up and down.  Times goes across.  Can you choose an oyster?,teacher,15,0,,,0.0
"Oh, this.",student,2,0,,,
Ice cream?,teacher,2,0,,,0.0
Yes.,student,1,0,,,
Good. The answer is –,teacher,5,0,,,0.0
"Uh-huh, [inaudible].",student,2,0,,,
"Student S, I need you to get started.  You know what, you don’t even have to read.  You see the numbers and you know we’re working on multiplication.  Set up one of the strategies, please, and I’ll come back once you’ve started.",teacher,42,1,,,0.0
"Thank you, Teacher R, [inaudible].",student,5,0,,,
"Oh, it’s not from me.  It’s from the camera people.",teacher,10,0,0.0,,0.0
I [inaudible].,student,2,0,,,
Fish.  What?,teacher,2,0,,,0.0
Teacher R?,student,2,0,,,
"Yes, what?",teacher,2,0,,,0.0
What does greater mean?,student,4,0,,,
"Greater means bigger than.  And if you look up here on our word wall, greater is bigger. Okay.  Oh, sorry.  Student J, choose one of these.  And that was fast, wow. You’re all done.  Go to Unit 1 and do anything in Unit 1.",teacher,44,2,,,0.0
I’m done.,student,2,0,,,
"Which strategy do you want to use?  Choose anything in Unit 1 right now.  Breaking apart, array or algorithm?  Which strategy would you like to use?  Ooh, the breaking apart one, I like that one.  Once you’ve started choose an eraser, okay. What do you need, honey?  Do you need something up here?  I can flip it for you.",teacher,59,3,,,0.0
We’re trying to unfold.,student,4,0,,,
I’m sorry?,teacher,2,0,,,0.0
"Teacher R, help. No. [Inaudible] 4 times 7, 28.",student,9,0,,0.0,
"Are you still looking for the page, honey?  You’re in Unit 5.",teacher,12,1,0.0,,0.0
I’m not sure I can do this.,student,7,0,,,
"I actually told you to do this side, but you don’t know how? Right here.",teacher,15,0,1.0,,0.0
"Oh, gosh.",student,2,0,,,
"Ms. R bought 13 packages of cups for a big party.  Each package contains 8 cups.  How many cups did she buy?  It’s just like the balloons problem that we did, isn’t it?",teacher,33,3,,,0.0
Uh-huh.,student,1,0,,,
"It’s the same idea.  So, you need to choose which strategy you want to use.  Do you want to use breaking apart, array or algorithm?",teacher,25,2,,,0.0
Arrays.,student,1,1,,,
"Array, okay.  So, first put your equation and then make your array.",teacher,12,3,,,0.0
"No, I mean, break it.",student,5,0,,,
"Break it, okay.  Write your equation.",teacher,6,1,1.0,,0.0
I want to [inaudible].,student,4,0,,,
This is all unfounded.  Teachers all over the country are seeing.  You’re going to real hard to stay in your seat and get your work done.,teacher,26,0,,,0.0
"Be quiet, please.",student,3,0,,,
Okay.,teacher,1,0,,,0.0
Teacher R?,student,2,0,,,
"Move to an office if somebody is bothering you. So, move to an office if somebody is bothering you.",teacher,19,0,,,0.0
[Inaudible.],student,1,0,,,
"Yes, dear.",teacher,2,0,,,0.0
He didn’t get it.,student,4,0,,,
"Okay.  So, let’s choose another one for you.  Oh, this right here.  This is what we’re doing right now.  This right here. Very good.  Very, very nice.",teacher,27,0,,,0.0
[Inaudible] like it. Do the test.  The exam is [inaudible].,student,10,0,,0.0,
"Yes, those are factors.  So, what are the factors of 16?  What numbers – excuse me, I’m talking to Student T right now. What factors make 16?",teacher,27,3,0.0,,1.0
"[Inaudible.] Teacher R, do you –",student,6,0,,,
"I’ll give you one.  Never mind, I’m not giving you any.",teacher,11,0,0.0,,0.0
"Teacher R, when you asked for mine.  I told you that I had trouble with the homework.  You know?",student,19,0,,0.0,
Yes.,teacher,1,0,0.0,,0.0
"Oh, I got the cup later and then I like skipped the numbers. And then, I got that – you get it?",student,22,1,,0.0,
Yes.  Finish your work.,teacher,4,0,0.0,,0.0
Like this.,student,2,0,,,
It’s beautiful like that.  I love your English.,teacher,8,0,,,0.0
Look.,student,1,0,,,
"Yes.  Bought, to buy [foreign language.]",teacher,6,0,,,0.0
[Inaudible.],student,1,0,,,
I’m going to remind you again that my class is right there.  We hear everything you’re saying and we’re doing math right now.,teacher,23,0,,,0.0
Teacher R?,student,2,0,,,
Yes.,teacher,1,0,,,0.0
Where are [inaudible]?,student,3,0,,,
"You got it, smarty pants.",teacher,5,0,,,0.0
[Inaudible.],student,1,0,,,
When you tell someone – double check this answer.  It’s not right.,teacher,12,0,,,0.0
[Inaudible.],student,1,0,,,
"And so, if you’re gonna do the breaking apart strategy, so choose something in Unit 1 right now to work on, but we don’t just sit there. And now, it’s 3, so 10 times 8 and 3 times 8.  What’s 3 times 8?",teacher,43,1,,,0.0
[Inaudible.],student,1,0,,,
"No, sit down.",teacher,3,0,,,0.0
I’m still sitting down.,student,4,0,,,
"Sit down, please.",teacher,3,0,,,0.0
I’m done.,student,2,0,,,
"Sit down, please.",teacher,3,0,,,0.0
I’m done.,student,2,0,,,
Thank you.  You did a wonderful job.,teacher,7,0,,,0.0
This one?,student,2,0,,,
Greater than means bigger.  [Foreign language.],teacher,6,0,,,0.0
He’s 70.,student,2,0,,,
"Yes, [foreign language].",teacher,3,0,,,0.0
12 is –,student,3,0,,,
Don’t say my name.  I’m working with somebody.,teacher,8,0,,,0.0
[Foreign language.] 60.,student,3,0,,,
"Yeah, which – yes, exactly.  Which of these is bigger than 70?",teacher,12,0,,,0.0
Which one are you doing? I’m on this one.,student,9,0,,0.0,
"You got it, smarty pants.",teacher,5,0,0.0,,0.0
That’s our answer – Is 72.,student,6,0,,,
"You got it, yeah.",teacher,4,0,0.0,,0.0
"And this one, did you have [inaudible].",student,7,0,,,
"When I’m working with somebody else, if you talk to me, it’s really, really rude.  [Inaudible.]",teacher,16,0,1.0,,0.0
[Work through] –,student,3,0,,,
"No.  There’s only one answer.  Check, are these also? Okay.  Boys and girls, who needs – excuse me.  Who needs a couple more minutes to finish?",teacher,26,0,,,0.0
I need more minutes.,student,4,0,,,
"Okay.  When you finish with Page 3, you can choose another page in Unit 1.  Please don’t shout with your neighbor and stuff, ’cause kids are still working.",teacher,28,1,,,0.0
Well –,student,2,0,,,
"And we need to add your – ooh.  Brilliant.  That’s perfect. Student S, put your chair flat. That’s perfect.  Do the next one.",teacher,23,1,,,0.0
[Inaudible.],student,1,0,,,
Can you put it away?  I think Student M is now – we’re gonna start keeping it in here next time. You got it.  This is wonderful.  He can choose anything –,teacher,32,0,,,0.0
[Inaudible.],student,1,0,,,
"Go sit down, please.",teacher,4,0,,,0.0
This one.,student,2,0,,,
"Sit down and raise your hand.  Anything in Unit 1 right now, okay?",teacher,13,1,,,0.0
[Okay].,student,1,0,,,
"You’re here.  Come on.  Stay focused.  Good.  Now, what do you need to do with these two numbers?",teacher,18,0,,,0.0
5 plus.,student,2,0,,,
"Yeah, exactly.  You need to add them.",teacher,7,1,,,0.0
