[
    {
        "start": "00:00.84",
        "stop": "00:09.16",
        "speaker": "Tutor",
        "dialogue": "Cool, I am Goninga, Turn the page and you tell me what you see and understand is happening on this page."
    },
    {
        "start": "00:10.80",
        "stop": "00:19.56",
        "speaker": "Student",
        "dialogue": "Okay, Mm, it's showing a passage from."
    },
    {
        "start": "00:21.04",
        "stop": "00:25.40",
        "speaker": "Student",
        "dialogue": "Well, what a car did to go from Providence to New Newark."
    },
    {
        "start": "00:26.16",
        "stop": "00:27.52",
        "speaker": "Tutor",
        "dialogue": "Okay, what did the car do?"
    },
    {
        "start": "00:29.60",
        "stop": "00:36.28",
        "speaker": "Student",
        "dialogue": "It took the I nin, ah, I, ninety five, Okay, and then yeah."
    },
    {
        "start": "00:36.64",
        "stop": "00:37.20",
        "speaker": "Tutor",
        "dialogue": "No, go ahead."
    },
    {
        "start": "00:37.24",
        "stop": "00:37.92",
        "speaker": "Tutor",
        "dialogue": "I interrupted you."
    },
    {
        "start": "00:38.08",
        "stop": "00:38.48",
        "speaker": "Tutor",
        "dialogue": "I'm sorry."
    },
    {
        "start": "00:38.96",
        "stop": "00:48.76",
        "speaker": "Student",
        "dialogue": "Oh it, it drove through I ninety five, and then they drove through New York City to the New Jersey Turnpike, and then they took that to Newark."
    },
    {
        "start": "00:49.52",
        "stop": "00:53.44",
        "speaker": "Tutor",
        "dialogue": "Cool, what are some things that we could measure in this journey?"
    },
    {
        "start": "00:56.00",
        "stop": "01:02.04",
        "speaker": "Student",
        "dialogue": "Uh, the like the line from Um."
    },
    {
        "start": "01:02.80",
        "stop": "01:04.68",
        "speaker": "Student",
        "dialogue": "Newark to Providence."
    },
    {
        "start": "01:05.60",
        "stop": "01:09.20",
        "speaker": "Tutor",
        "dialogue": "Okay, and if we were goning to measure that line, how would we measure it?"
    },
    {
        "start": "01:22.40",
        "stop": "01:22.96",
        "speaker": "Student",
        "dialogue": "I don't know."
    },
    {
        "start": "01:23.28",
        "stop": "01:23.56",
        "speaker": "Student",
        "dialogue": "Really."
    },
    {
        "start": "01:24.52",
        "stop": "01:25.32",
        "speaker": "Student",
        "dialogue": "maybe inches."
    },
    {
        "start": "01:25.84",
        "stop": "01:26.12",
        "speaker": "Student",
        "dialogue": "okay?"
    },
    {
        "start": "01:26.52",
        "stop": "01:28.16",
        "speaker": "Tutor",
        "dialogue": "So we can measure the line in inches."
    },
    {
        "start": "01:29.16",
        "stop": "01:29.20",
        "speaker": "Student",
        "dialogue": "Yeah."
    },
    {
        "start": "01:30.24",
        "stop": "01:32.60",
        "speaker": "Tutor",
        "dialogue": "Anything else you think about that we could measure?"
    },
    {
        "start": "01:34.64",
        "stop": "01:43.24",
        "speaker": "Student",
        "dialogue": "Um, maybe the miles from Newark to Province or provndence to Newark."
    },
    {
        "start": "01:44.36",
        "stop": "01:46.32",
        "speaker": "Tutor",
        "dialogue": "And how would we measure the miles?"
    },
    {
        "start": "01:47.24",
        "stop": "01:47.28",
        "speaker": "Tutor",
        "dialogue": "Like?"
    },
    {
        "start": "01:47.44",
        "stop": "01:49.04",
        "speaker": "Tutor",
        "dialogue": "what would we be keeping track of there?"
    },
    {
        "start": "02:07.04",
        "stop": "02:10.08",
        "speaker": "Student",
        "dialogue": "How many times they went to a new place like From Uh"
    },
    {
        "start": "02:10.28",
        "stop": "02:11.64",
        "speaker": "Student",
        "dialogue": "ninety five to New York City?"
    },
    {
        "start": "02:12.28",
        "stop": "02:18.20",
        "speaker": "Tutor",
        "dialogue": "Okay, so we can measure the miles or different times different places that we visit."
    },
    {
        "start": "02:20.16",
        "stop": "02:20.88",
        "speaker": "Student",
        "dialogue": "Yesk."
    },
    {
        "start": "02:22.00",
        "stop": "02:33.68",
        "speaker": "Tutor",
        "dialogue": "Now I'm going to uncover something, and when I uncover it, I want you to look at the map and the graph and describe and explain what is happening during each stage of the journey."
    },
    {
        "start": "02:38.76",
        "stop": "02:51.76",
        "speaker": "Student",
        "dialogue": "A A would be W. wait, A would be provindence, and then they stay."
    },
    {
        "start": "02:52.04",
        "stop": "02:53.56",
        "speaker": "Student",
        "dialogue": "They wait."
    },
    {
        "start": "02:53.68",
        "stop": "02:54.32",
        "speaker": "Student",
        "dialogue": "The's miles."
    },
    {
        "start": "02:54.44",
        "stop": "03:05.68",
        "speaker": "Student",
        "dialogue": "Okay, They drove fifty miles from Providence to the I ninety five, which is B, and then they stayed on that for."
    },
    {
        "start": "03:07.80",
        "stop": "03:07.96",
        "speaker": "Tutor",
        "dialogue": "One."
    },
    {
        "start": "03:08.04",
        "stop": "03:11.04",
        "speaker": "Student",
        "dialogue": "And a half, they stayed on the I. ninety five for one and a half hours."
    },
    {
        "start": "03:12.08",
        "stop": "03:12.52",
        "speaker": "Student",
        "dialogue": "No wait."
    },
    {
        "start": "03:13.00",
        "stop": "03:14.24",
        "speaker": "Student",
        "dialogue": "they stayed stationary."
    },
    {
        "start": "03:15.16",
        "stop": "03:15.88",
        "speaker": "Student",
        "dialogue": "Wait, did they."
    },
    {
        "start": "03:17.20",
        "stop": "03:17.72",
        "speaker": "Student",
        "dialogue": "they stayed?"
    },
    {
        "start": "03:18.00",
        "stop": "03:19.88",
        "speaker": "Student",
        "dialogue": "They stayed on the nine, ninety five for an hour."
    },
    {
        "start": "03:21.00",
        "stop": "03:49.92",
        "speaker": "Student",
        "dialogue": "We no for thirty minutes, and then they made it to New York City, and then they kept driving until they made it to D, which is the New Jersey Turnpike, and that took Um, fifty, two hundred fifty miles, And then once they made it to New Jersey Turnfike, they kept going."
    },
    {
        "start": "03:51.40",
        "stop": "03:51.52",
        "speaker": "Student",
        "dialogue": "Um."
    },
    {
        "start": "03:53.20",
        "stop": "04:01.48",
        "speaker": "Student",
        "dialogue": "they kept going until they made wait, wait, Providence on ninety five, New York City."
    },
    {
        "start": "04:03.52",
        "stop": "04:07.92",
        "speaker": "Student",
        "dialogue": "Unless okay, wait, it is Providence."
    },
    {
        "start": "04:08.32",
        "stop": "04:27.60",
        "speaker": "Student",
        "dialogue": "And then they took that to the A. I. ninety five, and then they stayed stationary for thirty minutes and then they continued to to to D, which is New York City."
    },
    {
        "start": "04:28.64",
        "stop": "04:30.40",
        "speaker": "Student",
        "dialogue": "And then they took that road."
    },
    {
        "start": "04:31.52",
        "stop": "04:39.76",
        "speaker": "Student",
        "dialogue": "They kept going until they made it to E, which is the New Jersey Turnfike, and then they kept going after that to F, which is New Yark."
    },
    {
        "start": "04:41.36",
        "stop": "04:44.32",
        "speaker": "Tutor",
        "dialogue": "So, first of all, it was really cool every time"
    },
    {
        "start": "04:44.32",
        "stop": "04:46.12",
        "speaker": "Tutor",
        "dialogue": "you go like wait, wait, is it?"
    },
    {
        "start": "04:46.36",
        "stop": "04:46.96",
        "speaker": "Tutor",
        "dialogue": "huh, Be caause."
    },
    {
        "start": "04:47.00",
        "stop": "04:48.68",
        "speaker": "Tutor",
        "dialogue": "You were going deeper in your thinking"
    },
    {
        "start": "04:49.12",
        "stop": "04:49.92",
        "speaker": "Tutor",
        "dialogue": "that was awesome."
    },
    {
        "start": "04:50.08",
        "stop": "04:50.80",
        "speaker": "Tutor",
        "dialogue": "Continue to do that."
    },
    {
        "start": "04:50.96",
        "stop": "04:54.68",
        "speaker": "Tutor",
        "dialogue": "Okay and I hear you trying to make sense of."
    },
    {
        "start": "04:55.28",
        "stop": "04:56.88",
        "speaker": "Tutor",
        "dialogue": "There are some of these stops."
    },
    {
        "start": "04:57.68",
        "stop": "05:00.32",
        "speaker": "Tutor",
        "dialogue": "these letters on the map somewhere"
    },
    {
        "start": "05:01.40",
        "stop": "05:04.48",
        "speaker": "Tutor",
        "dialogue": "And you're you're thinking about where those letters would be on the map."
    },
    {
        "start": "05:04.92",
        "stop": "05:05.52",
        "speaker": "Tutor",
        "dialogue": "Is that correct?"
    },
    {
        "start": "05:06.24",
        "stop": "05:07.12",
        "speaker": "Student",
        "dialogue": "Yes, all right."
    },
    {
        "start": "05:07.48",
        "stop": "05:09.40",
        "speaker": "Tutor",
        "dialogue": "And you said at I ninety five."
    },
    {
        "start": "05:09.56",
        "stop": "05:11.96",
        "speaker": "Tutor",
        "dialogue": "One thing I want to clarify here is I ninety five."
    },
    {
        "start": "05:12.08",
        "stop": "05:15.88",
        "speaker": "Tutor",
        "dialogue": "Is this entire route, not just that one spot?"
    },
    {
        "start": "05:17.88",
        "stop": "05:18.16",
        "speaker": "Student",
        "dialogue": "Cool."
    },
    {
        "start": "05:18.80",
        "stop": "05:23.80",
        "speaker": "Tutor",
        "dialogue": "Yes, okay, so you said that you thought that Providence was at point?"
    },
    {
        "start": "05:23.96",
        "stop": "05:26.44",
        "speaker": "Tutor",
        "dialogue": "Eh, How come"
    },
    {
        "start": "05:26.88",
        "stop": "05:31.16",
        "speaker": "Tutor",
        "dialogue": "it's Providence is at the top of the map, but it's at the bottom of the graph."
    },
    {
        "start": "05:34.52",
        "stop": "05:37.28",
        "speaker": "Student",
        "dialogue": "Becau, That's where they started."
    },
    {
        "start": "05:37.88",
        "stop": "05:39.92",
        "speaker": "Tutor",
        "dialogue": "How did you know that's where they started?"
    },
    {
        "start": "05:42.44",
        "stop": "06:00.28",
        "speaker": "Student",
        "dialogue": "Wit, because it says, the map shows a car journey from Providence to Ne Newark, and the road shows that it's going downnd andaro."
    },
    {
        "start": "06:03.40",
        "stop": "06:06.28",
        "speaker": "Tutor",
        "dialogue": "How come F isn't Providence?"
    },
    {
        "start": "06:06.80",
        "stop": "06:11.92",
        "speaker": "Tutor",
        "dialogue": "So if I were thinking that F is up here because Providence is up here."
    },
    {
        "start": "06:13.08",
        "stop": "06:14.76",
        "speaker": "Tutor",
        "dialogue": "Hm, it sounds like you disagree with that."
    },
    {
        "start": "06:15.84",
        "stop": "06:17.24",
        "speaker": "Tutor",
        "dialogue": "Convince me that I'm wrong."
    },
    {
        "start": "06:18.88",
        "stop": "06:37.00",
        "speaker": "Student",
        "dialogue": "Because if they started out Providence, they couldn't have traveled one hundred fifty miles from Providence to Providence, so then A would have to be Providence, since they had to travel from Providence to Newark, which would actually take some time in hours, A in miles."
    },
    {
        "start": "06:37.96",
        "stop": "06:39.96",
        "speaker": "Tutor",
        "dialogue": "Ah, so what has happened at point F?"
    },
    {
        "start": "06:40.36",
        "stop": "06:42.04",
        "speaker": "Tutor",
        "dialogue": "That's different than what's happened at point A."
    },
    {
        "start": "06:44.60",
        "stop": "06:51.32",
        "speaker": "Student",
        "dialogue": "They travele to about one hundred fifty miles from Providence to Newark."
    },
    {
        "start": "06:52.36",
        "stop": "06:53.08",
        "speaker": "Tutor",
        "dialogue": "Oky, So"
    },
    {
        "start": "06:53.36",
        "stop": "06:54.96",
        "speaker": "Tutor",
        "dialogue": "where does the graph start?"
    },
    {
        "start": "06:55.40",
        "stop": "06:56.56",
        "speaker": "Tutor",
        "dialogue": "Do you know what that is called?"
    },
    {
        "start": "06:57.84",
        "stop": "06:58.76",
        "speaker": "Student",
        "dialogue": "The origin it."
    },
    {
        "start": "06:58.96",
        "stop": "07:06.72",
        "speaker": "Tutor",
        "dialogue": "Is, and the origin is saying zero time has passed in zero distance, and in this situation it's province."
    },
    {
        "start": "07:06.88",
        "stop": "07:07.96",
        "speaker": "Tutor",
        "dialogue": "So that's the other thing I'll do."
    },
    {
        "start": "07:08.16",
        "stop": "07:09.32",
        "speaker": "Tutor",
        "dialogue": "I'll ask you questions."
    },
    {
        "start": "07:09.84",
        "stop": "07:11.72",
        "speaker": "Tutor",
        "dialogue": "Just because I ask you a question doesn't mean"
    },
    {
        "start": "07:11.80",
        "stop": "07:13.08",
        "speaker": "Tutor",
        "dialogue": "I think what you said is wrong."
    },
    {
        "start": "07:13.36",
        "stop": "07:15.12",
        "speaker": "Tutor",
        "dialogue": "I want you to go deeper in your thinking."
    },
    {
        "start": "07:16.56",
        "stop": "07:16.84",
        "speaker": "Student",
        "dialogue": "Cool."
    },
    {
        "start": "07:17.56",
        "stop": "07:17.72",
        "speaker": "Tutor",
        "dialogue": "Yes."
    },
    {
        "start": "07:18.08",
        "stop": "07:18.40",
        "speaker": "Student",
        "dialogue": "All right."
    },
    {
        "start": "07:18.60",
        "stop": "07:22.48",
        "speaker": "Tutor",
        "dialogue": "So now let's label that label where you see these points on the map."
    },
    {
        "start": "07:22.60",
        "stop": "07:25.48",
        "speaker": "Tutor",
        "dialogue": "you talked about em, but now actually draw them."
    },
    {
        "start": "07:28.56",
        "stop": "07:30.12",
        "speaker": "Student",
        "dialogue": "Draw the names."
    },
    {
        "start": "07:30.84",
        "stop": "07:38.44",
        "speaker": "Tutor",
        "dialogue": "Yeah, so you said Providence is point a, So put label point A on the map at Providence."
    },
    {
        "start": "07:39.28",
        "stop": "08:00.80",
        "speaker": "Student",
        "dialogue": "O, and thenift aight here."
    },
    {
        "start": "08:15.12",
        "stop": "08:51.08",
        "speaker": "Student",
        "dialogue": "Um, okay, Okay, Okay, so we shall have to leave."
    },
    {
        "start": "09:03.04",
        "stop": "09:05.52",
        "speaker": "Tutor",
        "dialogue": "Oky, so I?"
    },
    {
        "start": "09:07.56",
        "stop": "09:07.68",
        "speaker": "Student",
        "dialogue": "Can?"
    },
    {
        "start": "09:07.80",
        "stop": "09:09.32",
        "speaker": "Tutor",
        "dialogue": "See that point A is right here."
    },
    {
        "start": "09:11.00",
        "stop": "09:13.40",
        "speaker": "Tutor",
        "dialogue": "Can you put the actual point on the map?"
    },
    {
        "start": "09:13.56",
        "stop": "09:14.72",
        "speaker": "Tutor",
        "dialogue": "Now next to your labels."
    },
    {
        "start": "09:14.88",
        "stop": "09:19.92",
        "speaker": "Tutor",
        "dialogue": "Where would the point be for point B, and point C, and so on."
    },
    {
        "start": "09:21.44",
        "stop": "09:22.16",
        "speaker": "Student",
        "dialogue": "Like condition."
    },
    {
        "start": "09:23.12",
        "stop": "09:32.76",
        "speaker": "Tutor",
        "dialogue": "Yeah, because I'm not sure where you are seeing B. Like is B over here or over here or over here?"
    },
    {
        "start": "09:33.52",
        "stop": "09:37.36",
        "speaker": "Tutor",
        "dialogue": "Like where do you actually see the point?"
    },
    {
        "start": "09:37.92",
        "stop": "09:38.84",
        "speaker": "Tutor",
        "dialogue": "Be on the map."
    },
    {
        "start": "10:16.76",
        "stop": "10:19.08",
        "speaker": "Student",
        "dialogue": "Deep deep here."
    },
    {
        "start": "10:28.60",
        "stop": "10:28.92",
        "speaker": "Tutor",
        "dialogue": "Cool."
    },
    {
        "start": "10:29.76",
        "stop": "10:36.84",
        "speaker": "Tutor",
        "dialogue": "Okay, now, help help me understand how you knew where to put Point B, for example."
    },
    {
        "start": "10:39.24",
        "stop": "10:39.40",
        "speaker": "Student",
        "dialogue": "Why?"
    },
    {
        "start": "10:39.44",
        "stop": "10:40.56",
        "speaker": "Tutor",
        "dialogue": "Did you put it where you put it?"
    },
    {
        "start": "10:42.16",
        "stop": "10:56.88",
        "speaker": "Student",
        "dialogue": "Um, well, I've ust kinda like went halfway from Providence to where it says Uh, ninety five, And then I just chose that as B."
    },
    {
        "start": "10:58.48",
        "stop": "11:11.12",
        "speaker": "Tutor",
        "dialogue": "And then I notice that B en I use a litt of color here from A to B along the road, So if the car is driving along here, it's not a straight road."
    },
    {
        "start": "11:11.32",
        "stop": "11:12.32",
        "speaker": "Tutor",
        "dialogue": "It's not a straight line."
    },
    {
        "start": "11:12.84",
        "stop": "11:14.24",
        "speaker": "Tutor",
        "dialogue": "Do you agree or disagree with that?"
    },
    {
        "start": "11:15.20",
        "stop": "11:16.20",
        "speaker": "Student",
        "dialogue": "Agree, okay?"
    },
    {
        "start": "11:16.48",
        "stop": "11:20.48",
        "speaker": "Tutor",
        "dialogue": "Then how come on the graph from A to B?"
    },
    {
        "start": "11:21.04",
        "stop": "11:21.96",
        "speaker": "Tutor",
        "dialogue": "It's a straight line."
    },
    {
        "start": "11:24.44",
        "stop": "11:37.28",
        "speaker": "Student",
        "dialogue": "Because the never stopped, so the distant miles, even if it's not straight, they would have made the same amount of miles, so it doesn't like turn, because they didn't stop from A to B."
    },
    {
        "start": "11:39.28",
        "stop": "11:40.28",
        "speaker": "Tutor",
        "dialogue": "They didn't stop now."
    },
    {
        "start": "11:40.32",
        "stop": "11:42.44",
        "speaker": "Tutor",
        "dialogue": "I'm goinga put some words up here."
    },
    {
        "start": "11:56.24",
        "stop": "11:56.56",
        "speaker": "Student",
        "dialogue": "Okay."
    },
    {
        "start": "11:56.96",
        "stop": "11:58.76",
        "speaker": "Tutor",
        "dialogue": "So you started to talk about Miles?"
    },
    {
        "start": "12:00.64",
        "stop": "12:00.68",
        "speaker": "Student",
        "dialogue": "And?"
    },
    {
        "start": "12:00.76",
        "stop": "12:02.16",
        "speaker": "Tutor",
        "dialogue": "You're talking about something."
    },
    {
        "start": "12:02.32",
        "stop": "12:03.00",
        "speaker": "Tutor",
        "dialogue": "didn't stop."
    },
    {
        "start": "12:03.84",
        "stop": "12:24.04",
        "speaker": "Tutor",
        "dialogue": "so in your explanation to me, use the words either miles or distance, time or hours, and increasing, decreasing or staying the same to justify why this line is straight even though this line is curvy."
    },
    {
        "start": "12:27.16",
        "stop": "12:34.12",
        "speaker": "Student",
        "dialogue": "So from point A to B, the distance and time increased."
    },
    {
        "start": "12:37.96",
        "stop": "12:38.64",
        "speaker": "Student",
        "dialogue": "Stay the same."
    },
    {
        "start": "12:42.12",
        "stop": "12:42.16",
        "speaker": "Student",
        "dialogue": "what?"
    },
    {
        "start": "12:42.48",
        "stop": "12:43.76",
        "speaker": "Tutor",
        "dialogue": "No, would you whisper"
    },
    {
        "start": "12:44.12",
        "stop": "12:44.52",
        "speaker": "Tutor",
        "dialogue": "That was cool."
    },
    {
        "start": "12:44.56",
        "stop": "12:45.28",
        "speaker": "Tutor",
        "dialogue": "Would you whisper?"
    },
    {
        "start": "12:45.76",
        "stop": "12:47.28",
        "speaker": "Student",
        "dialogue": "I said did is stay the same."
    },
    {
        "start": "12:48.12",
        "stop": "12:50.16",
        "speaker": "Tutor",
        "dialogue": "What's the it that you're thinking about when you?"
    },
    {
        "start": "12:50.76",
        "stop": "12:55.20",
        "speaker": "Student",
        "dialogue": "Di, did the miles stay the same?"
    },
    {
        "start": "12:57.64",
        "stop": "13:04.36",
        "speaker": "Student",
        "dialogue": "Okay, No, no, no, no, okay, A, from A to B. the distance and time increased"
    },
    {
        "start": "13:05.84",
        "stop": "13:16.40",
        "speaker": "Student",
        "dialogue": "so it would be S. a straight line in Seat of like curving, because they stayed on a steady pace."
    },
    {
        "start": "13:17.20",
        "stop": "13:23.88",
        "speaker": "Tutor",
        "dialogue": "Ah, so distance and time are increasing at a steady pace."
    },
    {
        "start": "13:25.80",
        "stop": "13:26.00",
        "speaker": "Student",
        "dialogue": "Yes."
    },
    {
        "start": "13:26.80",
        "stop": "13:36.00",
        "speaker": "Tutor",
        "dialogue": "So as distance is increasing, time is also increasing, and you're saying they're increasing at a steady pace?"
    },
    {
        "start": "13:38.08",
        "stop": "13:38.20",
        "speaker": "Student",
        "dialogue": "Yes."
    },
    {
        "start": "13:38.56",
        "stop": "13:38.72",
        "speaker": "Tutor",
        "dialogue": "Yes."
    },
    {
        "start": "13:39.08",
        "stop": "13:39.12",
        "speaker": "Student",
        "dialogue": "O."
    },
    {
        "start": "13:39.44",
        "stop": "13:41.16",
        "speaker": "Tutor",
        "dialogue": "Just making sure I understand what you're saying."
    },
    {
        "start": "13:42.80",
        "stop": "13:42.84",
        "speaker": "Student",
        "dialogue": "Do?"
    },
    {
        "start": "13:43.04",
        "stop": "13:50.20",
        "speaker": "Tutor",
        "dialogue": "You know a math word that describes what you just said in very cool thinking words."
    },
    {
        "start": "13:50.92",
        "stop": "13:59.80",
        "speaker": "Tutor",
        "dialogue": "What does it mean when one thing is changing in relation to the other thing at the same pace?"
    },
    {
        "start": "14:02.12",
        "stop": "14:03.48",
        "speaker": "Student",
        "dialogue": "A direct relationship."
    },
    {
        "start": "14:03.72",
        "stop": "14:05.44",
        "speaker": "Tutor",
        "dialogue": "Yeah, there is a direct relationship."
    },
    {
        "start": "14:07.32",
        "stop": "14:07.36",
        "speaker": "Student",
        "dialogue": "And?"
    },
    {
        "start": "14:07.60",
        "stop": "14:11.40",
        "speaker": "Tutor",
        "dialogue": "Is it a constant relationship or not constant?"
    },
    {
        "start": "14:16.56",
        "stop": "14:19.28",
        "speaker": "Student",
        "dialogue": "From Ad, to be its Constan, Ah."
    },
    {
        "start": "14:19.76",
        "stop": "14:22.36",
        "speaker": "Tutor",
        "dialogue": "You, your tone tells me you're not quite sure."
    },
    {
        "start": "14:23.24",
        "stop": "14:24.52",
        "speaker": "Student",
        "dialogue": "No, yeah, cool."
    },
    {
        "start": "14:24.68",
        "stop": "14:25.28",
        "speaker": "Tutor",
        "dialogue": "That's awesome."
    },
    {
        "start": "14:25.52",
        "stop": "14:27.08",
        "speaker": "Tutor",
        "dialogue": "We're going to explore this tomorrow, okay?"
    },
    {
        "start": "14:27.84",
        "stop": "14:28.00",
        "speaker": "Student",
        "dialogue": "Yes."
    },
    {
        "start": "14:29.16",
        "stop": "14:30.04",
        "speaker": "Tutor",
        "dialogue": "We'll come back to it."
    },
    {
        "start": "14:31.48",
        "stop": "14:41.20",
        "speaker": "Tutor",
        "dialogue": "I am curious about why you put C where you put C on the map, and again when you convince me why you put it where you did use"
    },
    {
        "start": "14:41.52",
        "stop": "14:51.12",
        "speaker": "Tutor",
        "dialogue": "these words in your justification, distance, time or miles, hours, increasing, decreasing or staying the same."
    },
    {
        "start": "14:53.64",
        "stop": "14:54.68",
        "speaker": "Student",
        "dialogue": "I can I change your."
    },
    {
        "start": "14:55.12",
        "stop": "14:56.76",
        "speaker": "Tutor",
        "dialogue": "S. oh, that's a great question."
    },
    {
        "start": "14:56.88",
        "stop": "14:59.24",
        "speaker": "Tutor",
        "dialogue": "Are you allowed to change your mind in math?"
    },
    {
        "start": "15:01.84",
        "stop": "15:02.00",
        "speaker": "Student",
        "dialogue": "Yes."
    },
    {
        "start": "15:02.48",
        "stop": "15:08.12",
        "speaker": "Tutor",
        "dialogue": "Absolutely yes, if you want to change and revise your thinking at any point, do it."
    },
    {
        "start": "15:14.96",
        "stop": "15:19.80",
        "speaker": "Student",
        "dialogue": "If they stayed the same distance, then it should be the same place."
    },
    {
        "start": "15:21.80",
        "stop": "15:25.32",
        "speaker": "Student",
        "dialogue": "So then be in sea."
    },
    {
        "start": "15:27.08",
        "stop": "15:37.08",
        "speaker": "Student",
        "dialogue": "O. It wish the hours that changed of the distance, okay, aait ut to the point to the same place."
    },
    {
        "start": "15:39.68",
        "stop": "15:45.44",
        "speaker": "Tutor",
        "dialogue": "It is so cool because you whisper out loud whenever you're thinking and it's amazing."
    },
    {
        "start": "15:46.04",
        "stop": "15:46.88",
        "speaker": "Tutor",
        "dialogue": "Continue to do that."
    },
    {
        "start": "15:47.32",
        "stop": "15:56.44",
        "speaker": "Tutor",
        "dialogue": "Will you say it loud for me now so that I can be sure that I heard what I thought I heard and why you changed your mind and put C where you put it?"
    },
    {
        "start": "16:00.24",
        "stop": "16:00.40",
        "speaker": "Student",
        "dialogue": "Yes."
    },
    {
        "start": "16:08.64",
        "stop": "16:17.76",
        "speaker": "Tutor",
        "dialogue": "So why a C right next to B, and use those words, distance or time, miles or hours, increasing, decreasing or staying the same."
    },
    {
        "start": "16:18.48",
        "stop": "16:36.04",
        "speaker": "Student",
        "dialogue": "Oky, so from B to C, The the, the distance stays the same, but the hours increased."
    },
    {
        "start": "16:40.44",
        "stop": "16:41.36",
        "speaker": "Tutor",
        "dialogue": "So what does that mean?"
    },
    {
        "start": "16:41.48",
        "stop": "16:43.64",
        "speaker": "Tutor",
        "dialogue": "Why is that spot the exact same then?"
    },
    {
        "start": "16:45.08",
        "stop": "16:48.36",
        "speaker": "Student",
        "dialogue": "That means that they were stationary for thirty minutes."
    },
    {
        "start": "16:49.36",
        "stop": "16:58.16",
        "speaker": "Tutor",
        "dialogue": "The car didn't move at all for thirty minutes, but that variable of time still continued to increase cool stuff."
    },
    {
        "start": "16:58.52",
        "stop": "16:59.64",
        "speaker": "Tutor",
        "dialogue": "All right now."
    },
    {
        "start": "16:59.88",
        "stop": "17:02.68",
        "speaker": "Tutor",
        "dialogue": "See to D. Why did you?"
    },
    {
        "start": "17:04.68",
        "stop": "17:04.96",
        "speaker": "Student",
        "dialogue": "Put."
    },
    {
        "start": "17:05.44",
        "stop": "17:11.04",
        "speaker": "Tutor",
        "dialogue": "D, right here again, you know, use those power wordsk."
    },
    {
        "start": "17:12.56",
        "stop": "17:27.68",
        "speaker": "Student",
        "dialogue": "So from Okay C to D, the miles increased by fifty, and the time increased by and about an hour."
    },
    {
        "start": "17:29.64",
        "stop": "17:30.04",
        "speaker": "Tutor",
        "dialogue": "Oay."
    },
    {
        "start": "17:30.16",
        "stop": "17:39.56",
        "speaker": "Student",
        "dialogue": "Fm, ya, and yeah, See the miles increased and the miles."
    },
    {
        "start": "17:40.64",
        "stop": "17:40.80",
        "speaker": "Student",
        "dialogue": "No."
    },
    {
        "start": "17:45.72",
        "stop": "17:51.72",
        "speaker": "Student",
        "dialogue": "as the miles increased, the time increased."
    },
    {
        "start": "17:53.84",
        "stop": "17:55.44",
        "speaker": "Tutor",
        "dialogue": "Did they increase earlier?"
    },
    {
        "start": "17:55.52",
        "stop": "17:56.80",
        "speaker": "Tutor",
        "dialogue": "You described it as a pace?"
    },
    {
        "start": "17:57.76",
        "stop": "18:01.16",
        "speaker": "Tutor",
        "dialogue": "Talk to me more about how they increased in relation to each other."
    },
    {
        "start": "18:03.12",
        "stop": "18:08.12",
        "speaker": "Student",
        "dialogue": "Okay, so oh no, it might be the other way."
    },
    {
        "start": "18:09.00",
        "stop": "18:34.20",
        "speaker": "Student",
        "dialogue": "Okay, as the time as the time increased, the distance increased because as the hours went from an hour, thirty minutes to two hours, the well, two hours and thirty minutes, the distance went up because they were on a constant pace, direct relationship."
    },
    {
        "start": "18:34.92",
        "stop": "18:37.72",
        "speaker": "Tutor",
        "dialogue": "What does that constant pace or direct relationship mean?"
    },
    {
        "start": "18:37.80",
        "stop": "18:38.68",
        "speaker": "Tutor",
        "dialogue": "What are you sayin with that?"
    },
    {
        "start": "18:41.52",
        "stop": "18:45.76",
        "speaker": "Student",
        "dialogue": "It means the didn't go faster or slow down."
    },
    {
        "start": "18:46.12",
        "stop": "18:48.76",
        "speaker": "Student",
        "dialogue": "They stayed at the same speed."
    },
    {
        "start": "18:55.96",
        "stop": "18:59.96",
        "speaker": "Student",
        "dialogue": "distance distance travelled per hour."
    },
    {
        "start": "19:01.36",
        "stop": "19:06.32",
        "speaker": "Tutor",
        "dialogue": "So the amount of distance travelled per hour was constant."
    },
    {
        "start": "19:07.32",
        "stop": "19:09.28",
        "speaker": "Tutor",
        "dialogue": "We can call that a constant rate."
    },
    {
        "start": "19:10.64",
        "stop": "19:19.44",
        "speaker": "Tutor",
        "dialogue": "And in this situation you used the word that describes the relationship between miles and hours, and that is speed."
    },
    {
        "start": "19:20.84",
        "stop": "19:26.48",
        "speaker": "Tutor",
        "dialogue": "So from C to D, you are saying the car travelld at a constant rate."
    },
    {
        "start": "19:27.32",
        "stop": "19:33.96",
        "speaker": "Tutor",
        "dialogue": "Another way to say that is the car travel at the same speed from C to D."
    },
    {
        "start": "19:36.28",
        "stop": "19:36.68",
        "speaker": "Student",
        "dialogue": "Cools."
    },
    {
        "start": "19:37.04",
        "stop": "19:37.80",
        "speaker": "Tutor",
        "dialogue": "Does that make sense?"
    },
    {
        "start": "19:38.44",
        "stop": "19:39.32",
        "speaker": "Student",
        "dialogue": "Yes, Ok?"
    },
    {
        "start": "19:40.08",
        "stop": "19:43.40",
        "speaker": "Tutor",
        "dialogue": "Now, D to e, something's different here."
    },
    {
        "start": "19:43.84",
        "stop": "19:44.52",
        "speaker": "Tutor",
        "dialogue": "What's different?"
    },
    {
        "start": "19:47.36",
        "stop": "19:58.44",
        "speaker": "Student",
        "dialogue": "The well, the mile, the distance in the time increased, but thepeed changed."
    },
    {
        "start": "19:59.88",
        "stop": "19:59.92",
        "speaker": "Tutor",
        "dialogue": "It."
    },
    {
        "start": "20:00.00",
        "stop": "20:04.84",
        "speaker": "Student",
        "dialogue": "Wasn't contant, It wasn't constant."
    },
    {
        "start": "20:05.12",
        "stop": "20:08.04",
        "speaker": "Tutor",
        "dialogue": "How do you know the speed was not constant from D to E?"
    },
    {
        "start": "20:08.92",
        "stop": "20:16.28",
        "speaker": "Student",
        "dialogue": "Because if it was, if it was the same, it would be Um."
    },
    {
        "start": "20:16.60",
        "stop": "20:24.00",
        "speaker": "Student",
        "dialogue": "it would be a straight line instead of like a squaggy line, which means ity went faster or this slowed down."
    },
    {
        "start": "20:25.40",
        "stop": "20:28.64",
        "speaker": "Tutor",
        "dialogue": "Ah, so from D to e, it's not a constant rate of change."
    },
    {
        "start": "20:30.24",
        "stop": "20:30.28",
        "speaker": "Student",
        "dialogue": "It."
    },
    {
        "start": "20:30.64",
        "stop": "20:35.44",
        "speaker": "Tutor",
        "dialogue": "Varies, and you're recognizing that means that the car speed is changing."
    },
    {
        "start": "20:35.76",
        "stop": "20:41.60",
        "speaker": "Tutor",
        "dialogue": "It's increasing or decreasing, increasing or decreasing, but it's not staying constant."
    },
    {
        "start": "20:42.12",
        "stop": "20:45.76",
        "speaker": "Tutor",
        "dialogue": "And then you said something about a straight line can help you tell that onograph."
    },
    {
        "start": "20:46.44",
        "stop": "20:53.00",
        "speaker": "Tutor",
        "dialogue": "Do you mean a straight line like B to C, or a straight line like A to B, or both?"
    },
    {
        "start": "20:53.28",
        "stop": "20:57.92",
        "speaker": "Tutor",
        "dialogue": "What do you mean straight line in relationship to constant?"
    },
    {
        "start": "20:59.44",
        "stop": "21:11.32",
        "speaker": "Student",
        "dialogue": "A straight line from Aight to B, because from A to B, it shows that the distance is increasing and the time is increasing, but the car stayed at the same speed at a constant rate."
    },
    {
        "start": "21:11.80",
        "stop": "21:21.88",
        "speaker": "Student",
        "dialogue": "But it's not a straight line from D to E, because the speed either increased or decreased while the miles and time were increasing."
    },
    {
        "start": "21:23.00",
        "stop": "21:26.12",
        "speaker": "Tutor",
        "dialogue": "What about from B to C?"
    },
    {
        "start": "21:26.80",
        "stop": "21:30.04",
        "speaker": "Tutor",
        "dialogue": "Do you think this is a constant rate of change or not constant?"
    },
    {
        "start": "21:36.32",
        "stop": "21:42.96",
        "speaker": "Student",
        "dialogue": "Not constant because the distance didn't change as the hours as the time increased."
    },
    {
        "start": "21:43.56",
        "stop": "21:46.36",
        "speaker": "Tutor",
        "dialogue": "Did the speed change at all from B to C?"
    },
    {
        "start": "21:48.00",
        "stop": "21:49.96",
        "speaker": "Student",
        "dialogue": "No, the cardin move."
    },
    {
        "start": "21:50.28",
        "stop": "21:54.92",
        "speaker": "Tutor",
        "dialogue": "It didn't move, So is the speed varying or is it staying constant?"
    },
    {
        "start": "21:56.28",
        "stop": "21:57.16",
        "speaker": "Student",
        "dialogue": "Staying constant."
    },
    {
        "start": "22:00.16",
        "stop": "22:03.12",
        "speaker": "Tutor",
        "dialogue": "Interesting, K, Dda, E, you say is not constant."
    },
    {
        "start": "22:03.24",
        "stop": "22:04.24",
        "speaker": "Tutor",
        "dialogue": "The speed is going to vary."
    },
    {
        "start": "22:04.32",
        "stop": "22:05.12",
        "speaker": "Tutor",
        "dialogue": "What about Eda F?"
    },
    {
        "start": "22:07.56",
        "stop": "22:08.28",
        "speaker": "Student",
        "dialogue": "It's constant."
    },
    {
        "start": "22:08.48",
        "stop": "22:11.00",
        "speaker": "Student",
        "dialogue": "as the distance increases, the time increases."
    },
    {
        "start": "22:12.28",
        "stop": "22:15.32",
        "speaker": "Tutor",
        "dialogue": "Nice words, Nice using those altogether, Always do that."
    },
    {
        "start": "22:15.40",
        "stop": "22:20.72",
        "speaker": "Tutor",
        "dialogue": "when you're working with graphs, this axis tells us how one thing is changing."
    },
    {
        "start": "22:21.80",
        "stop": "22:26.52",
        "speaker": "Tutor",
        "dialogue": "This axis tells us how another thing is changing what's going on in the middle."
    },
    {
        "start": "22:26.68",
        "stop": "22:38.32",
        "speaker": "Tutor",
        "dialogue": "tells us how they are changing in relation to each other, and these are the words that can help you think about describing how those two things are changing in relation to each other."
    },
    {
        "start": "22:40.64",
        "stop": "22:40.80",
        "speaker": "Student",
        "dialogue": "Ok."
    },
    {
        "start": "22:41.04",
        "stop": "22:41.80",
        "speaker": "Tutor",
        "dialogue": "Do that make sense?"
    },
    {
        "start": "22:42.48",
        "stop": "22:43.12",
        "speaker": "Student",
        "dialogue": "Yes, Ok?"
    },
    {
        "start": "22:43.64",
        "stop": "22:46.60",
        "speaker": "Tutor",
        "dialogue": "So now we're going to go a little bit deeper."
    },
    {
        "start": "22:48.52",
        "stop": "22:48.76",
        "speaker": "Student",
        "dialogue": "You've?"
    },
    {
        "start": "22:48.92",
        "stop": "22:51.32",
        "speaker": "Tutor",
        "dialogue": "Started thinking about this and that was really cool."
    },
    {
        "start": "22:51.64",
        "stop": "22:55.80",
        "speaker": "Tutor",
        "dialogue": "You're starting to make sense of speed and what's happening in this graph."
    },
    {
        "start": "22:59.80",
        "stop": "22:59.84",
        "speaker": "Student",
        "dialogue": "So?"
    },
    {
        "start": "23:00.04",
        "stop": "23:19.60",
        "speaker": "Tutor",
        "dialogue": "Now I'd like you to think about what would a new graph look like if we were going to grap the speed of the car in relationship to itnight, Like from B to C, you have said the car stayed stationary for thirty minutes, So what would its speed be?"
    },
    {
        "start": "23:23.52",
        "stop": "23:26.48",
        "speaker": "Student",
        "dialogue": "The shing own there."
    },
    {
        "start": "23:26.52",
        "stop": "23:28.96",
        "speaker": "Student",
        "dialogue": "Would it would stay the same."
    },
    {
        "start": "23:29.08",
        "stop": "23:30.08",
        "speaker": "Student",
        "dialogue": "The car is inactive."
    },
    {
        "start": "23:30.36",
        "stop": "23:34.20",
        "speaker": "Tutor",
        "dialogue": "Correct, and if I asked you, how fast is the car going from B to C?"
    },
    {
        "start": "23:36.20",
        "stop": "23:36.56",
        "speaker": "Student",
        "dialogue": "Uhh."
    },
    {
        "start": "23:37.00",
        "stop": "23:37.20",
        "speaker": "Tutor",
        "dialogue": "Zero."
    },
    {
        "start": "23:37.32",
        "stop": "23:38.04",
        "speaker": "Student",
        "dialogue": "Miles per hour."
    },
    {
        "start": "23:38.64",
        "stop": "23:40.08",
        "speaker": "Tutor",
        "dialogue": "Your icon just disappeared."
    },
    {
        "start": "23:41.00",
        "stop": "23:41.80",
        "speaker": "Tutor",
        "dialogue": "I thought you left."
    },
    {
        "start": "23:41.84",
        "stop": "23:42.32",
        "speaker": "Tutor",
        "dialogue": "You're still here."
    },
    {
        "start": "23:42.40",
        "stop": "23:44.64",
        "speaker": "Tutor",
        "dialogue": "Let me, will you move your um mouse real quick?"
    },
    {
        "start": "23:48.36",
        "stop": "23:48.96",
        "speaker": "Student",
        "dialogue": "Can you see it?"
    },
    {
        "start": "23:49.20",
        "stop": "23:49.76",
        "speaker": "Tutor",
        "dialogue": "I cannot."
    },
    {
        "start": "23:52.04",
        "stop": "23:57.72",
        "speaker": "Student",
        "dialogue": "Oh, should I leave and join Bark?"
    },
    {
        "start": "23:58.04",
        "stop": "23:58.12",
        "speaker": "Student",
        "dialogue": "Um?"
    },
    {
        "start": "23:58.60",
        "stop": "23:58.92",
        "speaker": "Tutor",
        "dialogue": "Try this."
    },
    {
        "start": "23:59.20",
        "stop": "23:59.36",
        "speaker": "Tutor",
        "dialogue": "Try"
    },
    {
        "start": "23:59.44",
        "stop": "24:00.96",
        "speaker": "Tutor",
        "dialogue": "to. Oh, Now you're back on."
    },
    {
        "start": "24:01.60",
        "stop": "24:02.72",
        "speaker": "Tutor",
        "dialogue": "Did you do something different?"
    },
    {
        "start": "24:03.52",
        "stop": "24:07.32",
        "speaker": "Student",
        "dialogue": "No, the sken the screen turned turn blank interesting."
    },
    {
        "start": "24:07.64",
        "stop": "24:10.80",
        "speaker": "Tutor",
        "dialogue": "Okay, that's good for us to know and that was at thirty seven."
    },
    {
        "start": "24:12.48",
        "stop": "24:14.32",
        "speaker": "Tutor",
        "dialogue": "All right, I'll let the tech team know that, too."
    },
    {
        "start": "24:14.76",
        "stop": "24:31.24",
        "speaker": "Tutor",
        "dialogue": "Um, so yeah, you have said it would be zero miles per hour because the car is stationary and it did that for thirty minutes, so I want you to think about the entire journey now and sketch a graph of what you think it would look like if we're sketching the relationship between speed and time."
    },
    {
        "start": "24:32.76",
        "stop": "24:35.16",
        "speaker": "Student",
        "dialogue": "Are you still showing the graph discreetly?"
    },
    {
        "start": "24:35.48",
        "stop": "24:36.32",
        "speaker": "Student",
        "dialogue": "The paper's white."
    },
    {
        "start": "24:36.92",
        "stop": "24:40.48",
        "speaker": "Tutor",
        "dialogue": "Oh, yep, let's try this."
    },
    {
        "start": "24:48.56",
        "stop": "24:48.80",
        "speaker": "Student",
        "dialogue": "Oh."
    },
    {
        "start": "24:51.00",
        "stop": "24:51.12",
        "speaker": "Tutor",
        "dialogue": "Are?"
    },
    {
        "start": "24:51.16",
        "stop": "24:51.20",
        "speaker": "Student",
        "dialogue": "You?"
    },
    {
        "start": "24:51.40",
        "stop": "24:51.84",
        "speaker": "Tutor",
        "dialogue": "Kidding me?"
    },
    {
        "start": "24:55.20",
        "stop": "24:55.24",
        "speaker": "Student",
        "dialogue": "It."
    },
    {
        "start": "24:55.44",
        "stop": "24:56.00",
        "speaker": "Tutor",
        "dialogue": "Disappeared."
    },
    {
        "start": "24:58.80",
        "stop": "24:58.92",
        "speaker": "Student",
        "dialogue": "Let."
    },
    {
        "start": "24:59.00",
        "stop": "25:01.84",
        "speaker": "Tutor",
        "dialogue": "Me, see if anybody can hop on our call right now, okay?"
    },
    {
        "start": "25:02.76",
        "stop": "25:03.08",
        "speaker": "Student",
        "dialogue": "Okay."
    },
    {
        "start": "25:03.68",
        "stop": "25:06.12",
        "speaker": "Tutor",
        "dialogue": "Cause you're at such a cool part of learning right now."
    },
    {
        "start": "25:17.32",
        "stop": "25:17.56",
        "speaker": "Student",
        "dialogue": "Hang."
    },
    {
        "start": "25:17.64",
        "stop": "25:17.88",
        "speaker": "Tutor",
        "dialogue": "Tie."
    },
    {
        "start": "25:18.00",
        "stop": "25:19.56",
        "speaker": "Tutor",
        "dialogue": "let me send them a message real quick."
    },
    {
        "start": "26:31.08",
        "stop": "26:32.92",
        "speaker": "Tutor",
        "dialogue": "Okay, They just tagged."
    },
    {
        "start": "26:33.08",
        "stop": "26:39.16",
        "speaker": "Tutor",
        "dialogue": "I. T. Did you know you're getting to help us learn how this plasm is working"
    },
    {
        "start": "26:39.24",
        "stop": "26:40.28",
        "speaker": "Tutor",
        "dialogue": "For more students, too."
    },
    {
        "start": "26:41.68",
        "stop": "26:42.40",
        "speaker": "Student",
        "dialogue": "Y, yeah."
    },
    {
        "start": "26:43.68",
        "stop": "26:46.28",
        "speaker": "Tutor",
        "dialogue": "So thank you for helping us on multiple levels."
    },
    {
        "start": "26:46.64",
        "stop": "27:01.44",
        "speaker": "Tutor",
        "dialogue": "Something interesting just happened with the tech that's been happening, so I wanted them to see it live if they can, and also I don't want you to log out and log back in, because I don't know if that means you're going to lose your work and you were at a really cool spot of making sense of this next graph."
    },
    {
        "start": "27:03.68",
        "stop": "27:03.72",
        "speaker": "Student",
        "dialogue": "So?"
    },
    {
        "start": "27:03.96",
        "stop": "27:05.08",
        "speaker": "Tutor",
        "dialogue": "Thank you for being patient."
    },
    {
        "start": "27:21.20",
        "stop": "27:21.72",
        "speaker": "Student",
        "dialogue": "Somebody's"
    },
    {
        "start": "27:21.80",
        "stop": "27:21.96",
        "speaker": "Tutor",
        "dialogue": "Here."
    },
    {
        "start": "27:23.88",
        "stop": "27:24.52",
        "speaker": "Student",
        "dialogue": "Hey, g, how A?"
    },
    {
        "start": "27:24.60",
        "stop": "27:26.12",
        "speaker": "Tutor",
        "dialogue": "You doing thans forp on?"
    },
    {
        "start": "27:26.80",
        "stop": "27:26.84",
        "speaker": "Tutor",
        "dialogue": "Yeah."
    },
    {
        "start": "27:27.24",
        "stop": "27:27.84",
        "speaker": "Student",
        "dialogue": "Let me see."
    },
    {
        "start": "27:28.00",
        "stop": "27:31.44",
        "speaker": "Student",
        "dialogue": "I'm going to try adding myself as a teacher and see if I can."
    },
    {
        "start": "27:31.48",
        "stop": "27:32.56",
        "speaker": "Tutor",
        "dialogue": "See your controls, too."
    },
    {
        "start": "27:39.36",
        "stop": "27:39.40",
        "speaker": "Student",
        "dialogue": "Do?"
    },
    {
        "start": "27:39.52",
        "stop": "27:41.36",
        "speaker": "Tutor",
        "dialogue": "You understand what I'm describing happens."
    },
    {
        "start": "27:43.00",
        "stop": "27:47.32",
        "speaker": "Student",
        "dialogue": "I think so what I'm seeing right now is like a tiny white rectangle in the middle of the board."
    },
    {
        "start": "27:47.48",
        "stop": "27:48.28",
        "speaker": "Student",
        "dialogue": "Is that what you were seying?"
    },
    {
        "start": "27:48.52",
        "stop": "27:48.56",
        "speaker": "Student",
        "dialogue": "I?"
    },
    {
        "start": "27:48.76",
        "stop": "27:53.36",
        "speaker": "Tutor",
        "dialogue": "Still see the the big white screen, but it's just locked like I can't."
    },
    {
        "start": "27:53.56",
        "stop": "27:55.56",
        "speaker": "Tutor",
        "dialogue": "When I try to hit the arrows before and back."
    },
    {
        "start": "27:55.64",
        "stop": "27:57.64",
        "speaker": "Tutor",
        "dialogue": "it's given me the circle with a line through it."
    },
    {
        "start": "27:58.08",
        "stop": "27:59.44",
        "speaker": "Tutor",
        "dialogue": "They're like what, Shut off?"
    },
    {
        "start": "27:59.56",
        "stop": "28:06.52",
        "speaker": "Tutor",
        "dialogue": "I can't do it, and this happens sometimes when it times out like if we're not using it, but we were actively riding on it and then it just shut down."
    },
    {
        "start": "28:08.28",
        "stop": "28:12.64",
        "speaker": "Student",
        "dialogue": "I see, okay, um, okay, I just gave myself teacher permission."
    },
    {
        "start": "28:12.76",
        "stop": "28:13.20",
        "speaker": "Student",
        "dialogue": "Let me try."
    },
    {
        "start": "28:13.44",
        "stop": "28:14.48",
        "speaker": "Tutor",
        "dialogue": "Rejoining."
    },
    {
        "start": "28:14.56",
        "stop": "28:34.80",
        "speaker": "Student",
        "dialogue": "And eight?"
    },
    {
        "start": "28:49.64",
        "stop": "28:50.28",
        "speaker": "Student",
        "dialogue": "Um, I'm gonna."
    },
    {
        "start": "28:50.32",
        "stop": "28:50.92",
        "speaker": "Tutor",
        "dialogue": "Try up putting."
    },
    {
        "start": "28:50.96",
        "stop": "28:54.44",
        "speaker": "Student",
        "dialogue": "Another ped F and see if that does anything."
    },
    {
        "start": "29:25.88",
        "stop": "29:25.92",
        "speaker": "Tutor",
        "dialogue": "Yeah."
    },
    {
        "start": "29:26.16",
        "stop": "29:26.32",
        "speaker": "Student",
        "dialogue": "That's"
    },
    {
        "start": "29:26.40",
        "stop": "29:27.16",
        "speaker": "Tutor",
        "dialogue": "One of the old Pd."
    },
    {
        "start": "29:27.28",
        "stop": "29:27.52",
        "speaker": "Tutor",
        "dialogue": "Fs."
    },
    {
        "start": "29:28.96",
        "stop": "29:29.00",
        "speaker": "Student",
        "dialogue": "So?"
    },
    {
        "start": "29:29.28",
        "stop": "29:29.88",
        "speaker": "Tutor",
        "dialogue": "They showed."
    },
    {
        "start": "29:33.44",
        "stop": "29:34.32",
        "speaker": "Student",
        "dialogue": "So, are you?"
    },
    {
        "start": "29:34.48",
        "stop": "29:35.00",
        "speaker": "Tutor",
        "dialogue": "Using a different."
    },
    {
        "start": "29:35.12",
        "stop": "29:35.80",
        "speaker": "Student",
        "dialogue": "Version of this now?"
    },
    {
        "start": "29:36.00",
        "stop": "29:37.12",
        "speaker": "Student",
        "dialogue": "Yeah, what's"
    },
    {
        "start": "29:38.28",
        "stop": "29:39.72",
        "speaker": "Tutor",
        "dialogue": "Do you want me to try to upload it?"
    },
    {
        "start": "29:41.64",
        "stop": "29:42.36",
        "speaker": "Student",
        "dialogue": "Yeah, let me see."
    },
    {
        "start": "29:42.48",
        "stop": "29:44.32",
        "speaker": "Student",
        "dialogue": "I'll give you back presenter permissions."
    },
    {
        "start": "29:45.28",
        "stop": "29:45.40",
        "speaker": "Tutor",
        "dialogue": "Um."
    },
    {
        "start": "29:49.24",
        "stop": "29:50.28",
        "speaker": "Student",
        "dialogue": "Think I've got the older."
    },
    {
        "start": "29:50.32",
        "stop": "29:51.00",
        "speaker": "Tutor",
        "dialogue": "Pediaphon."
    },
    {
        "start": "29:51.32",
        "stop": "29:55.36",
        "speaker": "Student",
        "dialogue": "On page three and page four, if you try to re-upload that the current."
    },
    {
        "start": "29:55.48",
        "stop": "29:56.84",
        "speaker": "Tutor",
        "dialogue": "Version that you have it might default."
    },
    {
        "start": "29:57.00",
        "stop": "29:58.44",
        "speaker": "Student",
        "dialogue": "To page five."
    },
    {
        "start": "30:02.80",
        "stop": "30:07.72",
        "speaker": "Tutor",
        "dialogue": "But everything that we have written on it so far, there's no way of going back to that."
    },
    {
        "start": "30:10.48",
        "stop": "30:14.72",
        "speaker": "Student",
        "dialogue": "See, see about this version, and then what happens if we?"
    },
    {
        "start": "30:14.92",
        "stop": "30:15.40",
        "speaker": "Tutor",
        "dialogue": "Moved back."
    },
    {
        "start": "30:15.60",
        "stop": "30:15.64",
        "speaker": "Student",
        "dialogue": "To."
    },
    {
        "start": "30:17.12",
        "stop": "30:19.84",
        "speaker": "Tutor",
        "dialogue": "It would have been on page two was where it had it uploaded."
    },
    {
        "start": "30:21.00",
        "stop": "30:23.12",
        "speaker": "Student",
        "dialogue": "On page two has it frozen Um."
    },
    {
        "start": "30:31.44",
        "stop": "30:33.12",
        "speaker": "Tutor",
        "dialogue": "Me go to page two or page onew."
    },
    {
        "start": "30:48.20",
        "stop": "30:53.96",
        "speaker": "Student",
        "dialogue": "Gotcha okay, let me try taking a video of this and then I'll send it directly to Zach, and then I'll see if there's something"
    },
    {
        "start": "30:54.00",
        "stop": "30:56.32",
        "speaker": "Student",
        "dialogue": "he can do on the back end to recover what was on slide, too."
    },
    {
        "start": "30:58.08",
        "stop": "30:59.32",
        "speaker": "Tutor",
        "dialogue": "Right now, shuld we end the."
    },
    {
        "start": "31:03.12",
        "stop": "31:08.12",
        "speaker": "Student",
        "dialogue": "Um, I would stay on for now to see if there's a quick solution, and I'll get Zack to let you know."
    },
    {
        "start": "31:22.92",
        "stop": "31:23.96",
        "speaker": "Tutor",
        "dialogue": "Devon, are you still there?"
    },
    {
        "start": "31:25.20",
        "stop": "31:26.16",
        "speaker": "Student",
        "dialogue": "Yes, sorry."
    },
    {
        "start": "31:26.68",
        "stop": "31:27.32",
        "speaker": "Tutor",
        "dialogue": "No, you're good."
    },
    {
        "start": "31:27.56",
        "stop": "31:28.64",
        "speaker": "Tutor",
        "dialogue": "Thank you for being patient."
    },
    {
        "start": "31:28.92",
        "stop": "31:30.48",
        "speaker": "Tutor",
        "dialogue": "I can't go to any of the pages now."
    },
    {
        "start": "31:30.56",
        "stop": "31:33.56",
        "speaker": "Tutor",
        "dialogue": "Are you able to click on any of the pages at the back?"
    },
    {
        "start": "31:35.28",
        "stop": "31:37.20",
        "speaker": "Student",
        "dialogue": "No, it has the block dot."
    },
    {
        "start": "31:37.84",
        "stop": "31:39.16",
        "speaker": "Tutor",
        "dialogue": "Yeah, is that what that's called?"
    },
    {
        "start": "31:39.40",
        "stop": "31:41.24",
        "speaker": "Tutor",
        "dialogue": "I just caed it a circle with a line through it."
    },
    {
        "start": "31:44.84",
        "stop": "31:46.48",
        "speaker": "Student",
        "dialogue": "I'm just going to upload one more Pd."
    },
    {
        "start": "31:46.72",
        "stop": "32:00.76",
        "speaker": "Student",
        "dialogue": "F, just to show Um in the video as an example, cause it looks like when I upload a new Pdf, I'm able to a block eye kind disappears."
    },
    {
        "start": "32:00.76",
        "stop": "32:01.28",
        "speaker": "Tutor",
        "dialogue": "So when I click?"
    },
    {
        "start": "32:01.36",
        "stop": "32:11.24",
        "speaker": "Student",
        "dialogue": "This, se, how strange what's going on is when you upload a new Pdf, then you're able to navigate between."
    },
    {
        "start": "32:11.28",
        "stop": "32:11.76",
        "speaker": "Tutor",
        "dialogue": "The pages."
    },
    {
        "start": "32:12.88",
        "stop": "32:14.96",
        "speaker": "Student",
        "dialogue": "But then, if you scrol back to page two, it looks."
    },
    {
        "start": "32:15.00",
        "stop": "32:15.64",
        "speaker": "Tutor",
        "dialogue": "Like it's kind of."
    },
    {
        "start": "32:16.44",
        "stop": "32:16.80",
        "speaker": "Student",
        "dialogue": "Walking."
    },
    {
        "start": "32:19.08",
        "stop": "32:22.04",
        "speaker": "Tutor",
        "dialogue": "What's interesting is is the first time it's happened mid session."
    },
    {
        "start": "32:22.68",
        "stop": "32:26.92",
        "speaker": "Tutor",
        "dialogue": "Usually it happens before a session starts, and I thought it was just because I a sit in idle too long."
    },
    {
        "start": "32:28.68",
        "stop": "32:28.72",
        "speaker": "Student",
        "dialogue": "But"
    },
    {
        "start": "32:28.96",
        "stop": "32:30.08",
        "speaker": "Tutor",
        "dialogue": "This was not idle at all."
    },
    {
        "start": "32:30.12",
        "stop": "32:30.92",
        "speaker": "Tutor",
        "dialogue": "It was very active."
    },
    {
        "start": "33:36.00",
        "stop": "33:36.24",
        "speaker": "Tutor",
        "dialogue": "James."
    },
    {
        "start": "33:36.28",
        "stop": "33:36.52",
        "speaker": "Tutor",
        "dialogue": "Shall"
    },
    {
        "start": "33:36.52",
        "stop": "33:37.64",
        "speaker": "Tutor",
        "dialogue": "we have Devin lock out?"
    },
    {
        "start": "33:43.52",
        "stop": "33:43.64",
        "speaker": "Student",
        "dialogue": "Um."
    },
    {
        "start": "33:44.40",
        "stop": "33:48.72",
        "speaker": "Tutor",
        "dialogue": "I'm only asking because the session was going to end in about five minutes anyways, because I have another one."
    },
    {
        "start": "33:49.64",
        "stop": "33:50.64",
        "speaker": "Tutor",
        "dialogue": "Oh, I see, I see."
    },
    {
        "start": "33:51.52",
        "stop": "33:57.72",
        "speaker": "Student",
        "dialogue": "Um, yeah, if there's a repair that's required, I would imagine it would take a little bit longer than five minutes, Um?"
    },
    {
        "start": "33:59.52",
        "stop": "33:59.56",
        "speaker": "Tutor",
        "dialogue": "So?"
    },
    {
        "start": "33:59.68",
        "stop": "34:00.92",
        "speaker": "Student",
        "dialogue": "If you want to wrap up, that's fine."
    },
    {
        "start": "34:01.00",
        "stop": "34:02.40",
        "speaker": "Student",
        "dialogue": "If you want to reschedule, that's okay."
    },
    {
        "start": "34:03.00",
        "stop": "34:10.32",
        "speaker": "Tutor",
        "dialogue": "Ok, I'm not sure what that looks like, Devon, but I will contact the person who does the rescheduling and then she can communicate with you accordingly."
    },
    {
        "start": "34:10.44",
        "stop": "34:14.68",
        "speaker": "Tutor",
        "dialogue": "Okay, Okay, thank you so much for your patience and it was pretty cool"
    },
    {
        "start": "34:14.76",
        "stop": "34:17.92",
        "speaker": "Tutor",
        "dialogue": "you were doing some awesome thinkings and no matter what happens, continue with that, okay?"
    },
    {
        "start": "34:19.52",
        "stop": "34:19.56",
        "speaker": "Student",
        "dialogue": "Have?"
    },
    {
        "start": "34:19.64",
        "stop": "34:21.68",
        "speaker": "Tutor",
        "dialogue": "A good afternoonye."
    },
    {
        "start": "36:22.24",
        "stop": "36:24.04",
        "speaker": "Student",
        "dialogue": "Okay, Embery, I sent that video to Zack."
    },
    {
        "start": "36:24.36",
        "stop": "36:28.84",
        "speaker": "Student",
        "dialogue": "The explanation I gave is basically the page that you and the student were actively working on froze."
    },
    {
        "start": "36:29.20",
        "stop": "36:29.52",
        "speaker": "Tutor",
        "dialogue": "Basically."
    },
    {
        "start": "36:29.60",
        "stop": "36:30.08",
        "speaker": "Student",
        "dialogue": "While you guys."
    },
    {
        "start": "36:30.12",
        "stop": "36:30.76",
        "speaker": "Tutor",
        "dialogue": "Were writing on it?"
    },
    {
        "start": "36:31.44",
        "stop": "36:32.28",
        "speaker": "Tutor",
        "dialogue": "Ah, and the buttons."
    },
    {
        "start": "36:32.32",
        "stop": "36:34.52",
        "speaker": "Student",
        "dialogue": "To switch, the pages became blocked out and you were unable to."
    },
    {
        "start": "36:34.56",
        "stop": "36:36.72",
        "speaker": "Tutor",
        "dialogue": "Navigate that, um, and then it looked like."
    },
    {
        "start": "36:36.76",
        "stop": "36:39.92",
        "speaker": "Student",
        "dialogue": "If you uploaded a new pedia F, that allowed you to switch pages, but you would."
    },
    {
        "start": "36:40.44",
        "stop": "36:42.44",
        "speaker": "Student",
        "dialogue": "If you scrolled back to page two, it froze again."
    },
    {
        "start": "36:43.44",
        "stop": "36:46.36",
        "speaker": "Student",
        "dialogue": "Um, we want to see if there's a way to E revercover the student progress there."
    },
    {
        "start": "36:47.28",
        "stop": "36:47.56",
        "speaker": "Tutor",
        "dialogue": "Okay."
    },
    {
        "start": "36:49.36",
        "stop": "36:49.40",
        "speaker": "Student",
        "dialogue": "And?"
    },
    {
        "start": "36:49.56",
        "stop": "36:52.44",
        "speaker": "Tutor",
        "dialogue": "Then I have another one that starts in fifteen minutes."
    },
    {
        "start": "36:52.96",
        "stop": "36:55.12",
        "speaker": "Tutor",
        "dialogue": "Should I continue on with it or do"
    },
    {
        "start": "36:55.24",
        "stop": "36:56.56",
        "speaker": "Tutor",
        "dialogue": "we wait until this gets fixed?"
    },
    {
        "start": "36:58.92",
        "stop": "37:04.00",
        "speaker": "Student",
        "dialogue": "I would say give that one a try, 'cause I'm not sure if it's going to affect it in that specific session."
    },
    {
        "start": "37:04.88",
        "stop": "37:05.04",
        "speaker": "Student",
        "dialogue": "Um?"
    },
    {
        "start": "37:07.88",
        "stop": "37:07.96",
        "speaker": "Tutor",
        "dialogue": "If."
    },
    {
        "start": "37:08.04",
        "stop": "37:08.28",
        "speaker": "Student",
        "dialogue": "It does."
    },
    {
        "start": "37:08.36",
        "stop": "37:08.92",
        "speaker": "Tutor",
        "dialogue": "Begin to happen."
    },
    {
        "start": "37:09.04",
        "stop": "37:12.24",
        "speaker": "Student",
        "dialogue": "Let me know thoughright."
    },
    {
        "start": "37:12.32",
        "stop": "37:14.24",
        "speaker": "Tutor",
        "dialogue": "Thank you for hopping on so quickly, Yeah."
    },
    {
        "start": "37:14.52",
        "stop": "37:14.92",
        "speaker": "Student",
        "dialogue": "For sure?"
    },
    {
        "start": "37:15.52",
        "stop": "37:16.40",
        "speaker": "Tutor",
        "dialogue": "Have a good afternoon."
    }
]