[
    {
        "start": "00:00.84",
        "stop": "00:11.68",
        "speaker": "Tutor",
        "dialogue": "Okay, we're going to be talking back and forth like this, so you can close your chat box if you would like, and that'll open up your screen so you have more work space."
    },
    {
        "start": "00:14.32",
        "stop": "00:14.48",
        "speaker": "Student",
        "dialogue": "Then."
    },
    {
        "start": "00:14.60",
        "stop": "00:17.24",
        "speaker": "Tutor",
        "dialogue": "On the lefthand side of your screen, you see some tools."
    },
    {
        "start": "00:20.24",
        "stop": "00:20.40",
        "speaker": "Student",
        "dialogue": "At."
    },
    {
        "start": "00:20.48",
        "stop": "00:22.96",
        "speaker": "Tutor",
        "dialogue": "The bottom of the tools, there's a trash can."
    },
    {
        "start": "00:24.20",
        "stop": "00:25.52",
        "speaker": "Tutor",
        "dialogue": "Don't click that one."
    },
    {
        "start": "00:26.08",
        "stop": "00:29.76",
        "speaker": "Tutor",
        "dialogue": "It will erase all of your work and then we don't have a way to get it back."
    },
    {
        "start": "00:31.40",
        "stop": "00:31.44",
        "speaker": "Student",
        "dialogue": "But"
    },
    {
        "start": "00:32.12",
        "stop": "00:42.76",
        "speaker": "Tutor",
        "dialogue": "You may want to erase some things as we can as we work, so let's practicse drawing or creating something, and then we'll go through how to erase without doing your whole screen."
    },
    {
        "start": "00:44.64",
        "stop": "00:44.68",
        "speaker": "Student",
        "dialogue": "Do?"
    },
    {
        "start": "00:44.80",
        "stop": "00:46.16",
        "speaker": "Tutor",
        "dialogue": "You see the pencil icon?"
    },
    {
        "start": "00:46.40",
        "stop": "00:47.44",
        "speaker": "Tutor",
        "dialogue": "That's the third one down."
    },
    {
        "start": "00:48.32",
        "stop": "00:49.16",
        "speaker": "Student",
        "dialogue": "Yeah, right."
    },
    {
        "start": "00:49.20",
        "stop": "00:54.20",
        "speaker": "Tutor",
        "dialogue": "If you click on that, it'll um pop up a color in a size box."
    },
    {
        "start": "00:54.52",
        "stop": "01:05.92",
        "speaker": "Tutor",
        "dialogue": "So if you want to change your color or size while you're drawing, you can and then there's the text box with a t in it that will allow you to actually type if you don't want to use the draw tool."
    },
    {
        "start": "01:07.76",
        "stop": "01:07.80",
        "speaker": "Student",
        "dialogue": "And?"
    },
    {
        "start": "01:07.92",
        "stop": "01:13.56",
        "speaker": "Tutor",
        "dialogue": "Then for what you want to erase, you need the top arrow, which is your select tool."
    },
    {
        "start": "01:14.72",
        "stop": "01:18.76",
        "speaker": "Tutor",
        "dialogue": "You would select whatever it is that either you want to move around."
    },
    {
        "start": "01:20.72",
        "stop": "01:20.76",
        "speaker": "Student",
        "dialogue": "Or?"
    },
    {
        "start": "01:21.28",
        "stop": "01:34.48",
        "speaker": "Tutor",
        "dialogue": "Erase, once it's selected, the arrow that has an x in it, that is your erase tool, and it will erase whatever you have selected and not everything."
    },
    {
        "start": "01:35.72",
        "stop": "01:35.76",
        "speaker": "Student",
        "dialogue": "So?"
    },
    {
        "start": "01:36.00",
        "stop": "01:38.88",
        "speaker": "Tutor",
        "dialogue": "Practice drawing something and then erasing it."
    },
    {
        "start": "01:46.44",
        "stop": "01:48.48",
        "speaker": "Student",
        "dialogue": "Right then, wit."
    },
    {
        "start": "02:04.04",
        "stop": "02:05.12",
        "speaker": "Tutor",
        "dialogue": "Yeah, it's a little tricky."
    },
    {
        "start": "02:05.28",
        "stop": "02:06.32",
        "speaker": "Tutor",
        "dialogue": "Huh, use your."
    },
    {
        "start": "02:06.64",
        "stop": "02:08.00",
        "speaker": "Tutor",
        "dialogue": "Um, So the top arrow?"
    },
    {
        "start": "02:08.84",
        "stop": "02:14.48",
        "speaker": "Tutor",
        "dialogue": "that's your select tool, so make sure it's highlighted and then select what you want to either move or erase there you."
    },
    {
        "start": "02:14.60",
        "stop": "02:14.64",
        "speaker": "Student",
        "dialogue": "Go"
    },
    {
        "start": "02:17.88",
        "stop": "02:18.16",
        "speaker": "Student",
        "dialogue": "nice."
    },
    {
        "start": "02:19.24",
        "stop": "02:20.52",
        "speaker": "Tutor",
        "dialogue": "Any questions about the tools?"
    },
    {
        "start": "02:22.48",
        "stop": "02:22.76",
        "speaker": "Student",
        "dialogue": "Okay."
    },
    {
        "start": "02:23.32",
        "stop": "02:28.36",
        "speaker": "Tutor",
        "dialogue": "And then we're also going to be talking like this, and I'll be asking you a lot of questions."
    },
    {
        "start": "02:29.12",
        "stop": "02:31.88",
        "speaker": "Tutor",
        "dialogue": "Uh, but it's just because I want to know more about how you're thinking."
    },
    {
        "start": "02:32.64",
        "stop": "02:40.68",
        "speaker": "Tutor",
        "dialogue": "So whenever you're working through something and you're thinking something in your head, the more you can say it out loud, the better like."
    },
    {
        "start": "02:40.92",
        "stop": "02:45.60",
        "speaker": "Tutor",
        "dialogue": "I'm not sure if I put it here or here, but I'm going to try here like any of that stuff."
    },
    {
        "start": "02:45.76",
        "stop": "02:47.76",
        "speaker": "Tutor",
        "dialogue": "Say it out loud as much as you can."
    },
    {
        "start": "02:48.44",
        "stop": "02:52.92",
        "speaker": "Tutor",
        "dialogue": "And if I ask you questions, it doesn't necessarily mean that something is incorrect."
    },
    {
        "start": "02:53.36",
        "stop": "02:55.48",
        "speaker": "Tutor",
        "dialogue": "Just means I want to know more about how you're thinking."
    },
    {
        "start": "02:57.20",
        "stop": "02:57.52",
        "speaker": "Student",
        "dialogue": "Cool."
    },
    {
        "start": "02:58.80",
        "stop": "03:10.32",
        "speaker": "Tutor",
        "dialogue": "And then one final thing, since I cannot see your face, it's really helpful if I ask you something, and you want some time to think about it, To just verbalize that like Ah, I don't know."
    },
    {
        "start": "03:10.64",
        "stop": "03:16.92",
        "speaker": "Tutor",
        "dialogue": "Let me think about that and then I will know not to interrupt your thinking by asking more questions."
    },
    {
        "start": "03:17.00",
        "stop": "03:18.48",
        "speaker": "Tutor",
        "dialogue": "I'll give you some quiet think time."
    },
    {
        "start": "03:20.88",
        "stop": "03:21.24",
        "speaker": "Student",
        "dialogue": "All right."
    },
    {
        "start": "03:21.76",
        "stop": "03:22.76",
        "speaker": "Tutor",
        "dialogue": "You ready to get started?"
    },
    {
        "start": "03:23.96",
        "stop": "03:24.28",
        "speaker": "Student",
        "dialogue": "Col."
    },
    {
        "start": "03:24.72",
        "stop": "03:25.96",
        "speaker": "Tutor",
        "dialogue": "I'm going to change the screen."
    },
    {
        "start": "03:29.08",
        "stop": "03:29.12",
        "speaker": "Student",
        "dialogue": "Do?"
    },
    {
        "start": "03:29.24",
        "stop": "03:31.08",
        "speaker": "Tutor",
        "dialogue": "You see something different on your screen now."
    },
    {
        "start": "03:31.96",
        "stop": "03:32.00",
        "speaker": "Student",
        "dialogue": "Yeah."
    },
    {
        "start": "03:33.48",
        "stop": "03:39.32",
        "speaker": "Tutor",
        "dialogue": "Read and look it over, and then describe to me what you think is happening in this situation."
    },
    {
        "start": "04:02.48",
        "stop": "04:02.52",
        "speaker": "Student",
        "dialogue": "What?"
    },
    {
        "start": "04:02.64",
        "stop": "04:04.44",
        "speaker": "Tutor",
        "dialogue": "Do you think is going on in this situation?"
    },
    {
        "start": "04:06.12",
        "stop": "04:17.76",
        "speaker": "Student",
        "dialogue": "Um, maybe like they're measuring how far or how long it would take to get from Providence to Newark."
    },
    {
        "start": "04:18.84",
        "stop": "04:24.32",
        "speaker": "Tutor",
        "dialogue": "Cool if they're measuring how far or how long what units would they be using to?"
    },
    {
        "start": "04:24.40",
        "stop": "04:36.36",
        "speaker": "Student",
        "dialogue": "Do that, um, miles and hours?"
    },
    {
        "start": "04:36.96",
        "stop": "04:37.08",
        "speaker": "Student",
        "dialogue": "Yes."
    },
    {
        "start": "04:40.32",
        "stop": "04:43.24",
        "speaker": "Tutor",
        "dialogue": "Anything else that we might be able to measure in the situation?"
    },
    {
        "start": "04:51.80",
        "stop": "04:54.00",
        "speaker": "Student",
        "dialogue": "Um, how many miles per hour the car is driving?"
    },
    {
        "start": "04:55.24",
        "stop": "04:57.76",
        "speaker": "Tutor",
        "dialogue": "Wo mile per hour be keeping track of."
    },
    {
        "start": "05:01.44",
        "stop": "05:05.60",
        "speaker": "Student",
        "dialogue": "The distance by hour, like how far they're moving per hour."
    },
    {
        "start": "05:06.44",
        "stop": "05:08.60",
        "speaker": "Tutor",
        "dialogue": "Ah, and do you know how else we can describe that?"
    },
    {
        "start": "05:08.88",
        "stop": "05:11.52",
        "speaker": "Tutor",
        "dialogue": "What's that thing that we're talking about with the car?"
    },
    {
        "start": "05:11.92",
        "stop": "05:14.88",
        "speaker": "Tutor",
        "dialogue": "if we're describing how far per hour it's going?"
    },
    {
        "start": "05:27.08",
        "stop": "05:34.04",
        "speaker": "Student",
        "dialogue": "Uh, the mileage I think, is it?"
    },
    {
        "start": "05:34.28",
        "stop": "05:34.92",
        "speaker": "Student",
        "dialogue": "Ah, I do't."
    },
    {
        "start": "05:34.96",
        "stop": "05:36.44",
        "speaker": "Tutor",
        "dialogue": "Knows it's describing something."
    },
    {
        "start": "05:36.76",
        "stop": "05:38.04",
        "speaker": "Tutor",
        "dialogue": "we'll explore that some more."
    },
    {
        "start": "05:38.40",
        "stop": "05:41.00",
        "speaker": "Tutor",
        "dialogue": "What is miles per hour keeping track of?"
    },
    {
        "start": "05:43.12",
        "stop": "05:43.36",
        "speaker": "Student",
        "dialogue": "Hold."
    },
    {
        "start": "05:43.44",
        "stop": "05:46.04",
        "speaker": "Tutor",
        "dialogue": "That thought in your head and we'll come back to it, okay?"
    },
    {
        "start": "05:47.36",
        "stop": "05:47.68",
        "speaker": "Student",
        "dialogue": "All right."
    },
    {
        "start": "05:47.92",
        "stop": "05:53.40",
        "speaker": "Tutor",
        "dialogue": "So now I'm going to uncover something and you tell me how it's similar or different to what you were thinking about."
    },
    {
        "start": "06:00.20",
        "stop": "06:08.56",
        "speaker": "Student",
        "dialogue": "Uh, it's similar'cause the two different units I was talking about miles and hours and they're measuring the distance."
    },
    {
        "start": "06:10.00",
        "stop": "06:15.92",
        "speaker": "Tutor",
        "dialogue": "Distance and time, Yup, and you also talked about miles per hour."
    },
    {
        "start": "06:16.36",
        "stop": "06:18.68",
        "speaker": "Tutor",
        "dialogue": "Do you see miles per hour on this graph?"
    },
    {
        "start": "06:25.96",
        "stop": "06:26.12",
        "speaker": "Student",
        "dialogue": "Sir."
    },
    {
        "start": "06:28.72",
        "stop": "06:33.12",
        "speaker": "Tutor",
        "dialogue": "What is the relationship like looking at the map and the graph?"
    },
    {
        "start": "06:33.60",
        "stop": "06:37.44",
        "speaker": "Tutor",
        "dialogue": "Can you describe each stage of the journey and what's going on?"
    },
    {
        "start": "06:45.08",
        "stop": "06:58.20",
        "speaker": "Student",
        "dialogue": "They might be taking a couple of breaks after driving for a period of time, so there's point A, b, c, e, m, E and fh."
    },
    {
        "start": "06:58.64",
        "stop": "06:59.40",
        "speaker": "Tutor",
        "dialogue": "See the brakes?"
    },
    {
        "start": "07:01.16",
        "stop": "07:02.16",
        "speaker": "Student",
        "dialogue": "On the grap."
    },
    {
        "start": "07:02.68",
        "stop": "07:03.52",
        "speaker": "Tutor",
        "dialogue": "Can you point to it?"
    },
    {
        "start": "07:04.48",
        "stop": "07:04.80",
        "speaker": "Tutor",
        "dialogue": "okay?"
    },
    {
        "start": "07:11.80",
        "stop": "07:11.84",
        "speaker": "Student",
        "dialogue": "So?"
    },
    {
        "start": "07:12.64",
        "stop": "07:14.12",
        "speaker": "Tutor",
        "dialogue": "Is that point a a break?"
    },
    {
        "start": "07:14.68",
        "stop": "07:15.36",
        "speaker": "Tutor",
        "dialogue": "Is that what you just?"
    },
    {
        "start": "07:15.40",
        "stop": "07:16.76",
        "speaker": "Student",
        "dialogue": "Like, uh, point A is the start."
    },
    {
        "start": "07:17.12",
        "stop": "07:17.36",
        "speaker": "Tutor",
        "dialogue": "Okay."
    },
    {
        "start": "07:18.44",
        "stop": "07:34.76",
        "speaker": "Student",
        "dialogue": "And then point B is a break, and then point C is another break, then D, E, and then."
    },
    {
        "start": "07:37.36",
        "stop": "07:40.64",
        "speaker": "Tutor",
        "dialogue": "Label those breaks that you just talked about on the map."
    },
    {
        "start": "07:41.00",
        "stop": "07:42.64",
        "speaker": "Tutor",
        "dialogue": "Where do you hear if they would be on the map?"
    },
    {
        "start": "07:50.12",
        "stop": "07:57.24",
        "speaker": "Student",
        "dialogue": "Is right here you want me to label like the letters and stuff on it?"
    },
    {
        "start": "07:57.40",
        "stop": "08:01.00",
        "speaker": "Tutor",
        "dialogue": "Yeah, yeah, the more labels you use, the better it helps me understand your thinking."
    },
    {
        "start": "08:01.76",
        "stop": "08:05.16",
        "speaker": "Tutor",
        "dialogue": "It also helps you keep track of everything that's going on in this situation."
    },
    {
        "start": "08:11.64",
        "stop": "08:12.88",
        "speaker": "Student",
        "dialogue": "Does it have to be specific?"
    },
    {
        "start": "08:13.08",
        "stop": "08:17.20",
        "speaker": "Student",
        "dialogue": "Like where it is cause I don't think it's going to be like accurate."
    },
    {
        "start": "08:17.36",
        "stop": "08:20.60",
        "speaker": "Tutor",
        "dialogue": "Yeah, so it's gona be your best estimate of where it is."
    },
    {
        "start": "08:21.00",
        "stop": "08:27.84",
        "speaker": "Tutor",
        "dialogue": "I am going to ask you to explain to me why you chose to put the points where you did so you can be thinking about that."
    },
    {
        "start": "09:08.76",
        "stop": "09:10.20",
        "speaker": "Student",
        "dialogue": "Okay, all right."
    },
    {
        "start": "09:10.48",
        "stop": "09:12.00",
        "speaker": "Tutor",
        "dialogue": "Are you ready to explain your thinking?"
    },
    {
        "start": "09:12.76",
        "stop": "09:14.60",
        "speaker": "Student",
        "dialogue": "Yep, I."
    },
    {
        "start": "09:14.96",
        "stop": "09:18.04",
        "speaker": "Tutor",
        "dialogue": "You can starth like, Why did you put the points where you did?"
    },
    {
        "start": "09:19.32",
        "stop": "09:26.24",
        "speaker": "Student",
        "dialogue": "So from point A to B, it's quite a distance, so I decided to kind of space"
    },
    {
        "start": "09:26.32",
        "stop": "09:52.04",
        "speaker": "Student",
        "dialogue": "it out more than everywhere else, and then B in C. it was a short drive until they took another break, so I put less spacing, and from C to D, it was pretty long, so I spaced it out more, and E and F are pretty close, so I put a short distance."
    },
    {
        "start": "09:53.08",
        "stop": "09:55.92",
        "speaker": "Student",
        "dialogue": "F is also the ending of the drug."
    },
    {
        "start": "09:56.32",
        "stop": "09:59.40",
        "speaker": "Tutor",
        "dialogue": "Excellent, you did an excellent job of explaining your thinking, Allright."
    },
    {
        "start": "09:59.44",
        "stop": "10:06.08",
        "speaker": "Tutor",
        "dialogue": "I'm gonna type some purple words here, and I want you to think about how you could use these purple words to describe what's going on."
    },
    {
        "start": "10:18.16",
        "stop": "10:18.40",
        "speaker": "Student",
        "dialogue": "Okay."
    },
    {
        "start": "10:18.48",
        "stop": "10:19.08",
        "speaker": "Tutor",
        "dialogue": "Can you Sa?"
    },
    {
        "start": "10:20.24",
        "stop": "10:20.28",
        "speaker": "Student",
        "dialogue": "Yeah."
    },
    {
        "start": "10:20.80",
        "stop": "10:21.08",
        "speaker": "Tutor",
        "dialogue": "A right."
    },
    {
        "start": "10:21.16",
        "stop": "10:25.00",
        "speaker": "Tutor",
        "dialogue": "there are some things that are increasing or decreasing or staying the same"
    },
    {
        "start": "10:25.32",
        "stop": "10:26.20",
        "speaker": "Tutor",
        "dialogue": "In the situation."
    },
    {
        "start": "10:26.84",
        "stop": "10:34.68",
        "speaker": "Tutor",
        "dialogue": "You talked about things that we could measure or keep track of might be distance or miles in time or hours."
    },
    {
        "start": "10:35.48",
        "stop": "10:44.04",
        "speaker": "Tutor",
        "dialogue": "So now thinking about each stage of the journey, use these purple words to describe what's happening."
    },
    {
        "start": "10:51.60",
        "stop": "10:55.96",
        "speaker": "Student",
        "dialogue": "Um, must sing it out loud or like, Am I typing?"
    },
    {
        "start": "10:56.00",
        "stop": "10:57.12",
        "speaker": "Tutor",
        "dialogue": "It up, ah, beautiful."
    },
    {
        "start": "10:57.24",
        "stop": "11:00.60",
        "speaker": "Tutor",
        "dialogue": "You can do either what is most comfortable or helpful for you."
    },
    {
        "start": "11:02.56",
        "stop": "11:18.44",
        "speaker": "Student",
        "dialogue": "I'll just say A lo, Um, from A to B. it's increasing, and from B to C. it's staying the same from C to D. It's increasing from Dt."
    },
    {
        "start": "11:18.76",
        "stop": "11:19.60",
        "speaker": "Student",
        "dialogue": "it's increasing."
    },
    {
        "start": "11:21.40",
        "stop": "11:29.00",
        "speaker": "Tutor",
        "dialogue": "'cause you're using it and I want you to be more specific from A to B. What is increasing, decreasing or staying the same?"
    },
    {
        "start": "11:29.56",
        "stop": "11:30.08",
        "speaker": "Student",
        "dialogue": "The miles."
    },
    {
        "start": "11:30.72",
        "stop": "11:33.60",
        "speaker": "Tutor",
        "dialogue": "Okay, so stay it altogether from A to B. What's going on?"
    },
    {
        "start": "11:34.40",
        "stop": "11:38.48",
        "speaker": "Student",
        "dialogue": "From A to B, the miles wait, Ca. Can I say the miles and hours?"
    },
    {
        "start": "11:39.40",
        "stop": "11:39.96",
        "speaker": "Tutor",
        "dialogue": "Go question."
    },
    {
        "start": "11:40.28",
        "stop": "11:41.80",
        "speaker": "Tutor",
        "dialogue": "can you say those both at the same time?"
    },
    {
        "start": "11:41.88",
        "stop": "11:43.92",
        "speaker": "Tutor",
        "dialogue": "Would you be able to describe them both in the same way?"
    },
    {
        "start": "11:44.84",
        "stop": "11:48.16",
        "speaker": "Student",
        "dialogue": "Um, I think."
    },
    {
        "start": "11:48.52",
        "stop": "11:49.24",
        "speaker": "Tutor",
        "dialogue": "Okay, go for it."
    },
    {
        "start": "11:49.32",
        "stop": "11:49.84",
        "speaker": "Tutor",
        "dialogue": "Take shot."
    },
    {
        "start": "11:50.52",
        "stop": "12:03.56",
        "speaker": "Student",
        "dialogue": "Okay, Um, from point A to B, the miles and hours are increasing from B to C. the miles are staying."
    },
    {
        "start": "12:04.00",
        "stop": "12:18.92",
        "speaker": "Student",
        "dialogue": "No wait, Uh, the miles are staying the same and the hours are the hours is increasing."
    },
    {
        "start": "12:20.68",
        "stop": "12:30.44",
        "speaker": "Student",
        "dialogue": "Uh, from C to D, both miles and hours are increasing, and from D to E it"
    },
    {
        "start": "12:31.16",
        "stop": "12:43.76",
        "speaker": "Student",
        "dialogue": "the miles are increasing and the hours are increasing, and each F, both miles and hours are increasing too."
    },
    {
        "start": "12:44.80",
        "stop": "12:48.20",
        "speaker": "Tutor",
        "dialogue": "So it sounds like miles and hours are increasing all along the way."
    },
    {
        "start": "12:49.28",
        "stop": "12:49.32",
        "speaker": "Student",
        "dialogue": "M."
    },
    {
        "start": "12:50.28",
        "stop": "12:59.72",
        "speaker": "Tutor",
        "dialogue": "Except for B to E, I'm sorry, B to C. and then you paused a little bit on D to E. What were you thinking with D to E?"
    },
    {
        "start": "13:01.52",
        "stop": "13:07.20",
        "speaker": "Student",
        "dialogue": "Um, I soaw that the line wasn't as straight as all the other Um lines."
    },
    {
        "start": "13:07.76",
        "stop": "13:08.28",
        "speaker": "Student",
        "dialogue": "What do you think?"
    },
    {
        "start": "13:08.32",
        "stop": "13:08.88",
        "speaker": "Student",
        "dialogue": "Shall I get?"
    },
    {
        "start": "13:09.68",
        "stop": "13:09.72",
        "speaker": "Student",
        "dialogue": "Yeah."
    },
    {
        "start": "13:10.40",
        "stop": "13:11.16",
        "speaker": "Tutor",
        "dialogue": "I interrupted you."
    },
    {
        "start": "13:11.28",
        "stop": "13:11.96",
        "speaker": "Tutor",
        "dialogue": "I'm sorry you go."
    },
    {
        "start": "13:12.44",
        "stop": "13:12.92",
        "speaker": "Student",
        "dialogue": "It's fine."
    },
    {
        "start": "13:13.08",
        "stop": "13:13.88",
        "speaker": "Student",
        "dialogue": "I'm done talk."
    },
    {
        "start": "13:14.20",
        "stop": "13:15.64",
        "speaker": "Tutor",
        "dialogue": "Okay, So what do you think that means?"
    },
    {
        "start": "13:16.48",
        "stop": "13:18.16",
        "speaker": "Tutor",
        "dialogue": "Why isn't it as straight there?"
    },
    {
        "start": "13:18.80",
        "stop": "13:19.56",
        "speaker": "Tutor",
        "dialogue": "What's happening?"
    },
    {
        "start": "13:21.04",
        "stop": "13:28.28",
        "speaker": "Student",
        "dialogue": "Um, I am not too sure."
    },
    {
        "start": "13:29.04",
        "stop": "13:35.12",
        "speaker": "Tutor",
        "dialogue": "Awesome as a teacher, I get super excited when you say that and like earlier, you're like, Um, wait, is it Miles?"
    },
    {
        "start": "13:35.24",
        "stop": "13:35.64",
        "speaker": "Tutor",
        "dialogue": "Wait, Are"
    },
    {
        "start": "13:35.68",
        "stop": "13:36.04",
        "speaker": "Tutor",
        "dialogue": "they both?"
    },
    {
        "start": "13:36.36",
        "stop": "13:39.20",
        "speaker": "Tutor",
        "dialogue": "Whenever you have that hesitation, that means your"
    },
    {
        "start": "13:39.28",
        "stop": "13:46.64",
        "speaker": "Tutor",
        "dialogue": "brain is in the sweet spot of learning right now's, trying to make sense of something and understand it, and that's awesome."
    },
    {
        "start": "13:47.08",
        "stop": "13:48.96",
        "speaker": "Tutor",
        "dialogue": "Lean int to that feeling okay."
    },
    {
        "start": "13:50.48",
        "stop": "13:50.60",
        "speaker": "Student",
        "dialogue": "All."
    },
    {
        "start": "13:50.72",
        "stop": "13:53.52",
        "speaker": "Tutor",
        "dialogue": "Right, so something's going on from D. to."
    },
    {
        "start": "13:53.64",
        "stop": "13:53.68",
        "speaker": "Student",
        "dialogue": "E."
    },
    {
        "start": "13:55.20",
        "stop": "14:00.28",
        "speaker": "Tutor",
        "dialogue": "But you're not quite sure what it is or how to explain it is that fair to say."
    },
    {
        "start": "14:01.84",
        "stop": "14:02.08",
        "speaker": "Student",
        "dialogue": "Okay."
    },
    {
        "start": "14:02.28",
        "stop": "14:08.20",
        "speaker": "Tutor",
        "dialogue": "We're going to explore that some more, so let's come back over here on your points on your map."
    },
    {
        "start": "14:09.76",
        "stop": "14:09.80",
        "speaker": "Student",
        "dialogue": "And?"
    },
    {
        "start": "14:09.96",
        "stop": "14:16.76",
        "speaker": "Tutor",
        "dialogue": "Let's see if what you predicted for where your points are match what you said is happening in that section."
    },
    {
        "start": "14:18.92",
        "stop": "14:18.96",
        "speaker": "Student",
        "dialogue": "So?"
    },
    {
        "start": "14:19.16",
        "stop": "14:23.08",
        "speaker": "Tutor",
        "dialogue": "From A to B, you said the miles and the hours are increasing."
    },
    {
        "start": "14:23.76",
        "stop": "14:25.40",
        "speaker": "Tutor",
        "dialogue": "Is that what you showed on the map?"
    },
    {
        "start": "14:28.96",
        "stop": "14:29.00",
        "speaker": "Student",
        "dialogue": "Do?"
    },
    {
        "start": "14:29.16",
        "stop": "14:35.00",
        "speaker": "Tutor",
        "dialogue": "You do you know how much the miles are increasing or how much the hours are increasing?"
    },
    {
        "start": "14:37.56",
        "stop": "14:43.84",
        "speaker": "Student",
        "dialogue": "Ah, the miles increased by fifty, and the hours increased B."
    },
    {
        "start": "14:44.64",
        "stop": "14:54.20",
        "speaker": "Tutor",
        "dialogue": "Awesome, so label that somehow you can either edit the text-box that I've started by clicking on it with the select tool, or you can use any other tool to label."
    },
    {
        "start": "14:55.72",
        "stop": "14:55.84",
        "speaker": "Student",
        "dialogue": "If."
    },
    {
        "start": "14:55.88",
        "stop": "14:57.00",
        "speaker": "Tutor",
        "dialogue": "It makes better sense to you."
    },
    {
        "start": "15:04.52",
        "stop": "15:06.24",
        "speaker": "Student",
        "dialogue": "So like wait?"
    },
    {
        "start": "15:06.76",
        "stop": "15:12.68",
        "speaker": "Tutor",
        "dialogue": "The question was do you know how much the miles are increasing and how much the hours are increasing?"
    },
    {
        "start": "15:13.24",
        "stop": "15:14.60",
        "speaker": "Student",
        "dialogue": "Would it be okay if I wrote it like that?"
    },
    {
        "start": "15:15.28",
        "stop": "15:16.88",
        "speaker": "Tutor",
        "dialogue": "Um, I can't see till you click off."
    },
    {
        "start": "15:17.28",
        "stop": "15:18.20",
        "speaker": "Student",
        "dialogue": "Oh, okay, um?"
    },
    {
        "start": "15:20.40",
        "stop": "15:25.08",
        "speaker": "Tutor",
        "dialogue": "As soon as you're done typing in the text box, if you click out of it, then I'm able to see what you typed."
    },
    {
        "start": "15:33.04",
        "stop": "15:33.28",
        "speaker": "Student",
        "dialogue": "Okay."
    },
    {
        "start": "15:33.44",
        "stop": "15:35.92",
        "speaker": "Tutor",
        "dialogue": "So our increasing miles, fifty hours, one."
    },
    {
        "start": "15:37.72",
        "stop": "15:37.88",
        "speaker": "Student",
        "dialogue": "Does?"
    },
    {
        "start": "15:38.00",
        "stop": "15:42.44",
        "speaker": "Tutor",
        "dialogue": "That help you keep track of how much the change is in those sections."
    },
    {
        "start": "15:43.32",
        "stop": "15:44.08",
        "speaker": "Student",
        "dialogue": "Yeah, okay."
    },
    {
        "start": "15:44.44",
        "stop": "15:48.08",
        "speaker": "Tutor",
        "dialogue": "Then that works, because these labels are for you all right now."
    },
    {
        "start": "15:49.64",
        "stop": "15:50.92",
        "speaker": "Tutor",
        "dialogue": "The next section was b to C."
    },
    {
        "start": "15:54.04",
        "stop": "15:54.08",
        "speaker": "Student",
        "dialogue": "And?"
    },
    {
        "start": "15:54.40",
        "stop": "15:55.80",
        "speaker": "Tutor",
        "dialogue": "You said this."
    },
    {
        "start": "16:06.20",
        "stop": "16:06.40",
        "speaker": "Student",
        "dialogue": "Does?"
    },
    {
        "start": "16:06.48",
        "stop": "16:07.92",
        "speaker": "Tutor",
        "dialogue": "Your map show that as well."
    },
    {
        "start": "16:09.52",
        "stop": "16:11.20",
        "speaker": "Student",
        "dialogue": "Yeah, I wait."
    },
    {
        "start": "16:13.48",
        "stop": "16:15.88",
        "speaker": "Student",
        "dialogue": "Um, No, it doesn't."
    },
    {
        "start": "16:17.36",
        "stop": "16:17.72",
        "speaker": "Tutor",
        "dialogue": "Because."
    },
    {
        "start": "16:19.40",
        "stop": "16:29.88",
        "speaker": "Student",
        "dialogue": "B and C are in two different places, so it kind of looks like the miles increased on the map, but it didn't."
    },
    {
        "start": "16:30.88",
        "stop": "16:34.64",
        "speaker": "Tutor",
        "dialogue": "Ah, so do you want to revise anything, or do you want to keep it the way it is?"
    },
    {
        "start": "16:35.84",
        "stop": "16:36.64",
        "speaker": "Student",
        "dialogue": "Oh, fix it."
    },
    {
        "start": "16:37.80",
        "stop": "16:39.88",
        "speaker": "Tutor",
        "dialogue": "Are you allowed to revise in math?"
    },
    {
        "start": "16:41.08",
        "stop": "16:41.12",
        "speaker": "Student",
        "dialogue": "Yeah."
    },
    {
        "start": "16:41.60",
        "stop": "16:48.40",
        "speaker": "Tutor",
        "dialogue": "Yeah, absolutely, that's a beautiful part of problem solving, so feel free to revise or edit at any time."
    },
    {
        "start": "17:00.04",
        "stop": "17:00.76",
        "speaker": "Student",
        "dialogue": "I'll just write."
    },
    {
        "start": "17:01.00",
        "stop": "17:01.92",
        "speaker": "Student",
        "dialogue": "See next, too."
    },
    {
        "start": "17:03.36",
        "stop": "17:05.00",
        "speaker": "Tutor",
        "dialogue": "And that helps you know they're at the same point."
    },
    {
        "start": "17:05.80",
        "stop": "17:06.48",
        "speaker": "Student",
        "dialogue": "Yep, cool."
    },
    {
        "start": "17:06.72",
        "stop": "17:15.04",
        "speaker": "Tutor",
        "dialogue": "And then, with your label, how can you keep track of how much the distance is changing, or how much the time is changing?"
    },
    {
        "start": "17:17.16",
        "stop": "17:17.20",
        "speaker": "Student",
        "dialogue": "You?"
    },
    {
        "start": "17:17.28",
        "stop": "17:19.04",
        "speaker": "Tutor",
        "dialogue": "Can label it any way that makes sense for you?"
    },
    {
        "start": "17:26.40",
        "stop": "17:27.36",
        "speaker": "Student",
        "dialogue": "Oh, where am I writing?"
    },
    {
        "start": "17:27.40",
        "stop": "17:28.76",
        "speaker": "Tutor",
        "dialogue": "It where where you want."
    },
    {
        "start": "17:29.52",
        "stop": "17:35.44",
        "speaker": "Student",
        "dialogue": "Okay, sorry, when am I writing again?"
    },
    {
        "start": "17:36.24",
        "stop": "17:42.56",
        "speaker": "Tutor",
        "dialogue": "Um, how much are the miles and hours changing from B to C?"
    },
    {
        "start": "17:44.12",
        "stop": "17:52.60",
        "speaker": "Student",
        "dialogue": "Okay, so I can add it on to the textbox with a sign."
    },
    {
        "start": "17:52.72",
        "stop": "17:52.96",
        "speaker": "Student",
        "dialogue": "Sure."
    },
    {
        "start": "17:53.28",
        "stop": "17:54.76",
        "speaker": "Tutor",
        "dialogue": "Sign that's helpfl for you."
    },
    {
        "start": "18:41.72",
        "stop": "18:42.16",
        "speaker": "Student",
        "dialogue": "Miles."
    },
    {
        "start": "18:42.28",
        "stop": "18:44.24",
        "speaker": "Tutor",
        "dialogue": "Are increasing by fifty miles?"
    },
    {
        "start": "18:45.48",
        "stop": "18:49.28",
        "speaker": "Student",
        "dialogue": "Well, actually the they stay the same cut."
    },
    {
        "start": "18:50.20",
        "stop": "18:51.20",
        "speaker": "Student",
        "dialogue": "So do I like."
    },
    {
        "start": "18:51.60",
        "stop": "18:53.56",
        "speaker": "Student",
        "dialogue": "Yeah, I just 'm right down the same thing."
    },
    {
        "start": "18:54.28",
        "stop": "18:54.32",
        "speaker": "Student",
        "dialogue": "Yeah."
    },
    {
        "start": "18:54.68",
        "stop": "18:54.72",
        "speaker": "Tutor",
        "dialogue": "So?"
    },
    {
        "start": "18:55.12",
        "stop": "18:55.24",
        "speaker": "Student",
        "dialogue": "Right?"
    },
    {
        "start": "18:55.96",
        "stop": "19:03.36",
        "speaker": "Tutor",
        "dialogue": "What we're looking at right here is just the section from B to C. Mhm. How much is distance increasing?"
    },
    {
        "start": "19:03.72",
        "stop": "19:06.12",
        "speaker": "Student",
        "dialogue": "Okay, so I wouldn't put zero it."
    },
    {
        "start": "19:07.08",
        "stop": "19:09.40",
        "speaker": "Tutor",
        "dialogue": "I don't know you tell me, is it?"
    },
    {
        "start": "19:09.64",
        "stop": "19:13.32",
        "speaker": "Tutor",
        "dialogue": "Yes, I know it's zero or I'm not sure, and I need some more time to think if it's zero."
    },
    {
        "start": "19:14.60",
        "stop": "19:16.84",
        "speaker": "Student",
        "dialogue": "Ahz."
    },
    {
        "start": "19:17.36",
        "stop": "19:18.28",
        "speaker": "Tutor",
        "dialogue": "Way to be confident."
    },
    {
        "start": "19:21.16",
        "stop": "19:21.20",
        "speaker": "Student",
        "dialogue": "And?"
    },
    {
        "start": "19:21.32",
        "stop": "19:22.16",
        "speaker": "Tutor",
        "dialogue": "What about the time?"
    },
    {
        "start": "19:22.36",
        "stop": "19:26.00",
        "speaker": "Tutor",
        "dialogue": "How much has the time changed from B to C?"
    },
    {
        "start": "19:26.28",
        "stop": "19:26.52",
        "speaker": "Tutor",
        "dialogue": "Oh."
    },
    {
        "start": "19:43.40",
        "stop": "19:43.52",
        "speaker": "Student",
        "dialogue": "Are?"
    },
    {
        "start": "19:43.56",
        "stop": "19:44.76",
        "speaker": "Tutor",
        "dialogue": "You happy with it or anything?"
    },
    {
        "start": "19:44.84",
        "stop": "19:45.56",
        "speaker": "Tutor",
        "dialogue": "you wann to revise."
    },
    {
        "start": "19:46.72",
        "stop": "19:47.60",
        "speaker": "Student",
        "dialogue": "Ah, I think it did."
    },
    {
        "start": "19:47.92",
        "stop": "19:48.20",
        "speaker": "Tutor",
        "dialogue": "Cool."
    },
    {
        "start": "19:48.48",
        "stop": "19:51.44",
        "speaker": "Tutor",
        "dialogue": "Okay, Keep going Ce to D. What's going on there?"
    },
    {
        "start": "19:56.20",
        "stop": "19:56.24",
        "speaker": "Student",
        "dialogue": "Uh?"
    },
    {
        "start": "20:50.96",
        "stop": "20:52.88",
        "speaker": "Tutor",
        "dialogue": "Is your map match what you wrote?"
    },
    {
        "start": "20:56.40",
        "stop": "21:06.00",
        "speaker": "Student",
        "dialogue": "Um, D might be a little bit too far."
    },
    {
        "start": "21:11.00",
        "stop": "21:11.32",
        "speaker": "Tutor",
        "dialogue": "Because."
    },
    {
        "start": "21:11.56",
        "stop": "21:22.64",
        "speaker": "Student",
        "dialogue": "From point A to B and C, Um, it was a shorter distance so I could move point D up a little bit more."
    },
    {
        "start": "21:23.16",
        "stop": "21:23.80",
        "speaker": "Student",
        "dialogue": "So could B."
    },
    {
        "start": "21:46.80",
        "stop": "21:46.96",
        "speaker": "Tutor",
        "dialogue": "From."
    },
    {
        "start": "21:47.12",
        "stop": "21:47.16",
        "speaker": "Student",
        "dialogue": "A."
    },
    {
        "start": "21:47.44",
        "stop": "21:47.68",
        "speaker": "Tutor",
        "dialogue": "To B."
    },
    {
        "start": "21:49.32",
        "stop": "21:49.36",
        "speaker": "Student",
        "dialogue": "I."
    },
    {
        "start": "21:49.48",
        "stop": "21:51.12",
        "speaker": "Tutor",
        "dialogue": "Have a question for you, you said."
    },
    {
        "start": "21:53.24",
        "stop": "21:53.52",
        "speaker": "Student",
        "dialogue": "Carr."
    },
    {
        "start": "21:53.60",
        "stop": "21:56.44",
        "speaker": "Tutor",
        "dialogue": "Had traveled fifty miles and it took one hour."
    },
    {
        "start": "21:57.68",
        "stop": "21:57.72",
        "speaker": "Student",
        "dialogue": "And?"
    },
    {
        "start": "21:57.84",
        "stop": "22:02.48",
        "speaker": "Tutor",
        "dialogue": "There's a Kirby line here that represents that section of the trip."
    },
    {
        "start": "22:04.28",
        "stop": "22:04.48",
        "speaker": "Student",
        "dialogue": "From."
    },
    {
        "start": "22:04.64",
        "stop": "22:07.80",
        "speaker": "Tutor",
        "dialogue": "A to B on the graph, it's a straight line."
    },
    {
        "start": "22:11.40",
        "stop": "22:11.52",
        "speaker": "Student",
        "dialogue": "How?"
    },
    {
        "start": "22:11.60",
        "stop": "22:14.76",
        "speaker": "Tutor",
        "dialogue": "Come, it's curvey on the map, but it's straight on."
    },
    {
        "start": "22:30.44",
        "stop": "22:31.08",
        "speaker": "Student",
        "dialogue": "I'm not sure."
    },
    {
        "start": "22:32.20",
        "stop": "22:32.48",
        "speaker": "Tutor",
        "dialogue": "Cool."
    },
    {
        "start": "22:32.84",
        "stop": "22:34.04",
        "speaker": "Tutor",
        "dialogue": "let's dig into that some more."
    },
    {
        "start": "22:34.72",
        "stop": "22:40.04",
        "speaker": "Tutor",
        "dialogue": "What is the map keeping track of, and what is the graph keeping track of?"
    },
    {
        "start": "22:41.76",
        "stop": "22:52.04",
        "speaker": "Student",
        "dialogue": "Oh, the map is keeping track of where the car is driving, and the graph is keeping track of the miles and how many hours it takes."
    },
    {
        "start": "22:53.28",
        "stop": "23:00.44",
        "speaker": "Tutor",
        "dialogue": "So the map is keeping track of the actual path the car took, so we know that there we some curves on the road."
    },
    {
        "start": "23:02.68",
        "stop": "23:02.72",
        "speaker": "Student",
        "dialogue": "The."
    },
    {
        "start": "23:02.88",
        "stop": "23:08.32",
        "speaker": "Tutor",
        "dialogue": "Graph is keeping track of how far the car has traveled in what amount of time."
    },
    {
        "start": "23:09.96",
        "stop": "23:10.00",
        "speaker": "Student",
        "dialogue": "So?"
    },
    {
        "start": "23:10.24",
        "stop": "23:20.04",
        "speaker": "Tutor",
        "dialogue": "Is it possible to have a straight line here if we're keeping track of distance or miles in relationship to ours and a kirby line here?"
    },
    {
        "start": "23:23.44",
        "stop": "23:23.64",
        "speaker": "Student",
        "dialogue": "Why?"
    },
    {
        "start": "23:26.84",
        "stop": "23:27.16",
        "speaker": "Tutor",
        "dialogue": "Because."
    },
    {
        "start": "23:28.56",
        "stop": "23:41.40",
        "speaker": "Student",
        "dialogue": "The map isn't recording miles and hours more, just like directions of the where the car is driving to."
    },
    {
        "start": "23:41.80",
        "stop": "23:44.92",
        "speaker": "Tutor",
        "dialogue": "It's a really cool explanation using that term recording."
    },
    {
        "start": "23:45.40",
        "stop": "23:46.88",
        "speaker": "Tutor",
        "dialogue": "Yeah, that's what it's keeping track of."
    },
    {
        "start": "23:47.08",
        "stop": "23:48.48",
        "speaker": "Tutor",
        "dialogue": "That's nice cool."
    },
    {
        "start": "23:49.52",
        "stop": "23:49.80",
        "speaker": "Student",
        "dialogue": "Okay."
    },
    {
        "start": "23:50.20",
        "stop": "23:52.76",
        "speaker": "Tutor",
        "dialogue": "So now we go to D to E."
    },
    {
        "start": "23:55.64",
        "stop": "23:56.04",
        "speaker": "Student",
        "dialogue": "Earlier."
    },
    {
        "start": "23:56.16",
        "stop": "23:59.36",
        "speaker": "Tutor",
        "dialogue": "You told me something about distance and time."
    },
    {
        "start": "24:00.48",
        "stop": "24:02.92",
        "speaker": "Tutor",
        "dialogue": "What's going on with distance and time from D to E?"
    },
    {
        "start": "24:08.44",
        "stop": "24:22.76",
        "speaker": "Student",
        "dialogue": "M, it's increasing."
    },
    {
        "start": "24:24.56",
        "stop": "24:27.56",
        "speaker": "Tutor",
        "dialogue": "And you used it challenge yourselve."
    },
    {
        "start": "24:27.72",
        "stop": "24:30.20",
        "speaker": "Tutor",
        "dialogue": "To be more specific with all those purple power words."
    },
    {
        "start": "24:30.36",
        "stop": "24:46.88",
        "speaker": "Tutor",
        "dialogue": "I'm telling you that on purpose, because any time you're thinking about a graph, the more you can challenge yourself to be specific about what is changing and how it's changing will help you understand the graph a lot more deeplyk."
    },
    {
        "start": "24:47.16",
        "stop": "24:50.20",
        "speaker": "Student",
        "dialogue": "So the miles and hours are increasing."
    },
    {
        "start": "24:50.76",
        "stop": "24:55.28",
        "speaker": "Tutor",
        "dialogue": "Okay, so from D to E, the miles and hours are increasing."
    },
    {
        "start": "25:00.12",
        "stop": "25:00.32",
        "speaker": "Student",
        "dialogue": "From."
    },
    {
        "start": "25:00.44",
        "stop": "25:01.04",
        "speaker": "Tutor",
        "dialogue": "C to D."
    },
    {
        "start": "25:02.76",
        "stop": "25:02.80",
        "speaker": "Student",
        "dialogue": "You?"
    },
    {
        "start": "25:03.00",
        "stop": "25:06.08",
        "speaker": "Tutor",
        "dialogue": "Said the same thing, miles and hours are increasing."
    },
    {
        "start": "25:07.52",
        "stop": "25:07.56",
        "speaker": "Student",
        "dialogue": "What?"
    },
    {
        "start": "25:07.88",
        "stop": "25:12.00",
        "speaker": "Tutor",
        "dialogue": "Makes one of these lines straight and one of em bumpy."
    },
    {
        "start": "25:18.60",
        "stop": "25:25.56",
        "speaker": "Student",
        "dialogue": "Um, of a question."
    },
    {
        "start": "25:25.96",
        "stop": "25:26.56",
        "speaker": "Tutor",
        "dialogue": "Absolutely."
    },
    {
        "start": "25:27.08",
        "stop": "25:30.76",
        "speaker": "Student",
        "dialogue": "Depending on what speed do drive does like."
    },
    {
        "start": "25:32.96",
        "stop": "25:34.52",
        "speaker": "Student",
        "dialogue": "Oh, never mind, never mind."
    },
    {
        "start": "25:34.96",
        "stop": "25:35.76",
        "speaker": "Student",
        "dialogue": "I think I got it."
    },
    {
        "start": "25:37.48",
        "stop": "25:37.76",
        "speaker": "Tutor",
        "dialogue": "Mae."
    },
    {
        "start": "25:38.80",
        "stop": "25:53.40",
        "speaker": "Student",
        "dialogue": "I was going to ask if the speed determines the amount of miles and hours, but I realized if you drive slower, you're going to drive less miles, but wait, not more."
    },
    {
        "start": "25:53.60",
        "stop": "26:01.60",
        "speaker": "Student",
        "dialogue": "wait, Ah, you're going to drive less miles but more hours."
    },
    {
        "start": "26:02.60",
        "stop": "26:03.92",
        "speaker": "Tutor",
        "dialogue": "Ah, I love it."
    },
    {
        "start": "26:04.36",
        "stop": "26:05.80",
        "speaker": "Tutor",
        "dialogue": "love the depth of this thinking."
    },
    {
        "start": "26:06.28",
        "stop": "26:10.80",
        "speaker": "Tutor",
        "dialogue": "So what is the relationship between speed miles and hours?"
    },
    {
        "start": "26:15.56",
        "stop": "26:18.84",
        "speaker": "Student",
        "dialogue": "Uh, miles and hours depend on what speed you're going."
    },
    {
        "start": "26:19.32",
        "stop": "26:25.96",
        "speaker": "Tutor",
        "dialogue": "Yeah, speed is this thing that's made up of how many miles?"
    },
    {
        "start": "26:27.92",
        "stop": "26:27.96",
        "speaker": "Student",
        "dialogue": "Have?"
    },
    {
        "start": "26:28.12",
        "stop": "26:31.24",
        "speaker": "Tutor",
        "dialogue": "You traveled per one hour."
    },
    {
        "start": "26:35.48",
        "stop": "26:35.52",
        "speaker": "Student",
        "dialogue": "So?"
    },
    {
        "start": "26:35.76",
        "stop": "26:43.08",
        "speaker": "Tutor",
        "dialogue": "What's going on from C to D and D to E in relationship to all of this stuff?"
    },
    {
        "start": "26:43.48",
        "stop": "26:52.96",
        "speaker": "Tutor",
        "dialogue": "How come one has this nice smooth line and one has this bumpy line if in both of them distance and time are increasing?"
    },
    {
        "start": "26:55.36",
        "stop": "27:10.28",
        "speaker": "Student",
        "dialogue": "So from C to D, they're driving a consistent speed, which makes the line straight and D and e. to from d to e, Um, they might be driving different speeds."
    },
    {
        "start": "27:12.24",
        "stop": "27:14.76",
        "speaker": "Tutor",
        "dialogue": "So I add it to your description here from C to D."
    },
    {
        "start": "27:16.96",
        "stop": "27:17.00",
        "speaker": "Student",
        "dialogue": "You?"
    },
    {
        "start": "27:17.12",
        "stop": "27:18.48",
        "speaker": "Tutor",
        "dialogue": "Said consistent speed."
    },
    {
        "start": "27:19.28",
        "stop": "27:37.36",
        "speaker": "Tutor",
        "dialogue": "Yes, and the word that we use in math to describe that is that it's a constant rate, So the speed is constant from C to D. That's what makes it that linear relationship that you see here, n, D to E. is it constant or not constant?"
    },
    {
        "start": "27:38.72",
        "stop": "27:39.48",
        "speaker": "Student",
        "dialogue": "Not constant."
    },
    {
        "start": "27:39.72",
        "stop": "27:41.24",
        "speaker": "Tutor",
        "dialogue": "And what does that mean about the speed?"
    },
    {
        "start": "27:42.60",
        "stop": "27:52.60",
        "speaker": "Student",
        "dialogue": "That it increasing or decreasing socreasing?"
    },
    {
        "start": "27:54.72",
        "stop": "27:55.92",
        "speaker": "Tutor",
        "dialogue": "I'm going to move this one."
    },
    {
        "start": "27:59.72",
        "stop": "27:59.76",
        "speaker": "Student",
        "dialogue": "And?"
    },
    {
        "start": "27:59.84",
        "stop": "28:02.24",
        "speaker": "Tutor",
        "dialogue": "You're going to work on box D to E up here."
    },
    {
        "start": "28:03.04",
        "stop": "28:04.64",
        "speaker": "Tutor",
        "dialogue": "What do you know about the miles?"
    },
    {
        "start": "28:06.56",
        "stop": "28:06.60",
        "speaker": "Student",
        "dialogue": "In."
    },
    {
        "start": "28:06.76",
        "stop": "28:08.44",
        "speaker": "Tutor",
        "dialogue": "Hours, you said you know they were increasing."
    },
    {
        "start": "28:09.00",
        "stop": "28:11.04",
        "speaker": "Tutor",
        "dialogue": "How much are they increasing?"
    },
    {
        "start": "28:11.76",
        "stop": "28:14.08",
        "speaker": "Tutor",
        "dialogue": "And what do you know about the speed from D to E?"
    },
    {
        "start": "28:16.76",
        "stop": "28:16.92",
        "speaker": "Student",
        "dialogue": "I'll"
    },
    {
        "start": "28:16.92",
        "stop": "28:18.12",
        "speaker": "Tutor",
        "dialogue": "Click out of it so you can get it."
    },
    {
        "start": "28:26.56",
        "stop": "28:28.52",
        "speaker": "Student",
        "dialogue": "Does point wait?"
    },
    {
        "start": "28:29.16",
        "stop": "28:29.20",
        "speaker": "Student",
        "dialogue": "Uh?"
    },
    {
        "start": "28:29.72",
        "stop": "28:39.00",
        "speaker": "Student",
        "dialogue": "Does it have to be like an accurate amount of miles, since point E isn't really graphed on a point?"
    },
    {
        "start": "28:39.56",
        "stop": "28:40.76",
        "speaker": "Tutor",
        "dialogue": "You Ca do an estimate?"
    },
    {
        "start": "28:41.48",
        "stop": "29:44.60",
        "speaker": "Tutor",
        "dialogue": "Ok, Are you editing or thinking?"
    },
    {
        "start": "29:46.68",
        "stop": "30:52.08",
        "speaker": "Student",
        "dialogue": "M thinking from D to E."
    },
    {
        "start": "30:52.40",
        "stop": "30:53.68",
        "speaker": "Tutor",
        "dialogue": "The miles and hours are."
    },
    {
        "start": "30:53.80",
        "stop": "30:56.00",
        "speaker": "Student",
        "dialogue": "Increasingirty."
    },
    {
        "start": "30:56.04",
        "stop": "31:03.16",
        "speaker": "Tutor",
        "dialogue": "Fve's."
    },
    {
        "start": "31:03.20",
        "stop": "31:03.56",
        "speaker": "Student",
        "dialogue": "Happening?"
    },
    {
        "start": "31:03.60",
        "stop": "31:04.96",
        "speaker": "Tutor",
        "dialogue": "With thepeedrom E."
    },
    {
        "start": "31:07.84",
        "stop": "31:10.12",
        "speaker": "Student",
        "dialogue": "It's decreasing and increasing."
    },
    {
        "start": "31:10.76",
        "stop": "31:12.60",
        "speaker": "Tutor",
        "dialogue": "Ad, it's varying, isn't it?"
    },
    {
        "start": "31:13.36",
        "stop": "31:13.40",
        "speaker": "Student",
        "dialogue": "Yeah."
    },
    {
        "start": "31:14.20",
        "stop": "31:18.76",
        "speaker": "Tutor",
        "dialogue": "C to D, nice, consistent or constant rate."
    },
    {
        "start": "31:19.08",
        "stop": "31:25.28",
        "speaker": "Tutor",
        "dialogue": "Have the cruise controls set, traveling fifty miles an hour, and then my speed."
    },
    {
        "start": "31:25.92",
        "stop": "31:26.60",
        "speaker": "Tutor",
        "dialogue": "I speed up."
    },
    {
        "start": "31:26.76",
        "stop": "31:27.40",
        "speaker": "Tutor",
        "dialogue": "Stay the same."
    },
    {
        "start": "31:27.56",
        "stop": "31:28.84",
        "speaker": "Tutor",
        "dialogue": "Slow down on speed up."
    },
    {
        "start": "31:29.68",
        "stop": "31:32.32",
        "speaker": "Tutor",
        "dialogue": "What's going on on our journey from D to E?"
    },
    {
        "start": "31:32.60",
        "stop": "31:33.92",
        "speaker": "Tutor",
        "dialogue": "That's causing this to happen?"
    },
    {
        "start": "31:53.16",
        "stop": "31:54.72",
        "speaker": "Student",
        "dialogue": "I'm not sure where."
    },
    {
        "start": "31:54.80",
        "stop": "31:56.92",
        "speaker": "Tutor",
        "dialogue": "Did you put D to E on your map?"
    },
    {
        "start": "32:02.80",
        "stop": "32:49.80",
        "speaker": "Student",
        "dialogue": "Um, I put the I put um, d, um farthest from E. but then I realized that the miles from D to E is less than Um, points A to B and C to D, so I think I should fix it, But then from E to F is a short distance, so I'm not sure how I would write that out."
    },
    {
        "start": "32:51.32",
        "stop": "32:51.76",
        "speaker": "Tutor",
        "dialogue": "Take your be."
    },
    {
        "start": "32:52.48",
        "stop": "32:56.68",
        "speaker": "Tutor",
        "dialogue": "Yeah, take your best guess what would be going on and you don't have to change your points."
    },
    {
        "start": "32:56.80",
        "stop": "32:57.68",
        "speaker": "Tutor",
        "dialogue": "I get what you're saying."
    },
    {
        "start": "32:57.88",
        "stop": "33:08.88",
        "speaker": "Tutor",
        "dialogue": "You're saying that you might want to change the distance of these because D to E is a really long distance, But you just realize that it isn't a really long distance when you actually looked closer at the graph."
    },
    {
        "start": "33:09.08",
        "stop": "33:09.92",
        "speaker": "Tutor",
        "dialogue": "Is that what you're saying?"
    },
    {
        "start": "33:10.92",
        "stop": "33:10.96",
        "speaker": "Student",
        "dialogue": "Yeah."
    },
    {
        "start": "33:11.48",
        "stop": "33:13.12",
        "speaker": "Tutor",
        "dialogue": "So I understand what you're thinking."
    },
    {
        "start": "33:13.44",
        "stop": "33:15.36",
        "speaker": "Tutor",
        "dialogue": "Don't worry about changing those dots."
    },
    {
        "start": "33:16.40",
        "stop": "33:16.84",
        "speaker": "Tutor",
        "dialogue": "What is?"
    },
    {
        "start": "33:17.52",
        "stop": "33:18.16",
        "speaker": "Tutor",
        "dialogue": "where are you?"
    },
    {
        "start": "33:18.36",
        "stop": "33:23.20",
        "speaker": "Tutor",
        "dialogue": "Though, most likely that's causing you to be in stop and go traffic from D to E."
    },
    {
        "start": "33:27.88",
        "stop": "33:29.20",
        "speaker": "Student",
        "dialogue": "Maybe on a busier road."
    },
    {
        "start": "33:29.64",
        "stop": "33:33.44",
        "speaker": "Tutor",
        "dialogue": "Yeah, what happens as you get closer to New York City or into New York City?"
    },
    {
        "start": "33:34.16",
        "stop": "33:35.20",
        "speaker": "Student",
        "dialogue": "It's a lot of traffic."
    },
    {
        "start": "33:35.48",
        "stop": "33:39.72",
        "speaker": "Tutor",
        "dialogue": "A lot of traffic, so you're not able to drive at a constant speed."
    },
    {
        "start": "33:40.48",
        "stop": "33:42.12",
        "speaker": "Tutor",
        "dialogue": "There's some stop and go traffic."
    },
    {
        "start": "33:43.40",
        "stop": "33:47.80",
        "speaker": "Tutor",
        "dialogue": "Something happened up here at B to C where you were in complete standstill traffic."
    },
    {
        "start": "33:49.28",
        "stop": "33:49.32",
        "speaker": "Student",
        "dialogue": "For."
    },
    {
        "start": "33:49.56",
        "stop": "33:50.20",
        "speaker": "Tutor",
        "dialogue": "Thirty minutes."
    },
    {
        "start": "33:51.76",
        "stop": "33:51.84",
        "speaker": "Student",
        "dialogue": "Does?"
    },
    {
        "start": "33:51.96",
        "stop": "33:52.64",
        "speaker": "Tutor",
        "dialogue": "That make sense."
    },
    {
        "start": "33:53.28",
        "stop": "33:53.32",
        "speaker": "Student",
        "dialogue": "Yeah."
    },
    {
        "start": "33:53.84",
        "stop": "34:03.52",
        "speaker": "Tutor",
        "dialogue": "All right, so if we were just going to look at the speed of the car, can you determine the speed of the car from this graph?"
    },
    {
        "start": "34:12.60",
        "stop": "34:12.76",
        "speaker": "Student",
        "dialogue": "Yes."
    },
    {
        "start": "34:14.68",
        "stop": "34:21.20",
        "speaker": "Tutor",
        "dialogue": "Is the car travelling at the same speed the whole trip, or is the speed changing throughout the trip?"
    },
    {
        "start": "34:22.16",
        "stop": "34:23.24",
        "speaker": "Student",
        "dialogue": "The speed's changing."
    },
    {
        "start": "34:24.20",
        "stop": "34:28.64",
        "speaker": "Tutor",
        "dialogue": "Do you have enough information to find out how fast the car is going?"
    },
    {
        "start": "34:30.72",
        "stop": "34:32.68",
        "speaker": "Student",
        "dialogue": "I, I think so."
    },
    {
        "start": "34:33.16",
        "stop": "34:34.16",
        "speaker": "Tutor",
        "dialogue": "What would you need to know?"
    },
    {
        "start": "34:37.84",
        "stop": "34:39.20",
        "speaker": "Student",
        "dialogue": "A first, I have a question."
    },
    {
        "start": "34:39.64",
        "stop": "34:39.80",
        "speaker": "Tutor",
        "dialogue": "Yes."
    },
    {
        "start": "34:40.68",
        "stop": "34:47.24",
        "speaker": "Student",
        "dialogue": "Would the equation that she wrote on the right?"
    },
    {
        "start": "34:47.48",
        "stop": "34:51.12",
        "speaker": "Student",
        "dialogue": "Would that help with trying to figure out the speed?"
    },
    {
        "start": "34:51.64",
        "stop": "34:54.52",
        "speaker": "Tutor",
        "dialogue": "Good question, Caause, I didn't even call this an equation."
    },
    {
        "start": "34:55.00",
        "stop": "35:00.00",
        "speaker": "Tutor",
        "dialogue": "I was just writing in symbols, the relationship that you were describing about the speed."
    },
    {
        "start": "35:00.96",
        "stop": "35:10.84",
        "speaker": "Tutor",
        "dialogue": "The speed is this thing that is a measure of how many miles did we go in one hour."
    },
    {
        "start": "35:14.44",
        "stop": "35:14.48",
        "speaker": "Student",
        "dialogue": "It."
    },
    {
        "start": "35:14.68",
        "stop": "35:16.64",
        "speaker": "Tutor",
        "dialogue": "Is an equation good observation?"
    },
    {
        "start": "35:17.68",
        "stop": "35:20.88",
        "speaker": "Tutor",
        "dialogue": "So in order to find the speed, what would I need to know?"
    },
    {
        "start": "35:22.16",
        "stop": "35:23.36",
        "speaker": "Student",
        "dialogue": "Doen miles and hours."
    },
    {
        "start": "35:24.32",
        "stop": "35:29.52",
        "speaker": "Tutor",
        "dialogue": "So from A to B, do I have enough information to find the speed of the car from A to B?"
    },
    {
        "start": "35:30.96",
        "stop": "35:31.00",
        "speaker": "Student",
        "dialogue": "Yeah."
    },
    {
        "start": "35:32.12",
        "stop": "35:34.36",
        "speaker": "Tutor",
        "dialogue": "How fast is the car going from A to B?"
    },
    {
        "start": "35:38.56",
        "stop": "35:41.64",
        "speaker": "Student",
        "dialogue": "Ah, fifty miles, I mean ya."
    },
    {
        "start": "35:42.20",
        "stop": "35:45.52",
        "speaker": "Student",
        "dialogue": "No, sorry, uh, yeah, fifty."
    },
    {
        "start": "35:46.12",
        "stop": "35:46.44",
        "speaker": "Tutor",
        "dialogue": "Fifty."
    },
    {
        "start": "35:47.72",
        "stop": "35:57.16",
        "speaker": "Student",
        "dialogue": "Uh, wouldn't it be miles?"
    },
    {
        "start": "35:57.96",
        "stop": "35:58.40",
        "speaker": "Student",
        "dialogue": "but then."
    },
    {
        "start": "36:01.40",
        "stop": "36:09.76",
        "speaker": "Tutor",
        "dialogue": "Speed is the relationship between miles and hours, so it's more than just miles, which is what I hear in your voice."
    },
    {
        "start": "36:10.00",
        "stop": "36:11.80",
        "speaker": "Tutor",
        "dialogue": "You're saying what distance is miles?"
    },
    {
        "start": "36:13.88",
        "stop": "36:14.20",
        "speaker": "Student",
        "dialogue": "Speed."
    },
    {
        "start": "36:14.40",
        "stop": "36:17.84",
        "speaker": "Tutor",
        "dialogue": "Is the relationship of miles per one hour?"
    },
    {
        "start": "36:22.36",
        "stop": "36:22.40",
        "speaker": "Student",
        "dialogue": "So?"
    },
    {
        "start": "36:30.36",
        "stop": "36:31.92",
        "speaker": "Tutor",
        "dialogue": "Do you know what M. P. H means?"
    },
    {
        "start": "36:32.60",
        "stop": "36:34.80",
        "speaker": "Student",
        "dialogue": "Yeah, what miles per hour?"
    },
    {
        "start": "36:35.00",
        "stop": "36:35.04",
        "speaker": "Student",
        "dialogue": "Yeah."
    },
    {
        "start": "36:35.60",
        "stop": "36:39.52",
        "speaker": "Tutor",
        "dialogue": "So from A to B, that's like the signs that we see on the roads or whatever."
    },
    {
        "start": "36:41.24",
        "stop": "36:44.40",
        "speaker": "Tutor",
        "dialogue": "From A to B. the car is travelling fifty miles per hour."
    },
    {
        "start": "36:45.80",
        "stop": "36:47.80",
        "speaker": "Tutor",
        "dialogue": "Is it travelling fifty miles per hour?"
    },
    {
        "start": "36:48.00",
        "stop": "36:49.24",
        "speaker": "Tutor",
        "dialogue": "That whole section?"
    },
    {
        "start": "36:49.76",
        "stop": "36:55.12",
        "speaker": "Tutor",
        "dialogue": "is it staying at a constant speed, or is the speed of the car varying from A to B?"
    },
    {
        "start": "36:56.24",
        "stop": "36:59.76",
        "speaker": "Student",
        "dialogue": "It stay at a contan constant speed at."
    },
    {
        "start": "36:59.80",
        "stop": "37:00.68",
        "speaker": "Tutor",
        "dialogue": "A constant speed."
    },
    {
        "start": "37:00.96",
        "stop": "37:01.28",
        "speaker": "Student",
        "dialogue": "Cool."
    },
    {
        "start": "37:01.84",
        "stop": "37:08.16",
        "speaker": "Tutor",
        "dialogue": "K, could you do the same thing and determine the speed from B to c, C to D, and so on?"
    },
    {
        "start": "37:09.20",
        "stop": "37:09.24",
        "speaker": "Student",
        "dialogue": "Yeah."
    },
    {
        "start": "37:09.56",
        "stop": "37:10.40",
        "speaker": "Tutor",
        "dialogue": "All right, keep going."
    },
    {
        "start": "38:09.40",
        "stop": "38:09.76",
        "speaker": "Student",
        "dialogue": "Mmhmm."
    },
    {
        "start": "38:59.92",
        "stop": "39:00.92",
        "speaker": "Tutor",
        "dialogue": "What are you thinking about?"
    },
    {
        "start": "39:02.72",
        "stop": "39:06.64",
        "speaker": "Student",
        "dialogue": "I'm trying to figure out Um"
    },
    {
        "start": "39:07.64",
        "stop": "39:18.72",
        "speaker": "Student",
        "dialogue": "how many miles it was from C to D, but not sure."
    },
    {
        "start": "39:20.12",
        "stop": "39:27.28",
        "speaker": "Tutor",
        "dialogue": "Earlier, you told me this about the section from C to D. I jus changed it to red."
    },
    {
        "start": "39:29.36",
        "stop": "39:29.40",
        "speaker": "Student",
        "dialogue": "You?"
    },
    {
        "start": "39:29.56",
        "stop": "39:32.12",
        "speaker": "Tutor",
        "dialogue": "Still agree with that, or are you unsure about it?"
    },
    {
        "start": "39:49.40",
        "stop": "39:50.92",
        "speaker": "Student",
        "dialogue": "Oh wait, yeah, I got it now"
    },
    {
        "start": "39:52.60",
        "stop": "39:53.92",
        "speaker": "Student",
        "dialogue": "I was looking at the wrong thing."
    },
    {
        "start": "39:54.84",
        "stop": "39:56.48",
        "speaker": "Tutor",
        "dialogue": "What were you looking at out of curio?"
    },
    {
        "start": "39:56.84",
        "stop": "39:58.68",
        "speaker": "Student",
        "dialogue": "Was I was looking at?"
    },
    {
        "start": "39:59.28",
        "stop": "40:00.08",
        "speaker": "Student",
        "dialogue": "Um, B, T. C."
    },
    {
        "start": "40:16.76",
        "stop": "40:16.84",
        "speaker": "Tutor",
        "dialogue": "All."
    },
    {
        "start": "40:16.92",
        "stop": "40:17.04",
        "speaker": "Student",
        "dialogue": "Right?"
    },
    {
        "start": "40:17.08",
        "stop": "40:26.16",
        "speaker": "Tutor",
        "dialogue": "We're going to look at just those three sections, A to b, B to c, C to D, and just those three sections of the graph."
    },
    {
        "start": "40:26.96",
        "stop": "40:29.92",
        "speaker": "Tutor",
        "dialogue": "I'd like you to sketch a new graph."
    },
    {
        "start": "40:32.72",
        "stop": "40:32.76",
        "speaker": "Student",
        "dialogue": "With."
    },
    {
        "start": "40:32.96",
        "stop": "40:38.40",
        "speaker": "Tutor",
        "dialogue": "The relationship of how fast is the car going in relationship to time?"
    },
    {
        "start": "40:46.92",
        "stop": "40:50.44",
        "speaker": "Student",
        "dialogue": "So I should label the numbers on the graph toay."
    },
    {
        "start": "40:50.56",
        "stop": "40:54.48",
        "speaker": "Tutor",
        "dialogue": "Yeah, 'cause labels help communicate to other people what you're thinking."
    },
    {
        "start": "41:11.44",
        "stop": "41:13.00",
        "speaker": "Student",
        "dialogue": "It doesn't have to be super accurate."
    },
    {
        "start": "41:13.12",
        "stop": "41:14.40",
        "speaker": "Tutor",
        "dialogue": "Right, no, it's just a sketch."
    },
    {
        "start": "41:20.64",
        "stop": "41:20.76",
        "speaker": "Student",
        "dialogue": "There."
    },
    {
        "start": "41:20.80",
        "stop": "41:24.88",
        "speaker": "Tutor",
        "dialogue": "Are times when we have to be super accurate and times when just a sketch works right?"
    },
    {
        "start": "41:59.56",
        "stop": "42:03.28",
        "speaker": "Student",
        "dialogue": "Should I um, right?"
    },
    {
        "start": "42:03.72",
        "stop": "42:04.52",
        "speaker": "Student",
        "dialogue": "Oh wait, never mind."
    },
    {
        "start": "42:04.76",
        "stop": "42:05.16",
        "speaker": "Student",
        "dialogue": "Hang, Got"
    },
    {
        "start": "42:05.20",
        "stop": "42:05.24",
        "speaker": "Student",
        "dialogue": "it?"
    },
    {
        "start": "42:07.16",
        "stop": "42:08.48",
        "speaker": "Tutor",
        "dialogue": "Did you answer your own question?"
    },
    {
        "start": "42:09.44",
        "stop": "42:10.00",
        "speaker": "Student",
        "dialogue": "Yeah, it's"
    },
    {
        "start": "42:10.04",
        "stop": "42:15.84",
        "speaker": "Tutor",
        "dialogue": "Cool, whenever you have the time to think out loud, you get to sometimes answer your own wonderings."
    },
    {
        "start": "42:33.16",
        "stop": "43:23.72",
        "speaker": "Student",
        "dialogue": "M, Um, even though the units are hours, I guess still eight minutes, right?"
    },
    {
        "start": "43:27.36",
        "stop": "43:27.40",
        "speaker": "Tutor",
        "dialogue": "Uh?"
    },
    {
        "start": "43:27.84",
        "stop": "43:27.88",
        "speaker": "Student",
        "dialogue": "Yeah."
    },
    {
        "start": "43:35.24",
        "stop": "43:41.40",
        "speaker": "Tutor",
        "dialogue": "For our purposes today, because my goal is for you to just pay attention to the relationships between things that are changing."
    },
    {
        "start": "43:41.88",
        "stop": "43:42.48",
        "speaker": "Tutor",
        "dialogue": "It's okay."
    },
    {
        "start": "43:43.36",
        "stop": "43:50.32",
        "speaker": "Tutor",
        "dialogue": "Know that if you're in a classroom or on a test, If it says, label it in hours, they want you to label it in hours."
    },
    {
        "start": "43:51.12",
        "stop": "43:51.28",
        "speaker": "Student",
        "dialogue": "Ok."
    },
    {
        "start": "43:51.56",
        "stop": "43:56.48",
        "speaker": "Tutor",
        "dialogue": "So you can think in minutes, but you would need to label it in the units that they have there."
    },
    {
        "start": "43:58.68",
        "stop": "43:58.92",
        "speaker": "Student",
        "dialogue": "Make."
    },
    {
        "start": "43:58.96",
        "stop": "43:59.20",
        "speaker": "Tutor",
        "dialogue": "Sense."
    },
    {
        "start": "44:00.96",
        "stop": "44:54.92",
        "speaker": "Student",
        "dialogue": "Oh, exc, Yeah, okay, I just realized Um, I would start."
    },
    {
        "start": "44:55.32",
        "stop": "44:58.12",
        "speaker": "Student",
        "dialogue": "Is it okay if I would like if I'm writing any graph?"
    },
    {
        "start": "44:59.48",
        "stop": "45:01.16",
        "speaker": "Student",
        "dialogue": "Is it okay if I would start from"
    },
    {
        "start": "45:03.04",
        "stop": "45:04.84",
        "speaker": "Student",
        "dialogue": "Like all the way on the right of the graph?"
    },
    {
        "start": "45:05.12",
        "stop": "45:07.40",
        "speaker": "Student",
        "dialogue": "or should I have to start from the axis of?"
    },
    {
        "start": "45:08.80",
        "stop": "45:09.32",
        "speaker": "Tutor",
        "dialogue": "The Rigan."
    },
    {
        "start": "45:10.12",
        "stop": "45:10.80",
        "speaker": "Student",
        "dialogue": "Origin, sorry."
    },
    {
        "start": "45:11.20",
        "stop": "45:12.84",
        "speaker": "Tutor",
        "dialogue": "Oh, such a powerful question."
    },
    {
        "start": "45:12.96",
        "stop": "45:13.72",
        "speaker": "Tutor",
        "dialogue": "that's so cool."
    },
    {
        "start": "45:14.52",
        "stop": "45:22.80",
        "speaker": "Tutor",
        "dialogue": "Most graphs that you probably have seen start from the origin or go through the origin, but the reality is they don't have to."
    },
    {
        "start": "45:23.44",
        "stop": "45:28.00",
        "speaker": "Tutor",
        "dialogue": "Graphs can look a lot of different ways, And the whole thing about a graph is"
    },
    {
        "start": "45:28.08",
        "stop": "45:31.72",
        "speaker": "Tutor",
        "dialogue": "it's showing the relationship between two things and how they're changing."
    },
    {
        "start": "45:32.04",
        "stop": "45:35.76",
        "speaker": "Tutor",
        "dialogue": "And what I hear you saying is this relationship doesn't start at zero."
    },
    {
        "start": "45:36.68",
        "stop": "45:40.00",
        "speaker": "Tutor",
        "dialogue": "It starts somewhere else and absolutely"
    },
    {
        "start": "45:40.24",
        "stop": "45:43.32",
        "speaker": "Tutor",
        "dialogue": "you're allowed to create a graph that doesn't start at the origin."
    },
    {
        "start": "45:49.64",
        "stop": "45:54.16",
        "speaker": "Student",
        "dialogue": "And I would be using the note, Um, to hope graph, right?"
    },
    {
        "start": "45:54.44",
        "stop": "45:56.48",
        "speaker": "Tutor",
        "dialogue": "Correct, yeah, 'cause it's all the same situation."
    },
    {
        "start": "45:56.88",
        "stop": "46:01.48",
        "speaker": "Tutor",
        "dialogue": "Those notes were just a way of keeping track of your thinking throughout the problem."
    },
    {
        "start": "46:17.40",
        "stop": "46:29.84",
        "speaker": "Student",
        "dialogue": "Right, Mmm, okay."
    },
    {
        "start": "46:42.60",
        "stop": "46:43.60",
        "speaker": "Tutor",
        "dialogue": "What point is this?"
    },
    {
        "start": "46:46.32",
        "stop": "46:53.48",
        "speaker": "Student",
        "dialogue": "That's point A to B. Ah."
    },
    {
        "start": "46:54.24",
        "stop": "46:55.84",
        "speaker": "Tutor",
        "dialogue": "I said What point is it?"
    },
    {
        "start": "46:56.16",
        "stop": "46:57.84",
        "speaker": "Tutor",
        "dialogue": "and you told me a line segment?"
    },
    {
        "start": "46:58.48",
        "stop": "47:01.48",
        "speaker": "Tutor",
        "dialogue": "Oh, so, is this point A, or is it point B?"
    },
    {
        "start": "47:16.44",
        "stop": "47:23.92",
        "speaker": "Student",
        "dialogue": "Mm, Well, it can't be point A, because point A starts at zero, so."
    },
    {
        "start": "47:25.24",
        "stop": "47:27.36",
        "speaker": "Tutor",
        "dialogue": "So point A is where would point A, B?"
    },
    {
        "start": "47:28.64",
        "stop": "47:28.68",
        "speaker": "Student",
        "dialogue": "N."
    },
    {
        "start": "47:31.64",
        "stop": "47:37.00",
        "speaker": "Tutor",
        "dialogue": "Point A is zero minutes and zero miles an hour."
    },
    {
        "start": "47:38.40",
        "stop": "47:38.44",
        "speaker": "Student",
        "dialogue": "But"
    },
    {
        "start": "47:38.68",
        "stop": "47:40.44",
        "speaker": "Tutor",
        "dialogue": "We said from A to B."
    },
    {
        "start": "47:42.68",
        "stop": "47:42.72",
        "speaker": "Student",
        "dialogue": "The."
    },
    {
        "start": "47:42.80",
        "stop": "47:53.48",
        "speaker": "Tutor",
        "dialogue": "Car was traveling fifty miles an hour because it was constant from that entire section of the trip, so we're pretending like the car was already driving when it hit Providence."
    },
    {
        "start": "47:54.60",
        "stop": "47:54.64",
        "speaker": "Student",
        "dialogue": "It."
    },
    {
        "start": "47:54.76",
        "stop": "48:01.64",
        "speaker": "Tutor",
        "dialogue": "Was going fifty miles an hour all the way from A to B? So ten minutes into the trip?"
    },
    {
        "start": "48:01.92",
        "stop": "48:04.64",
        "speaker": "Tutor",
        "dialogue": "How fast was it going twenty minutes into the trip?"
    },
    {
        "start": "48:04.76",
        "stop": "48:07.32",
        "speaker": "Tutor",
        "dialogue": "How fast was it going An hour into the trip?"
    },
    {
        "start": "48:07.48",
        "stop": "48:09.68",
        "speaker": "Tutor",
        "dialogue": "How fast was it going all the way from A?"
    },
    {
        "start": "48:09.88",
        "stop": "48:10.16",
        "speaker": "Tutor",
        "dialogue": "Toby?"
    },
    {
        "start": "48:11.52",
        "stop": "48:15.00",
        "speaker": "Student",
        "dialogue": "So it would be correct if I sant."
    },
    {
        "start": "48:15.04",
        "stop": "48:20.08",
        "speaker": "Student",
        "dialogue": "That was a where this point right here."
    },
    {
        "start": "48:21.04",
        "stop": "48:25.56",
        "speaker": "Tutor",
        "dialogue": "What you plotted here was sixty minutes into the trip."
    },
    {
        "start": "48:26.44",
        "stop": "48:28.60",
        "speaker": "Tutor",
        "dialogue": "The car is going fifty miles an hour."
    },
    {
        "start": "48:37.80",
        "stop": "48:38.40",
        "speaker": "Student",
        "dialogue": "Sox."
    },
    {
        "start": "48:38.64",
        "stop": "48:41.96",
        "speaker": "Tutor",
        "dialogue": "Are we sixty miles or sixty minutes into the trip right here?"
    },
    {
        "start": "48:42.92",
        "stop": "48:46.28",
        "speaker": "Student",
        "dialogue": "No, Mm, Mm, Okay, so point A."
    },
    {
        "start": "48:51.72",
        "stop": "48:57.96",
        "speaker": "Tutor",
        "dialogue": "Point A is the point that says at the start of the trip we're going fifty miles an hour."
    },
    {
        "start": "49:11.56",
        "stop": "49:15.04",
        "speaker": "Student",
        "dialogue": "So point A would be right here that."
    },
    {
        "start": "49:15.24",
        "stop": "49:15.72",
        "speaker": "Tutor",
        "dialogue": "Makes sense."
    },
    {
        "start": "49:23.80",
        "stop": "49:23.84",
        "speaker": "Student",
        "dialogue": "So?"
    },
    {
        "start": "49:24.16",
        "stop": "49:24.88",
        "speaker": "Tutor",
        "dialogue": "This is point A."
    },
    {
        "start": "49:32.92",
        "stop": "49:32.96",
        "speaker": "Student",
        "dialogue": "What?"
    },
    {
        "start": "49:33.16",
        "stop": "49:33.96",
        "speaker": "Tutor",
        "dialogue": "Point is this one."
    },
    {
        "start": "49:35.08",
        "stop": "49:35.48",
        "speaker": "Student",
        "dialogue": "Point B."
    },
    {
        "start": "49:37.08",
        "stop": "49:39.04",
        "speaker": "Tutor",
        "dialogue": "And where is A to B?"
    },
    {
        "start": "49:48.60",
        "stop": "49:48.64",
        "speaker": "Student",
        "dialogue": "M."
    },
    {
        "start": "49:58.68",
        "stop": "49:58.80",
        "speaker": "Tutor",
        "dialogue": "How?"
    },
    {
        "start": "49:58.92",
        "stop": "49:59.16",
        "speaker": "Student",
        "dialogue": "Fast."
    },
    {
        "start": "49:59.24",
        "stop": "50:00.40",
        "speaker": "Tutor",
        "dialogue": "Are we going from A to B?"
    },
    {
        "start": "50:01.16",
        "stop": "50:03.96",
        "speaker": "Student",
        "dialogue": "Oh, ah, fifteen miles per hour."
    },
    {
        "start": "50:04.36",
        "stop": "50:09.96",
        "speaker": "Tutor",
        "dialogue": "And you told me the speed was constant, so that means we're going fifty miles per hour this entire time."
    },
    {
        "start": "50:11.44",
        "stop": "50:16.12",
        "speaker": "Tutor",
        "dialogue": "How can you show going fifty miles an hour the entire time on your graph from A to B?"
    },
    {
        "start": "50:23.88",
        "stop": "50:23.92",
        "speaker": "Student",
        "dialogue": "You?"
    },
    {
        "start": "50:24.12",
        "stop": "50:24.36",
        "speaker": "Tutor",
        "dialogue": "Trw."
    },
    {
        "start": "50:25.96",
        "stop": "50:26.04",
        "speaker": "Student",
        "dialogue": "Gra."
    },
    {
        "start": "50:26.80",
        "stop": "50:26.84",
        "speaker": "Tutor",
        "dialogue": "That."
    },
    {
        "start": "50:28.16",
        "stop": "50:28.28",
        "speaker": "Student",
        "dialogue": "No."
    },
    {
        "start": "50:29.00",
        "stop": "50:30.76",
        "speaker": "Tutor",
        "dialogue": "They can, might."
    },
    {
        "start": "50:30.92",
        "stop": "50:33.04",
        "speaker": "Tutor",
        "dialogue": "things may not be something you've seen before."
    },
    {
        "start": "50:33.16",
        "stop": "50:34.60",
        "speaker": "Tutor",
        "dialogue": "Yeah, so you just created."
    },
    {
        "start": "50:34.68",
        "stop": "50:34.72",
        "speaker": "Student",
        "dialogue": "It."
    },
    {
        "start": "50:36.92",
        "stop": "50:43.40",
        "speaker": "Tutor",
        "dialogue": "And I so wish we could keep going, because you're an amazing math thinker and I love working with you, but we're at a time."
    },
    {
        "start": "50:44.92",
        "stop": "50:45.20",
        "speaker": "Student",
        "dialogue": "However."
    },
    {
        "start": "50:45.28",
        "stop": "50:48.28",
        "speaker": "Tutor",
        "dialogue": "I want to ask you a couple final things about your experience."
    },
    {
        "start": "50:49.60",
        "stop": "50:49.76",
        "speaker": "Tutor",
        "dialogue": "One."
    },
    {
        "start": "50:50.64",
        "stop": "50:54.76",
        "speaker": "Tutor",
        "dialogue": "what is something you feel like you learned or are thinking differently about now?"
    },
    {
        "start": "50:58.04",
        "stop": "51:02.44",
        "speaker": "Student",
        "dialogue": "Comparing real world situations to math."
    },
    {
        "start": "51:03.68",
        "stop": "51:05.04",
        "speaker": "Tutor",
        "dialogue": "Yeah, math is all around us."
    },
    {
        "start": "51:05.56",
        "stop": "51:09.60",
        "speaker": "Tutor",
        "dialogue": "Sometimes in school we don't do as good of a job as we could to help"
    },
    {
        "start": "51:09.80",
        "stop": "51:39.04",
        "speaker": "Tutor",
        "dialogue": "kids see the connection from real life situations to the math looking stuff, so always challenge yourself to try to make sense of what is the connection that'll help you grow as a deeper thinker, and as you're looking at graphs, remember they always represent something in the real world that is changing, something else in the real world that is changing and it's either increasing, decreasing or staying the same."
    },
    {
        "start": "51:39.76",
        "stop": "51:45.56",
        "speaker": "Tutor",
        "dialogue": "And then the stuff in the middle is telling you how these two things are changing in relationship to each other."
    },
    {
        "start": "51:46.92",
        "stop": "51:47.04",
        "speaker": "Student",
        "dialogue": "No."
    },
    {
        "start": "51:47.16",
        "stop": "51:59.24",
        "speaker": "Tutor",
        "dialogue": "Matter what the graph looks like, if it's like this or it's like this, or it's like this, It's still describing something that's changing in relationship to something else that's changing."
    },
    {
        "start": "52:01.04",
        "stop": "52:01.16",
        "speaker": "Student",
        "dialogue": "Does?"
    },
    {
        "start": "52:01.24",
        "stop": "52:01.84",
        "speaker": "Tutor",
        "dialogue": "That make sense."
    },
    {
        "start": "52:02.76",
        "stop": "52:02.80",
        "speaker": "Student",
        "dialogue": "Yeah."
    },
    {
        "start": "52:04.48",
        "stop": "52:14.80",
        "speaker": "Tutor",
        "dialogue": "And then also what was helpful for you, cause you know you're helping us test this out to see what it's like for students, so learning in this way or using this platform?"
    },
    {
        "start": "52:15.36",
        "stop": "52:20.32",
        "speaker": "Tutor",
        "dialogue": "what was helpful or what are some things we could consider changing to make it better?"
    },
    {
        "start": "52:22.84",
        "stop": "52:36.28",
        "speaker": "Student",
        "dialogue": "Uh, something that was helpful was the fact that I was able to interact with it more, and actually like write down the things that I was Um, gathering throughout the math problem."
    },
    {
        "start": "52:36.84",
        "stop": "52:42.12",
        "speaker": "Tutor",
        "dialogue": "So there's a lot of different ways for you to keep track of your thinking and your workhm."
    },
    {
        "start": "52:42.80",
        "stop": "52:42.84",
        "speaker": "Student",
        "dialogue": "Is?"
    },
    {
        "start": "52:42.92",
        "stop": "52:45.92",
        "speaker": "Tutor",
        "dialogue": "There anything that would be helpful for us to change or do differently?"
    },
    {
        "start": "52:48.88",
        "stop": "52:52.48",
        "speaker": "Student",
        "dialogue": "A, I don't think so."
    },
    {
        "start": "52:54.76",
        "stop": "52:55.08",
        "speaker": "Tutor",
        "dialogue": "Cool."
    },
    {
        "start": "52:55.52",
        "stop": "53:00.64",
        "speaker": "Tutor",
        "dialogue": "well, thank you, you are a very deep and powerful mathematical thinker."
    },
    {
        "start": "53:01.36",
        "stop": "53:04.24",
        "speaker": "Tutor",
        "dialogue": "Always remember that and keep doing it okay."
    },
    {
        "start": "53:04.88",
        "stop": "53:05.04",
        "speaker": "Student",
        "dialogue": "Ok"
    },
    {
        "start": "53:05.40",
        "stop": "53:05.48",
        "speaker": "Student",
        "dialogue": "all."
    },
    {
        "start": "53:05.60",
        "stop": "53:06.44",
        "speaker": "Tutor",
        "dialogue": "Right, you have a good day."
    },
    {
        "start": "53:06.56",
        "stop": "53:07.40",
        "speaker": "Tutor",
        "dialogue": "Thank you for helping us."
    }
]