[
    {
        "start": "00:00.64",
        "stop": "00:05.48",
        "speaker": "Tutor",
        "dialogue": "Okay, so the first thing, if your chat box is open, you can close it"
    },
    {
        "start": "00:06.88",
        "stop": "00:11.84",
        "speaker": "Tutor",
        "dialogue": "so it opens up your screen to create more work space, since we'll be talking back and forth."
    },
    {
        "start": "00:13.44",
        "stop": "00:13.76",
        "speaker": "Student",
        "dialogue": "Okay."
    },
    {
        "start": "00:14.04",
        "stop": "00:16.68",
        "speaker": "Tutor",
        "dialogue": "Kay, on the left hand side of your screen."
    },
    {
        "start": "00:18.36",
        "stop": "00:18.40",
        "speaker": "Student",
        "dialogue": "You?"
    },
    {
        "start": "00:18.52",
        "stop": "00:20.16",
        "speaker": "Tutor",
        "dialogue": "Should be able to see my arrow moving."
    },
    {
        "start": "00:20.96",
        "stop": "00:22.44",
        "speaker": "Tutor",
        "dialogue": "Yeah, kay, therese."
    },
    {
        "start": "00:22.64",
        "stop": "00:23.96",
        "speaker": "Tutor",
        "dialogue": "there's some tools over there."
    },
    {
        "start": "00:24.08",
        "stop": "00:28.16",
        "speaker": "Tutor",
        "dialogue": "Also, The third one down is a pencil tool."
    },
    {
        "start": "00:28.88",
        "stop": "00:33.56",
        "speaker": "Tutor",
        "dialogue": "If you click on it up above, you'll see color and size pop up."
    },
    {
        "start": "00:34.56",
        "stop": "00:38.36",
        "speaker": "Tutor",
        "dialogue": "If you want to change the color or size of what you're drawing, you can do it there."
    },
    {
        "start": "00:39.32",
        "stop": "00:43.60",
        "speaker": "Tutor",
        "dialogue": "you can also use a text box if you want to type instead of draw."
    },
    {
        "start": "00:44.76",
        "stop": "00:44.80",
        "speaker": "Student",
        "dialogue": "And?"
    },
    {
        "start": "00:44.96",
        "stop": "00:49.12",
        "speaker": "Tutor",
        "dialogue": "Then the erasing part gets a little bit tricky, so we're going to practicse doing that."
    },
    {
        "start": "00:51.04",
        "stop": "00:51.20",
        "speaker": "Student",
        "dialogue": "When?"
    },
    {
        "start": "00:51.28",
        "stop": "00:54.64",
        "speaker": "Tutor",
        "dialogue": "You erase, do not touch the trash can button."
    },
    {
        "start": "00:55.28",
        "stop": "00:58.36",
        "speaker": "Tutor",
        "dialogue": "It will erase all of your work and we can't get it back."
    },
    {
        "start": "00:59.56",
        "stop": "01:09.68",
        "speaker": "Tutor",
        "dialogue": "But if you're drawing or writing something and you change your mind and want to erase it, then you use the top arrow to select whatever it is you want to erase"
    },
    {
        "start": "01:10.44",
        "stop": "01:15.32",
        "speaker": "Tutor",
        "dialogue": "once it's selected, That's what allows you to move it around or resize it also."
    },
    {
        "start": "01:17.36",
        "stop": "01:17.40",
        "speaker": "Student",
        "dialogue": "And?"
    },
    {
        "start": "01:17.52",
        "stop": "01:23.44",
        "speaker": "Tutor",
        "dialogue": "Then if you want to erase it, when it's selected, there is an arrow with an x in the middle"
    },
    {
        "start": "01:24.00",
        "stop": "01:31.16",
        "speaker": "Tutor",
        "dialogue": "at the bottom of your toolbar, you click that and it erases whatever you have selected instead of erasing everything."
    },
    {
        "start": "01:32.84",
        "stop": "01:32.88",
        "speaker": "Student",
        "dialogue": "So?"
    },
    {
        "start": "01:33.12",
        "stop": "01:35.84",
        "speaker": "Tutor",
        "dialogue": "Practicse drawing something real quick and then erase it."
    },
    {
        "start": "01:59.00",
        "stop": "01:59.28",
        "speaker": "Student",
        "dialogue": "Nice."
    },
    {
        "start": "02:00.16",
        "stop": "02:01.92",
        "speaker": "Tutor",
        "dialogue": "Okay, do you have any questions on the tools?"
    },
    {
        "start": "02:02.52",
        "stop": "02:03.76",
        "speaker": "Tutor",
        "dialogue": "Ah, I think I'm good."
    },
    {
        "start": "02:04.08",
        "stop": "02:21.24",
        "speaker": "Tutor",
        "dialogue": "okay, um, as we are working, we'll talk back and forth like this, and the more that you can talk out loud whenever you're thinking, the better that helps me understand more about how you're making sense of the situation and what I can do to help."
    },
    {
        "start": "02:22.44",
        "stop": "02:24.56",
        "speaker": "Tutor",
        "dialogue": "so even if it's like, Um, I'm not sure."
    },
    {
        "start": "02:24.76",
        "stop": "02:33.84",
        "speaker": "Tutor",
        "dialogue": "should I change this or put like all of that messy thinking in your head, Say it out loud and that's really helpfulm."
    },
    {
        "start": "02:34.00",
        "stop": "02:34.24",
        "speaker": "Student",
        "dialogue": "Also."
    },
    {
        "start": "02:34.32",
        "stop": "02:40.68",
        "speaker": "Tutor",
        "dialogue": "Because I cant see your face if I ask you something, and you're like Mm. Not sure."
    },
    {
        "start": "02:41.20",
        "stop": "02:42.64",
        "speaker": "Tutor",
        "dialogue": "Need some time to think about that."
    },
    {
        "start": "02:43.40",
        "stop": "02:50.80",
        "speaker": "Tutor",
        "dialogue": "Just verbalize that you need to think, and that means that I won't interrupt you so that you can have some quiet think time."
    },
    {
        "start": "02:51.48",
        "stop": "02:52.60",
        "speaker": "Student",
        "dialogue": "Okay, cool."
    },
    {
        "start": "02:53.48",
        "stop": "02:54.20",
        "speaker": "Tutor",
        "dialogue": "Yeah, all right."
    },
    {
        "start": "02:54.24",
        "stop": "02:55.32",
        "speaker": "Tutor",
        "dialogue": "do you have any other questions?"
    },
    {
        "start": "02:56.00",
        "stop": "02:56.12",
        "speaker": "Student",
        "dialogue": "No."
    },
    {
        "start": "02:57.72",
        "stop": "02:59.48",
        "speaker": "Tutor",
        "dialogue": "I'm going to change the screen."
    },
    {
        "start": "03:00.80",
        "stop": "03:02.68",
        "speaker": "Tutor",
        "dialogue": "Do you see something different on the screen now?"
    },
    {
        "start": "03:03.48",
        "stop": "03:03.52",
        "speaker": "Student",
        "dialogue": "Yeah."
    },
    {
        "start": "03:04.16",
        "stop": "03:06.12",
        "speaker": "Tutor",
        "dialogue": "Ok, take a minute to read it."
    },
    {
        "start": "03:06.48",
        "stop": "03:10.84",
        "speaker": "Tutor",
        "dialogue": "Look it over and then describe what you think is happening in this situation."
    },
    {
        "start": "03:20.24",
        "stop": "03:40.28",
        "speaker": "Student",
        "dialogue": "Um, I think someone is traveling from Providence to Newark to New York City, and it's like, Um, like mapped out how they're going to travel."
    },
    {
        "start": "03:42.88",
        "stop": "03:46.64",
        "speaker": "Tutor",
        "dialogue": "What are some things that you think we could measure in this situation?"
    },
    {
        "start": "03:49.84",
        "stop": "03:59.00",
        "speaker": "Student",
        "dialogue": "The the length of of the distance between the two places."
    },
    {
        "start": "04:00.72",
        "stop": "04:06.76",
        "speaker": "Tutor",
        "dialogue": "If we were going to measure the distance between places, what unit would we use to keep track of that?"
    },
    {
        "start": "04:08.64",
        "stop": "04:09.12",
        "speaker": "Student",
        "dialogue": "Miles."
    },
    {
        "start": "04:11.64",
        "stop": "04:11.96",
        "speaker": "Tutor",
        "dialogue": "Anything?"
    },
    {
        "start": "04:12.04",
        "stop": "04:12.28",
        "speaker": "Student",
        "dialogue": "Else."
    },
    {
        "start": "04:12.36",
        "stop": "04:14.44",
        "speaker": "Tutor",
        "dialogue": "That you can think of that we might be able to measure."
    },
    {
        "start": "04:17.40",
        "stop": "04:23.56",
        "speaker": "Student",
        "dialogue": "Colomterslse."
    },
    {
        "start": "04:23.68",
        "stop": "04:23.88",
        "speaker": "Tutor",
        "dialogue": "That's"
    },
    {
        "start": "04:24.12",
        "stop": "04:24.44",
        "speaker": "Student",
        "dialogue": "Changing."
    },
    {
        "start": "04:24.52",
        "stop": "04:26.52",
        "speaker": "Tutor",
        "dialogue": "In this situation or that, we could measure."
    },
    {
        "start": "04:31.44",
        "stop": "04:32.88",
        "speaker": "Student",
        "dialogue": "The speed of the car."
    },
    {
        "start": "04:35.28",
        "stop": "04:36.20",
        "speaker": "Tutor",
        "dialogue": "Say more about that."
    },
    {
        "start": "04:36.60",
        "stop": "04:40.00",
        "speaker": "Tutor",
        "dialogue": "What would we need to know to be able to measure the speed of the car?"
    },
    {
        "start": "04:42.84",
        "stop": "04:47.28",
        "speaker": "Student",
        "dialogue": "Uh, I'm not sure, Okay?"
    },
    {
        "start": "04:47.76",
        "stop": "04:51.72",
        "speaker": "Tutor",
        "dialogue": "So you're like we can measure speed, but not quite sure how we would measure it?"
    },
    {
        "start": "04:52.72",
        "stop": "04:57.16",
        "speaker": "Tutor",
        "dialogue": "Yeah, okay, cool thinking anything else that we could measure?"
    },
    {
        "start": "05:00.92",
        "stop": "05:02.20",
        "speaker": "Student",
        "dialogue": "I don't think so."
    },
    {
        "start": "05:04.20",
        "stop": "05:04.44",
        "speaker": "Tutor",
        "dialogue": "Okay."
    },
    {
        "start": "05:04.60",
        "stop": "05:04.88",
        "speaker": "Student",
        "dialogue": "Cool."
    },
    {
        "start": "05:05.12",
        "stop": "05:11.84",
        "speaker": "Tutor",
        "dialogue": "I'm goning to uncover something and then think about how it's similar or different to what you were thinking about."
    },
    {
        "start": "05:19.44",
        "stop": "05:30.12",
        "speaker": "Student",
        "dialogue": "Um, it's similar because I think this graph is showing the speed of the car."
    },
    {
        "start": "05:32.76",
        "stop": "05:35.16",
        "speaker": "Tutor",
        "dialogue": "Cool, where do you see speed of the car?"
    },
    {
        "start": "05:36.96",
        "stop": "05:46.56",
        "speaker": "Student",
        "dialogue": "Um, distance is on the Y Xs, and time is on the X Xs, So when distance is divided by time, you get the speed."
    },
    {
        "start": "05:48.08",
        "stop": "05:53.44",
        "speaker": "Tutor",
        "dialogue": "So can you point on the graph where you see speed in this graph?"
    },
    {
        "start": "05:55.52",
        "stop": "06:01.84",
        "speaker": "Student",
        "dialogue": "Um, Wre who we're like here."
    },
    {
        "start": "06:04.80",
        "stop": "06:06.48",
        "speaker": "Tutor",
        "dialogue": "Is that the only place speed is?"
    },
    {
        "start": "06:07.76",
        "stop": "06:10.36",
        "speaker": "Student",
        "dialogue": "Um, like this whole youre."
    },
    {
        "start": "06:11.20",
        "stop": "06:13.24",
        "speaker": "Tutor",
        "dialogue": "Ah, so that whole blue line is?"
    },
    {
        "start": "06:13.68",
        "stop": "06:16.08",
        "speaker": "Tutor",
        "dialogue": "Yeah, a relationship of miles to hours?"
    },
    {
        "start": "06:16.76",
        "stop": "06:20.80",
        "speaker": "Tutor",
        "dialogue": "Yeah, so another way to think about that blue line is that's the speed of the car."
    },
    {
        "start": "06:21.64",
        "stop": "06:21.68",
        "speaker": "Student",
        "dialogue": "Yeah."
    },
    {
        "start": "06:22.88",
        "stop": "06:25.96",
        "speaker": "Tutor",
        "dialogue": "So if you look at the map and the graph."
    },
    {
        "start": "06:27.72",
        "stop": "06:28.20",
        "speaker": "Student",
        "dialogue": "Describe."
    },
    {
        "start": "06:28.28",
        "stop": "06:31.40",
        "speaker": "Tutor",
        "dialogue": "What's happening during each stage of the journey?"
    },
    {
        "start": "06:38.08",
        "stop": "06:51.76",
        "speaker": "Student",
        "dialogue": "In the first hour, the car travels fifty miles U, and it's going at an increasing speed."
    },
    {
        "start": "06:54.16",
        "stop": "06:54.20",
        "speaker": "Tutor",
        "dialogue": "And?"
    },
    {
        "start": "06:54.40",
        "stop": "07:09.52",
        "speaker": "Student",
        "dialogue": "Then, for the next half hour, it's at the same speed, and Um, from one and a half hours to two and a half hours."
    },
    {
        "start": "07:09.60",
        "stop": "07:10.64",
        "speaker": "Student",
        "dialogue": "it's also increasing."
    },
    {
        "start": "07:11.16",
        "stop": "07:15.96",
        "speaker": "Student",
        "dialogue": "The speed is also increasing, and after that it keeps changing."
    },
    {
        "start": "07:17.52",
        "stop": "07:19.28",
        "speaker": "Tutor",
        "dialogue": "What's the it that keeps changing?"
    },
    {
        "start": "07:20.00",
        "stop": "07:20.60",
        "speaker": "Student",
        "dialogue": "The speed?"
    },
    {
        "start": "07:22.56",
        "stop": "07:22.72",
        "speaker": "Tutor",
        "dialogue": "From."
    },
    {
        "start": "07:22.84",
        "stop": "07:22.88",
        "speaker": "Student",
        "dialogue": "A."
    },
    {
        "start": "07:23.12",
        "stop": "07:28.36",
        "speaker": "Tutor",
        "dialogue": "To B, you said, and the speed keeps increasing"
    },
    {
        "start": "07:28.88",
        "stop": "07:30.64",
        "speaker": "Tutor",
        "dialogue": "And you kind of said it like a question."
    },
    {
        "start": "07:31.32",
        "stop": "07:32.12",
        "speaker": "Tutor",
        "dialogue": "So I'm wondering."
    },
    {
        "start": "07:32.40",
        "stop": "07:37.16",
        "speaker": "Tutor",
        "dialogue": "Are you convinced that the speed is increasing from A to B, or are you still unsure?"
    },
    {
        "start": "07:38.36",
        "stop": "07:39.76",
        "speaker": "Student",
        "dialogue": "Oh, I'm still unsure."
    },
    {
        "start": "07:40.36",
        "stop": "07:41.88",
        "speaker": "Tutor",
        "dialogue": "Yeah, your tone told me that, too."
    },
    {
        "start": "07:42.00",
        "stop": "07:42.48",
        "speaker": "Tutor",
        "dialogue": "That's cool."
    },
    {
        "start": "07:42.80",
        "stop": "07:47.84",
        "speaker": "Tutor",
        "dialogue": "so let's take a look at A to B. What's increasing from A to B?"
    },
    {
        "start": "07:49.40",
        "stop": "07:49.68",
        "speaker": "Student",
        "dialogue": "What's"
    },
    {
        "start": "07:49.84",
        "stop": "07:54.16",
        "speaker": "Tutor",
        "dialogue": "Decreasing from A to B, and what's staying the same from A to B."
    },
    {
        "start": "07:58.08",
        "stop": "08:07.40",
        "speaker": "Student",
        "dialogue": "Um, the distance increases and the time increases."
    },
    {
        "start": "08:11.72",
        "stop": "08:13.16",
        "speaker": "Student",
        "dialogue": "I don't know about the rest."
    },
    {
        "start": "08:14.36",
        "stop": "08:16.56",
        "speaker": "Tutor",
        "dialogue": "Where do you see distance increasing?"
    },
    {
        "start": "08:19.24",
        "stop": "08:22.20",
        "speaker": "Student",
        "dialogue": "On the y acxis, it goes from zero to fifty."
    },
    {
        "start": "08:23.00",
        "stop": "08:30.68",
        "speaker": "Tutor",
        "dialogue": "Okay, so right here is where you can tell that the distance increased by fifty miles."
    },
    {
        "start": "08:31.28",
        "stop": "08:32.20",
        "speaker": "Student",
        "dialogue": "Yeah, okay."
    },
    {
        "start": "08:32.96",
        "stop": "08:35.64",
        "speaker": "Tutor",
        "dialogue": "And how can you tell that the time is increasing?"
    },
    {
        "start": "08:36.60",
        "stop": "08:39.96",
        "speaker": "Student",
        "dialogue": "Because it goes from zero to one hour."
    },
    {
        "start": "08:40.40",
        "stop": "08:41.60",
        "speaker": "Tutor",
        "dialogue": "Okay, you can go ahead and label it."
    },
    {
        "start": "08:41.72",
        "stop": "08:42.36",
        "speaker": "Tutor",
        "dialogue": "I see your arrow."
    },
    {
        "start": "08:42.44",
        "stop": "08:42.56",
        "speaker": "Tutor",
        "dialogue": "There."
    },
    {
        "start": "08:42.68",
        "stop": "08:43.52",
        "speaker": "Tutor",
        "dialogue": "you can label it."
    },
    {
        "start": "08:51.40",
        "stop": "08:51.44",
        "speaker": "Student",
        "dialogue": "And?"
    },
    {
        "start": "08:51.60",
        "stop": "08:57.68",
        "speaker": "Tutor",
        "dialogue": "Then you said the blue line shows the speed because it's a relationship of miles to ours."
    },
    {
        "start": "08:58.60",
        "stop": "08:58.64",
        "speaker": "Tutor",
        "dialogue": "Yeah."
    },
    {
        "start": "08:59.32",
        "stop": "08:59.56",
        "speaker": "Student",
        "dialogue": "Could?"
    },
    {
        "start": "08:59.60",
        "stop": "09:03.32",
        "speaker": "Tutor",
        "dialogue": "You do we know how fast the car is going from a tob?"
    },
    {
        "start": "09:10.72",
        "stop": "09:10.88",
        "speaker": "Student",
        "dialogue": "No."
    },
    {
        "start": "09:11.88",
        "stop": "09:17.12",
        "speaker": "Tutor",
        "dialogue": "What would we need to know to be able to determine how fast the car is going?"
    },
    {
        "start": "09:18.88",
        "stop": "09:21.44",
        "speaker": "Student",
        "dialogue": "The slope of line Ab."
    },
    {
        "start": "09:22.68",
        "stop": "09:26.48",
        "speaker": "Tutor",
        "dialogue": "And what would you need to be able to determine the slope of line Ab?"
    },
    {
        "start": "09:30.92",
        "stop": "09:38.12",
        "speaker": "Student",
        "dialogue": "Um, the change in distance over the change in time."
    },
    {
        "start": "09:38.92",
        "stop": "09:42.16",
        "speaker": "Tutor",
        "dialogue": "Do you know the change in distance and the change in time?"
    },
    {
        "start": "09:43.20",
        "stop": "09:45.56",
        "speaker": "Student",
        "dialogue": "Yeah, so its."
    },
    {
        "start": "09:45.88",
        "stop": "09:47.56",
        "speaker": "Student",
        "dialogue": "The speed is fifty."
    },
    {
        "start": "09:50.20",
        "stop": "09:50.72",
        "speaker": "Tutor",
        "dialogue": "Fifty, what?"
    },
    {
        "start": "09:51.28",
        "stop": "09:52.04",
        "speaker": "Tutor",
        "dialogue": "What's the unit?"
    },
    {
        "start": "09:53.40",
        "stop": "09:54.48",
        "speaker": "Student",
        "dialogue": "Miles hour."
    },
    {
        "start": "09:55.12",
        "stop": "09:58.84",
        "speaker": "Tutor",
        "dialogue": "A, because speed is a thing."
    },
    {
        "start": "10:00.40",
        "stop": "10:00.44",
        "speaker": "Student",
        "dialogue": "It."
    },
    {
        "start": "10:00.68",
        "stop": "10:04.20",
        "speaker": "Tutor",
        "dialogue": "Has a relationship of miles travel?"
    },
    {
        "start": "10:05.32",
        "stop": "10:05.52",
        "speaker": "Student",
        "dialogue": "Per."
    },
    {
        "start": "10:06.72",
        "stop": "10:07.24",
        "speaker": "Tutor",
        "dialogue": "One hour."
    },
    {
        "start": "10:09.20",
        "stop": "10:09.24",
        "speaker": "Student",
        "dialogue": "So?"
    },
    {
        "start": "10:09.40",
        "stop": "10:20.76",
        "speaker": "Tutor",
        "dialogue": "You sait aup, we know the speed from A to B. It's fif fifty miles per hour, Because the distance changes by fifty miles and the speed."
    },
    {
        "start": "10:21.96",
        "stop": "10:22.36",
        "speaker": "Tutor",
        "dialogue": "I'm sorry."
    },
    {
        "start": "10:22.60",
        "stop": "10:24.96",
        "speaker": "Tutor",
        "dialogue": "The time changes by one hour."
    },
    {
        "start": "10:27.28",
        "stop": "10:27.32",
        "speaker": "Student",
        "dialogue": "So?"
    },
    {
        "start": "10:27.80",
        "stop": "10:33.24",
        "speaker": "Tutor",
        "dialogue": "Altogether, that means the car is travelling fifty miles per."
    },
    {
        "start": "10:34.24",
        "stop": "10:34.52",
        "speaker": "Student",
        "dialogue": "Hour."
    },
    {
        "start": "10:35.24",
        "stop": "10:36.68",
        "speaker": "Tutor",
        "dialogue": "Does that summarize your thinking?"
    },
    {
        "start": "10:37.80",
        "stop": "10:37.84",
        "speaker": "Student",
        "dialogue": "Yeah."
    },
    {
        "start": "10:39.44",
        "stop": "10:42.92",
        "speaker": "Tutor",
        "dialogue": "So is the car going fifty miles per hour?"
    },
    {
        "start": "10:43.72",
        "stop": "10:49.96",
        "speaker": "Tutor",
        "dialogue": "this entireection of the trip from A to B, or is the speed of the car changing?"
    },
    {
        "start": "10:55.40",
        "stop": "10:59.00",
        "speaker": "Student",
        "dialogue": "It's fifty miles per hour the whole time."
    },
    {
        "start": "11:01.52",
        "stop": "11:10.92",
        "speaker": "Tutor",
        "dialogue": "So the first time you talked about A to B, you said and the speed is increasing, and now you said it's fifty miles an hour the whole time."
    },
    {
        "start": "11:12.40",
        "stop": "11:12.64",
        "speaker": "Student",
        "dialogue": "Which?"
    },
    {
        "start": "11:12.76",
        "stop": "11:16.00",
        "speaker": "Tutor",
        "dialogue": "One is it, and say it with confidence, own it."
    },
    {
        "start": "11:18.88",
        "stop": "11:22.52",
        "speaker": "Student",
        "dialogue": "The car travels fifty miles per hour for the first hour."
    },
    {
        "start": "11:23.56",
        "stop": "11:29.68",
        "speaker": "Tutor",
        "dialogue": "So does the speed vary at all during the section of the trip, Or is the speed constant?"
    },
    {
        "start": "11:31.12",
        "stop": "11:32.04",
        "speaker": "Student",
        "dialogue": "It's constant."
    },
    {
        "start": "11:32.20",
        "stop": "11:36.12",
        "speaker": "Tutor",
        "dialogue": "And it's constant from D to E. Does the speed vary?"
    },
    {
        "start": "11:36.92",
        "stop": "11:38.36",
        "speaker": "Tutor",
        "dialogue": "or is the speed constant?"
    },
    {
        "start": "11:39.52",
        "stop": "11:40.36",
        "speaker": "Student",
        "dialogue": "It's varying."
    },
    {
        "start": "11:41.52",
        "stop": "11:44.52",
        "speaker": "Tutor",
        "dialogue": "Yeah, so that means the car is speeding up and then slowing down?"
    },
    {
        "start": "11:45.92",
        "stop": "11:45.96",
        "speaker": "Student",
        "dialogue": "Yeah."
    },
    {
        "start": "11:47.48",
        "stop": "11:52.20",
        "speaker": "Tutor",
        "dialogue": "Where would A and B be located on the map?"
    },
    {
        "start": "11:56.40",
        "stop": "11:56.44",
        "speaker": "Student",
        "dialogue": "So?"
    },
    {
        "start": "11:56.56",
        "stop": "11:57.80",
        "speaker": "Tutor",
        "dialogue": "You can label it somehow."
    },
    {
        "start": "11:57.88",
        "stop": "11:59.04",
        "speaker": "Tutor",
        "dialogue": "Where would you put Point A?"
    },
    {
        "start": "11:59.24",
        "stop": "12:02.20",
        "speaker": "Tutor",
        "dialogue": "Where would you put point B, and then be ready to justify."
    },
    {
        "start": "12:02.48",
        "stop": "12:04.32",
        "speaker": "Tutor",
        "dialogue": "Why did you put your points where you put em?"
    },
    {
        "start": "12:39.96",
        "stop": "13:08.72",
        "speaker": "Student",
        "dialogue": "Uh, I put point A at Providence, because that's that's the start of the journey and that's when it says that the distance is zero and I put B over here because that's at fifty miles and that's one-third of the whole journey, so I tried putting it like somewhere a third of the way to New York."
    },
    {
        "start": "13:10.56",
        "stop": "13:16.60",
        "speaker": "Tutor",
        "dialogue": "Great job of explaining your thinking so from A to B on the map."
    },
    {
        "start": "13:18.64",
        "stop": "13:18.68",
        "speaker": "Student",
        "dialogue": "I."
    },
    {
        "start": "13:18.84",
        "stop": "13:22.16",
        "speaker": "Tutor",
        "dialogue": "Notice that the line is Kirby."
    },
    {
        "start": "13:24.24",
        "stop": "13:24.28",
        "speaker": "Student",
        "dialogue": "But"
    },
    {
        "start": "13:24.52",
        "stop": "13:33.64",
        "speaker": "Tutor",
        "dialogue": "From A to B on the graph, the line is straight even though they represent the same section of the journey."
    },
    {
        "start": "13:33.96",
        "stop": "13:38.72",
        "speaker": "Tutor",
        "dialogue": "Same situation, How come one line is curvey and one line is straight?"
    },
    {
        "start": "13:42.88",
        "stop": "13:50.80",
        "speaker": "Student",
        "dialogue": "The road could just be curvey, but like the distance traveled would still be the same as when shown Onder graph."
    },
    {
        "start": "13:51.64",
        "stop": "13:57.48",
        "speaker": "Tutor",
        "dialogue": "Yeah, and even though the line is Ckurvey, what do you know about the speed from A to B for that graph?"
    },
    {
        "start": "13:58.36",
        "stop": "13:59.96",
        "speaker": "Student",
        "dialogue": "It's fifty miles per hour."
    },
    {
        "start": "14:00.52",
        "stop": "14:09.84",
        "speaker": "Tutor",
        "dialogue": "So it's like I set the cruise control in the car and I'm traveling fifty miles per hour, even around these cur curves, still going fifty miles per hour."
    },
    {
        "start": "14:10.68",
        "stop": "14:10.72",
        "speaker": "Student",
        "dialogue": "Yeah."
    },
    {
        "start": "14:11.44",
        "stop": "14:11.76",
        "speaker": "Tutor",
        "dialogue": "Cool."
    },
    {
        "start": "14:12.56",
        "stop": "14:17.16",
        "speaker": "Tutor",
        "dialogue": "okay, Um, let's uncover another one."
    },
    {
        "start": "14:22.16",
        "stop": "14:22.20",
        "speaker": "Student",
        "dialogue": "What?"
    },
    {
        "start": "14:22.44",
        "stop": "14:24.32",
        "speaker": "Tutor",
        "dialogue": "Is this graph going to keep track of?"
    },
    {
        "start": "14:31.84",
        "stop": "14:46.04",
        "speaker": "Student",
        "dialogue": "Ium not sure I would like to have something to do with distance because of what it represents, but I don't think the units would match."
    },
    {
        "start": "14:47.64",
        "stop": "14:52.68",
        "speaker": "Tutor",
        "dialogue": "So this axis, the y axis is, keep track of time."
    },
    {
        "start": "14:53.56",
        "stop": "14:56.08",
        "speaker": "Tutor",
        "dialogue": "How long have we traveled in the journey?"
    },
    {
        "start": "14:57.36",
        "stop": "15:00.60",
        "speaker": "Tutor",
        "dialogue": "This axis, you're going to keep track of speed."
    },
    {
        "start": "15:01.20",
        "stop": "15:02.80",
        "speaker": "Tutor",
        "dialogue": "How fast is the car going?"
    },
    {
        "start": "15:03.52",
        "stop": "15:09.00",
        "speaker": "Tutor",
        "dialogue": "So if you look at the journey here, does the car travel the same speed the entire trip?"
    },
    {
        "start": "15:09.84",
        "stop": "15:10.00",
        "speaker": "Student",
        "dialogue": "No."
    },
    {
        "start": "15:11.32",
        "stop": "15:14.56",
        "speaker": "Tutor",
        "dialogue": "So you're going to create a graph to describe?"
    },
    {
        "start": "15:16.12",
        "stop": "15:16.16",
        "speaker": "Student",
        "dialogue": "What?"
    },
    {
        "start": "15:16.56",
        "stop": "15:23.08",
        "speaker": "Tutor",
        "dialogue": "Is the speed of the car throughout the trip, and for how long does the car travel at that speed?"
    },
    {
        "start": "15:25.60",
        "stop": "15:25.64",
        "speaker": "Student",
        "dialogue": "Do?"
    },
    {
        "start": "15:25.76",
        "stop": "15:26.76",
        "speaker": "Tutor",
        "dialogue": "You understand the question."
    },
    {
        "start": "15:28.56",
        "stop": "15:29.36",
        "speaker": "Student",
        "dialogue": "Not really."
    },
    {
        "start": "15:33.16",
        "stop": "15:36.96",
        "speaker": "Tutor",
        "dialogue": "So from A to B, do you know how fast the car is going?"
    },
    {
        "start": "15:38.24",
        "stop": "15:40.00",
        "speaker": "Student",
        "dialogue": "Yeah, fifty miles per hour."
    },
    {
        "start": "15:40.16",
        "stop": "15:44.28",
        "speaker": "Tutor",
        "dialogue": "All right, let's label that on the map, fifty miles per hour from A to B."
    },
    {
        "start": "15:54.96",
        "stop": "15:55.16",
        "speaker": "Student",
        "dialogue": "Where?"
    },
    {
        "start": "15:55.20",
        "stop": "15:56.28",
        "speaker": "Tutor",
        "dialogue": "Would you put point C?"
    },
    {
        "start": "16:00.16",
        "stop": "16:00.20",
        "speaker": "Student",
        "dialogue": "On."
    },
    {
        "start": "16:00.44",
        "stop": "16:00.80",
        "speaker": "Tutor",
        "dialogue": "The map."
    },
    {
        "start": "16:03.12",
        "stop": "16:05.92",
        "speaker": "Student",
        "dialogue": "Ah, at the same point."
    },
    {
        "start": "16:07.00",
        "stop": "16:11.12",
        "speaker": "Tutor",
        "dialogue": "And if it's at the same point, how fast is the car going from B to C?"
    },
    {
        "start": "16:12.72",
        "stop": "16:14.20",
        "speaker": "Student",
        "dialogue": "Fifteen miles from war."
    },
    {
        "start": "16:15.16",
        "stop": "16:16.28",
        "speaker": "Tutor",
        "dialogue": "Wll, we get to point B."
    },
    {
        "start": "16:17.76",
        "stop": "16:17.80",
        "speaker": "Student",
        "dialogue": "What?"
    },
    {
        "start": "16:18.08",
        "stop": "16:20.44",
        "speaker": "Tutor",
        "dialogue": "Happens with the distance in time from B to C."
    },
    {
        "start": "16:24.72",
        "stop": "16:31.60",
        "speaker": "Student",
        "dialogue": "The distance stays the same, but time increases by half an hour."
    },
    {
        "start": "16:32.60",
        "stop": "16:38.04",
        "speaker": "Tutor",
        "dialogue": "So if the distance stays the same, do you know how many miles the car has traveleed from B to C?"
    },
    {
        "start": "16:41.08",
        "stop": "16:41.32",
        "speaker": "Student",
        "dialogue": "Zero."
    },
    {
        "start": "16:42.04",
        "stop": "16:46.76",
        "speaker": "Tutor",
        "dialogue": "And if it's traveleed zero miles, how fast is the car going?"
    },
    {
        "start": "16:49.08",
        "stop": "16:50.40",
        "speaker": "Student",
        "dialogue": "At zerons Pro."
    },
    {
        "start": "16:50.80",
        "stop": "16:57.16",
        "speaker": "Tutor",
        "dialogue": "Correct, y, so label that on your map, where is point C, and how fast is the car going from B to C?"
    },
    {
        "start": "17:07.16",
        "stop": "17:07.28",
        "speaker": "Student",
        "dialogue": "All."
    },
    {
        "start": "17:07.36",
        "stop": "17:08.12",
        "speaker": "Tutor",
        "dialogue": "Right, keep going."
    },
    {
        "start": "17:08.64",
        "stop": "17:10.68",
        "speaker": "Tutor",
        "dialogue": "Where would point D be located?"
    },
    {
        "start": "17:13.20",
        "stop": "17:13.32",
        "speaker": "Student",
        "dialogue": "How?"
    },
    {
        "start": "17:13.40",
        "stop": "17:17.48",
        "speaker": "Tutor",
        "dialogue": "Do you know and how fast is the car going from C to D?"
    },
    {
        "start": "17:37.72",
        "stop": "19:20.04",
        "speaker": "Student",
        "dialogue": "M, from Cea to D. it's travelling at fifty miles per hour."
    },
    {
        "start": "19:22.08",
        "stop": "19:23.60",
        "speaker": "Tutor",
        "dialogue": "Are you asking me or are you telling me?"
    },
    {
        "start": "19:25.32",
        "stop": "19:26.56",
        "speaker": "Student",
        "dialogue": "Ah, I'm telling you."
    },
    {
        "start": "19:27.04",
        "stop": "19:28.00",
        "speaker": "Tutor",
        "dialogue": "Nice, your own in it."
    },
    {
        "start": "19:28.80",
        "stop": "19:29.04",
        "speaker": "Student",
        "dialogue": "Good."
    },
    {
        "start": "19:29.12",
        "stop": "19:30.72",
        "speaker": "Tutor",
        "dialogue": "Yeah, and I saw how you were thinking."
    },
    {
        "start": "19:30.76",
        "stop": "19:33.08",
        "speaker": "Tutor",
        "dialogue": "By the way you were moving your mouse around to calculate."
    },
    {
        "start": "19:33.20",
        "stop": "19:33.92",
        "speaker": "Tutor",
        "dialogue": "So that's awesome."
    },
    {
        "start": "19:34.52",
        "stop": "19:35.60",
        "speaker": "Tutor",
        "dialogue": "now, D to E."
    },
    {
        "start": "20:23.72",
        "stop": "20:29.60",
        "speaker": "Student",
        "dialogue": "The average speed is fifty three point three hours."
    },
    {
        "start": "20:29.92",
        "stop": "20:32.12",
        "speaker": "Student",
        "dialogue": "I mean fifty three point three miles per."
    },
    {
        "start": "20:32.20",
        "stop": "20:34.00",
        "speaker": "Tutor",
        "dialogue": "Hour, how did you figure that out?"
    },
    {
        "start": "20:35.80",
        "stop": "20:46.68",
        "speaker": "Student",
        "dialogue": "I found the change in distance and then I estimated the change in time, and it's like the average speed because."
    },
    {
        "start": "20:47.48",
        "stop": "20:48.08",
        "speaker": "Tutor",
        "dialogue": "It keeps."
    },
    {
        "start": "20:48.28",
        "stop": "20:54.52",
        "speaker": "Student",
        "dialogue": "Stopping and then moving, so I can't figure out like the speed in each."
    },
    {
        "start": "20:54.76",
        "stop": "21:02.60",
        "speaker": "Tutor",
        "dialogue": "Section, Ah, so with the tools that you have right now for math, that is a great way to calculate the average or the estimate."
    },
    {
        "start": "21:03.36",
        "stop": "21:16.80",
        "speaker": "Tutor",
        "dialogue": "Know that as you continue getting higher in math, you will be able to figure out more specific rates of change even when it's not a linear situation, even when it varies like that."
    },
    {
        "start": "21:18.80",
        "stop": "21:19.04",
        "speaker": "Student",
        "dialogue": "Cool."
    },
    {
        "start": "21:19.16",
        "stop": "21:21.28",
        "speaker": "Tutor",
        "dialogue": "Thinking Okay, Yep, so your estimate works."
    },
    {
        "start": "21:24.00",
        "stop": "21:24.04",
        "speaker": "Student",
        "dialogue": "And?"
    },
    {
        "start": "21:24.28",
        "stop": "21:25.08",
        "speaker": "Tutor",
        "dialogue": "Then eta"
    },
    {
        "start": "21:25.20",
        "stop": "21:27.96",
        "speaker": "Tutor",
        "dialogue": "f. Oh, did you label the speed for D? E?"
    },
    {
        "start": "21:28.92",
        "stop": "21:29.16",
        "speaker": "Student",
        "dialogue": "Oh."
    },
    {
        "start": "22:06.60",
        "stop": "22:08.08",
        "speaker": "Tutor",
        "dialogue": "How did you get forty for that one?"
    },
    {
        "start": "22:10.24",
        "stop": "22:21.56",
        "speaker": "Student",
        "dialogue": "The change in distance was ten and it was over a fourth of an hour, so then I divided ten by one fourth, and I got forty."
    },
    {
        "start": "22:23.04",
        "stop": "22:30.28",
        "speaker": "Tutor",
        "dialogue": "Ok, so you're telling me now that the car travels fifty miles per hour for a period of time, and then it stops goes"
    },
    {
        "start": "22:30.40",
        "stop": "22:36.52",
        "speaker": "Tutor",
        "dialogue": "zero miles an hour for a period of time, Then it gets back and goes fifty miles per hour for a period of time."
    },
    {
        "start": "22:37.44",
        "stop": "22:50.08",
        "speaker": "Tutor",
        "dialogue": "Then there's some fluctuation as it goes through New York City, but on average it's traveling fifty three point three miles per hour, and then at the end of the trip for a period of time it goes forty miles per hour."
    },
    {
        "start": "22:50.92",
        "stop": "22:50.96",
        "speaker": "Student",
        "dialogue": "Yeah."
    },
    {
        "start": "22:52.08",
        "stop": "22:59.48",
        "speaker": "Tutor",
        "dialogue": "How can you show what you labeled here and what I just described in words in a graph over here?"
    },
    {
        "start": "23:15.84",
        "stop": "23:21.32",
        "speaker": "Student",
        "dialogue": "Um, I think why."
    },
    {
        "start": "23:32.60",
        "stop": "23:37.52",
        "speaker": "Tutor",
        "dialogue": "Cool, so you can do some rough draught thinking and take a first attempt."
    },
    {
        "start": "23:37.60",
        "stop": "23:40.80",
        "speaker": "Tutor",
        "dialogue": "Just like when you're going to write a paper and you write an outline or a rough draught."
    },
    {
        "start": "23:41.84",
        "stop": "23:43.20",
        "speaker": "Tutor",
        "dialogue": "Do that here with the graph."
    },
    {
        "start": "23:45.64",
        "stop": "23:45.68",
        "speaker": "Student",
        "dialogue": "What?"
    },
    {
        "start": "23:45.84",
        "stop": "23:53.16",
        "speaker": "Tutor",
        "dialogue": "Do you think it might look like to get started as you think about how fast is the car going, and for how long is it going that fast?"
    },
    {
        "start": "25:40.72",
        "stop": "25:42.68",
        "speaker": "Tutor",
        "dialogue": "Why did you decide to change those numbers?"
    },
    {
        "start": "25:45.80",
        "stop": "25:50.52",
        "speaker": "Student",
        "dialogue": "I forgot that a forty mile P at the end A."
    },
    {
        "start": "25:52.64",
        "stop": "25:52.88",
        "speaker": "Tutor",
        "dialogue": "Keep."
    },
    {
        "start": "25:52.96",
        "stop": "25:53.20",
        "speaker": "Student",
        "dialogue": "Going."
    },
    {
        "start": "27:05.00",
        "stop": "27:11.16",
        "speaker": "Tutor",
        "dialogue": "Awesome, so explain to me what you've put here and where you are in your process to this point."
    },
    {
        "start": "27:13.52",
        "stop": "27:23.52",
        "speaker": "Student",
        "dialogue": "Um, well, in the first hour, it traveled fifteen miles per hour, so I put a point at one hour and fifty miles per hour."
    },
    {
        "start": "27:24.88",
        "stop": "27:26.64",
        "speaker": "Tutor",
        "dialogue": "So and then hang on one second?"
    },
    {
        "start": "27:26.76",
        "stop": "27:31.12",
        "speaker": "Tutor",
        "dialogue": "Does that point represent any of the points on this graph?"
    },
    {
        "start": "27:37.96",
        "stop": "27:38.00",
        "speaker": "Student",
        "dialogue": "Or?"
    },
    {
        "start": "27:38.08",
        "stop": "27:42.04",
        "speaker": "Tutor",
        "dialogue": "Does that point represent any of the points along the journey on the map?"
    },
    {
        "start": "27:44.32",
        "stop": "27:46.16",
        "speaker": "Student",
        "dialogue": "I think it represents point."
    },
    {
        "start": "27:46.52",
        "stop": "27:46.56",
        "speaker": "Tutor",
        "dialogue": "B."
    },
    {
        "start": "27:48.32",
        "stop": "27:48.36",
        "speaker": "Student",
        "dialogue": "K."
    },
    {
        "start": "27:49.16",
        "stop": "27:51.08",
        "speaker": "Tutor",
        "dialogue": "So if this is point B?"
    },
    {
        "start": "27:54.24",
        "stop": "27:54.44",
        "speaker": "Student",
        "dialogue": "Where?"
    },
    {
        "start": "27:54.48",
        "stop": "28:01.56",
        "speaker": "Tutor",
        "dialogue": "Would point a B, and if at the same time as you're thinking about that, come back over to here."
    },
    {
        "start": "28:02.16",
        "stop": "28:05.12",
        "speaker": "Tutor",
        "dialogue": "How fast is the car going from A to B?"
    },
    {
        "start": "28:05.80",
        "stop": "28:12.00",
        "speaker": "Tutor",
        "dialogue": "And did the speed remain constant or did the speed change from A to B?"
    },
    {
        "start": "28:18.64",
        "stop": "28:19.84",
        "speaker": "Student",
        "dialogue": "It was constant."
    },
    {
        "start": "28:20.80",
        "stop": "28:26.76",
        "speaker": "Tutor",
        "dialogue": "So if it's constant, does that mean the car is going fifty miles an hour the entire time from a tob?"
    },
    {
        "start": "28:28.32",
        "stop": "28:32.24",
        "speaker": "Tutor",
        "dialogue": "or its speed is changing in some way from A to B?"
    },
    {
        "start": "28:33.72",
        "stop": "28:35.80",
        "speaker": "Student",
        "dialogue": "It's going fifty miles per hour."
    },
    {
        "start": "28:38.24",
        "stop": "28:49.56",
        "speaker": "Tutor",
        "dialogue": "So, even if it is ten minutes into the trip, fifty miles an hour, thirty minutes into the trip, still going fifty miles an hour an hour into the trip, still going fifty miles an hour."
    },
    {
        "start": "28:50.68",
        "stop": "28:50.72",
        "speaker": "Student",
        "dialogue": "Yeah."
    },
    {
        "start": "28:51.20",
        "stop": "29:00.88",
        "speaker": "Tutor",
        "dialogue": "How can you show that on your graph that anywhere along the trip from the time they take off till the time they reach one hour, they're going fifty miles an hour."
    },
    {
        "start": "29:03.36",
        "stop": "29:08.56",
        "speaker": "Student",
        "dialogue": "Is it a vertical line from B to the Xxs?"
    },
    {
        "start": "29:09.84",
        "stop": "29:11.20",
        "speaker": "Tutor",
        "dialogue": "Draght, and then we will."
    },
    {
        "start": "29:11.96",
        "stop": "29:16.12",
        "speaker": "Tutor",
        "dialogue": "This can be your rough draft and we'll see if it makes sense or if we need to revise."
    },
    {
        "start": "29:17.08",
        "stop": "29:18.88",
        "speaker": "Tutor",
        "dialogue": "Okay, So this is your prediction right now."
    },
    {
        "start": "29:19.60",
        "stop": "29:29.60",
        "speaker": "Tutor",
        "dialogue": "Yeah, saying okay, I think the beginning of the trip would be here and then at point B, they'd be here because they're going fifty miles an hour at one hour."
    },
    {
        "start": "29:31.20",
        "stop": "29:31.24",
        "speaker": "Student",
        "dialogue": "Yeah."
    },
    {
        "start": "29:32.36",
        "stop": "29:40.16",
        "speaker": "Tutor",
        "dialogue": "Go back to what you said over here, and you said for the entire first hour of the trip, The car is going fifty miles an hour."
    },
    {
        "start": "29:40.96",
        "stop": "29:42.04",
        "speaker": "Tutor",
        "dialogue": "Does your graph show that?"
    },
    {
        "start": "29:45.88",
        "stop": "29:45.92",
        "speaker": "Student",
        "dialogue": "So?"
    },
    {
        "start": "29:46.08",
        "stop": "29:47.28",
        "speaker": "Tutor",
        "dialogue": "Would it be a vertical line?"
    },
    {
        "start": "29:48.52",
        "stop": "29:48.56",
        "speaker": "Student",
        "dialogue": "Yeah."
    },
    {
        "start": "29:49.40",
        "stop": "29:52.76",
        "speaker": "Tutor",
        "dialogue": "Boom, powerful thinking, keep going."
    },
    {
        "start": "30:09.76",
        "stop": "30:09.80",
        "speaker": "Student",
        "dialogue": "So?"
    },
    {
        "start": "30:10.12",
        "stop": "30:18.28",
        "speaker": "Tutor",
        "dialogue": "Same thing from one hour to one and a half hours, All the way along that interval, the cars going zero miles an hour."
    },
    {
        "start": "30:19.44",
        "stop": "30:24.52",
        "speaker": "Tutor",
        "dialogue": "Where on your graph would you show a speed of zero miles an hour?"
    },
    {
        "start": "30:26.12",
        "stop": "30:26.36",
        "speaker": "Student",
        "dialogue": "From."
    },
    {
        "start": "30:26.72",
        "stop": "30:29.64",
        "speaker": "Tutor",
        "dialogue": "One hour into the trip to an hour and a half into the trip."
    },
    {
        "start": "30:39.68",
        "stop": "30:39.72",
        "speaker": "Student",
        "dialogue": "So?"
    },
    {
        "start": "30:39.92",
        "stop": "30:41.92",
        "speaker": "Tutor",
        "dialogue": "This tells me at one hour"
    },
    {
        "start": "30:42.88",
        "stop": "30:47.72",
        "speaker": "Tutor",
        "dialogue": "the car is going zero miles an hour and the car is going fifty miles an hour."
    },
    {
        "start": "30:59.76",
        "stop": "30:59.88",
        "speaker": "Student",
        "dialogue": "Right?"
    },
    {
        "start": "30:59.96",
        "stop": "31:01.00",
        "speaker": "Tutor",
        "dialogue": "What does that line show?"
    },
    {
        "start": "31:15.40",
        "stop": "31:17.76",
        "speaker": "Student",
        "dialogue": "The speed from B to C."
    },
    {
        "start": "31:20.48",
        "stop": "31:21.04",
        "speaker": "Tutor",
        "dialogue": "Is how much?"
    },
    {
        "start": "31:22.28",
        "stop": "31:23.40",
        "speaker": "Student",
        "dialogue": "Zero miles per hour."
    },
    {
        "start": "31:23.72",
        "stop": "31:28.56",
        "speaker": "Tutor",
        "dialogue": "All right, are you convinced that your graph shows that, or do you want to think about it or revise?"
    },
    {
        "start": "31:30.80",
        "stop": "31:32.24",
        "speaker": "Student",
        "dialogue": "Oh, I think I' goant to think about."
    },
    {
        "start": "31:32.28",
        "stop": "31:32.68",
        "speaker": "Tutor",
        "dialogue": "It throug."
    },
    {
        "start": "32:13.00",
        "stop": "32:14.36",
        "speaker": "Student",
        "dialogue": "I think this makes sense."
    },
    {
        "start": "32:14.88",
        "stop": "32:15.16",
        "speaker": "Tutor",
        "dialogue": "A right."
    },
    {
        "start": "32:15.24",
        "stop": "32:16.72",
        "speaker": "Tutor",
        "dialogue": "So you're convinced that's where it goes?"
    },
    {
        "start": "32:17.56",
        "stop": "32:19.28",
        "speaker": "Tutor",
        "dialogue": "Yeah, all right, keep going."
    },
    {
        "start": "34:19.40",
        "stop": "34:20.28",
        "speaker": "Student",
        "dialogue": "I think I'm done."
    },
    {
        "start": "34:21.20",
        "stop": "34:25.60",
        "speaker": "Tutor",
        "dialogue": "Cool, explain what you have sketched and explain your thinking for."
    },
    {
        "start": "34:28.36",
        "stop": "34:43.24",
        "speaker": "Student",
        "dialogue": "So from C to D on the map, it shows that it's going at fifty miles per hour, and over here you can see that it's from one and a half hours to two and a half hours."
    },
    {
        "start": "34:43.72",
        "stop": "34:58.60",
        "speaker": "Student",
        "dialogue": "So then this is one and a half hours, and this is two and a half, and it's at the fifty miles per hour mark, And then from D to E. the average is fifty three point three."
    },
    {
        "start": "35:00.12",
        "stop": "35:25.32",
        "speaker": "Student",
        "dialogue": "So that's over here, because D is at two point five and that's continuing from over here, and E is at three point seven five, which is over here, And then Eda F is going at forty miles per hour, so at forty I continued the line from here and I went up to four hours."
    },
    {
        "start": "35:26.40",
        "stop": "35:28.04",
        "speaker": "Tutor",
        "dialogue": "Great job of explaining your thinking."
    },
    {
        "start": "35:28.64",
        "stop": "35:29.48",
        "speaker": "Tutor",
        "dialogue": "I have a quest."
    },
    {
        "start": "35:29.60",
        "stop": "35:30.56",
        "speaker": "Tutor",
        "dialogue": "a follow up question."
    },
    {
        "start": "35:31.48",
        "stop": "35:35.52",
        "speaker": "Tutor",
        "dialogue": "I see a point C right here and a point c right here."
    },
    {
        "start": "35:36.96",
        "stop": "35:37.12",
        "speaker": "Student",
        "dialogue": "Can?"
    },
    {
        "start": "35:37.20",
        "stop": "35:37.52",
        "speaker": "Tutor",
        "dialogue": "You have."
    },
    {
        "start": "35:38.84",
        "stop": "35:39.00",
        "speaker": "Student",
        "dialogue": "Two."
    },
    {
        "start": "35:39.28",
        "stop": "35:42.40",
        "speaker": "Tutor",
        "dialogue": "Cs in different locations on the graph."
    },
    {
        "start": "35:50.80",
        "stop": "35:52.84",
        "speaker": "Student",
        "dialogue": "I don't think so."
    },
    {
        "start": "36:03.76",
        "stop": "36:03.80",
        "speaker": "Tutor",
        "dialogue": "Have?"
    },
    {
        "start": "36:03.92",
        "stop": "36:03.96",
        "speaker": "Student",
        "dialogue": "You?"
    },
    {
        "start": "36:04.04",
        "stop": "36:10.20",
        "speaker": "Tutor",
        "dialogue": "Ever seen graphsraphs?"
    },
    {
        "start": "36:10.28",
        "stop": "36:10.32",
        "speaker": "Student",
        "dialogue": "That."
    },
    {
        "start": "36:10.48",
        "stop": "36:10.64",
        "speaker": "Tutor",
        "dialogue": "Were?"
    },
    {
        "start": "36:20.36",
        "stop": "36:20.68",
        "speaker": "Student",
        "dialogue": "Something?"
    },
    {
        "start": "36:20.76",
        "stop": "36:20.80",
        "speaker": "Tutor",
        "dialogue": "Like."
    },
    {
        "start": "36:20.92",
        "stop": "36:20.96",
        "speaker": "Student",
        "dialogue": "That."
    },
    {
        "start": "36:21.92",
        "stop": "36:21.96",
        "speaker": "Tutor",
        "dialogue": "A."
    },
    {
        "start": "36:25.56",
        "stop": "36:26.20",
        "speaker": "Student",
        "dialogue": "I think so."
    },
    {
        "start": "36:27.04",
        "stop": "36:27.32",
        "speaker": "Tutor",
        "dialogue": "Maybe."
    },
    {
        "start": "36:28.32",
        "stop": "36:28.36",
        "speaker": "Student",
        "dialogue": "Yeah."
    },
    {
        "start": "36:29.44",
        "stop": "36:30.92",
        "speaker": "Tutor",
        "dialogue": "These have a special name."
    },
    {
        "start": "36:31.96",
        "stop": "36:33.16",
        "speaker": "Tutor",
        "dialogue": "They're called Peacewise."
    },
    {
        "start": "36:33.84",
        "stop": "36:36.68",
        "speaker": "Tutor",
        "dialogue": "You ever seen peacewise graphs or heard of peacewise graphs?"
    },
    {
        "start": "36:37.08",
        "stop": "36:37.12",
        "speaker": "Student",
        "dialogue": "Yeah."
    },
    {
        "start": "36:38.08",
        "stop": "36:52.04",
        "speaker": "Tutor",
        "dialogue": "That's what you just created here, and it's because this situation is represented not by a nice, neat straight line, because there's different things happening at different points, right?"
    },
    {
        "start": "36:53.92",
        "stop": "36:53.96",
        "speaker": "Student",
        "dialogue": "But"
    },
    {
        "start": "36:54.52",
        "stop": "37:08.88",
        "speaker": "Tutor",
        "dialogue": "You have two Ses here, so on your graph you're telling me that at point C we are going fifty miles an hour, and we are going zero miles an hour."
    },
    {
        "start": "37:12.88",
        "stop": "37:13.04",
        "speaker": "Student",
        "dialogue": "Can?"
    },
    {
        "start": "37:13.16",
        "stop": "37:16.96",
        "speaker": "Tutor",
        "dialogue": "We go fifty miles an hour and zero miles an hour at the same time."
    },
    {
        "start": "37:17.88",
        "stop": "37:18.00",
        "speaker": "Student",
        "dialogue": "No."
    },
    {
        "start": "37:19.36",
        "stop": "37:20.80",
        "speaker": "Tutor",
        "dialogue": "That means we have to choose."
    },
    {
        "start": "37:21.84",
        "stop": "37:24.16",
        "speaker": "Tutor",
        "dialogue": "Do you think exactly at point C?"
    },
    {
        "start": "37:25.52",
        "stop": "37:29.40",
        "speaker": "Tutor",
        "dialogue": "Do you think the car is going fifty miles an hour, or do you think the car is going"
    },
    {
        "start": "37:29.56",
        "stop": "37:30.44",
        "speaker": "Tutor",
        "dialogue": "zero miles an hour?"
    },
    {
        "start": "37:37.16",
        "stop": "37:46.80",
        "speaker": "Student",
        "dialogue": "I think a zero miles."
    },
    {
        "start": "37:48.08",
        "stop": "37:50.88",
        "speaker": "Tutor",
        "dialogue": "So if you wanted your graph to show, the car is going"
    },
    {
        "start": "37:51.56",
        "stop": "37:52.56",
        "speaker": "Tutor",
        "dialogue": "zero miles an hour"
    },
    {
        "start": "37:52.76",
        "stop": "37:57.84",
        "speaker": "Tutor",
        "dialogue": "at point C, you would do a closed circle there, and you wanted to show."
    },
    {
        "start": "38:00.28",
        "stop": "38:00.48",
        "speaker": "Student",
        "dialogue": "Right?"
    },
    {
        "start": "38:00.96",
        "stop": "38:05.52",
        "speaker": "Tutor",
        "dialogue": "After sea, like infinitely close to sea, but not including Ca."
    },
    {
        "start": "38:06.88",
        "stop": "38:08.40",
        "speaker": "Tutor",
        "dialogue": "it's going fifty miles an hour."
    },
    {
        "start": "38:08.92",
        "stop": "38:12.12",
        "speaker": "Tutor",
        "dialogue": "You do an open circle at that section of your graph."
    },
    {
        "start": "38:14.80",
        "stop": "38:15.00",
        "speaker": "Student",
        "dialogue": "That's"
    },
    {
        "start": "38:15.08",
        "stop": "38:19.60",
        "speaker": "Tutor",
        "dialogue": "The way you can take care of the well, the car can't be doing two speeds at the same time."
    },
    {
        "start": "38:21.40",
        "stop": "38:21.56",
        "speaker": "Student",
        "dialogue": "Right?"
    },
    {
        "start": "38:22.36",
        "stop": "38:22.40",
        "speaker": "Tutor",
        "dialogue": "Yeah."
    },
    {
        "start": "38:23.64",
        "stop": "38:23.68",
        "speaker": "Student",
        "dialogue": "And?"
    },
    {
        "start": "38:23.76",
        "stop": "38:34.28",
        "speaker": "Tutor",
        "dialogue": "Then the other interesting thing about this graph like mathematically the way you created, it makes complete sense about these relationships and what we see in the values over here."
    },
    {
        "start": "38:36.32",
        "stop": "38:36.44",
        "speaker": "Student",
        "dialogue": "An."
    },
    {
        "start": "38:36.56",
        "stop": "38:41.44",
        "speaker": "Tutor",
        "dialogue": "Interesting thing about it though is it's telling us that a car can go instantly from"
    },
    {
        "start": "38:41.60",
        "stop": "38:45.48",
        "speaker": "Tutor",
        "dialogue": "zero miles an hour to fifty miles an hour."
    },
    {
        "start": "38:46.24",
        "stop": "38:47.76",
        "speaker": "Tutor",
        "dialogue": "Does that happen instantaneous?"
    },
    {
        "start": "38:48.88",
        "stop": "38:49.00",
        "speaker": "Student",
        "dialogue": "No."
    },
    {
        "start": "38:49.44",
        "stop": "38:54.12",
        "speaker": "Tutor",
        "dialogue": "No, so we would need some more information, or there would be a gradual."
    },
    {
        "start": "38:55.40",
        "stop": "38:56.08",
        "speaker": "Student",
        "dialogue": "Acceleration."
    },
    {
        "start": "38:56.24",
        "stop": "39:01.52",
        "speaker": "Tutor",
        "dialogue": "Or increase in some way right, and we could get more specific and detailed in that graph."
    },
    {
        "start": "39:02.72",
        "stop": "39:13.44",
        "speaker": "Tutor",
        "dialogue": "But the way you showed the relationship and how the speed is changing in relation to the time, and vice versa, your graph makes complete sense."
    },
    {
        "start": "39:16.24",
        "stop": "39:16.28",
        "speaker": "Student",
        "dialogue": "That."
    },
    {
        "start": "39:16.44",
        "stop": "39:16.88",
        "speaker": "Tutor",
        "dialogue": "Makes sense."
    },
    {
        "start": "39:18.12",
        "stop": "39:18.16",
        "speaker": "Student",
        "dialogue": "Yeah."
    },
    {
        "start": "39:18.68",
        "stop": "39:21.84",
        "speaker": "Tutor",
        "dialogue": "So you created a piecewise graph to show this relationship."
    },
    {
        "start": "39:22.48",
        "stop": "39:29.88",
        "speaker": "Tutor",
        "dialogue": "No matter what type of graph you make, you do a good job of understanding that this variable on one axis is changing"
    },
    {
        "start": "39:31.00",
        "stop": "39:40.08",
        "speaker": "Tutor",
        "dialogue": "the other variable on the other axis is changing, and what happens in the middle is describing the relationship between how they are changing together."
    },
    {
        "start": "39:40.96",
        "stop": "39:43.00",
        "speaker": "Tutor",
        "dialogue": "You're a very powerful maththinker."
    },
    {
        "start": "39:43.56",
        "stop": "39:44.64",
        "speaker": "Tutor",
        "dialogue": "I was awesome to-day"
    },
    {
        "start": "39:45.76",
        "stop": "39:46.08",
        "speaker": "Student",
        "dialogue": "Thank you."
    },
    {
        "start": "39:47.68",
        "stop": "39:53.04",
        "speaker": "Tutor",
        "dialogue": "You know that you are also helping us learn more about what this experience is like for students, right?"
    },
    {
        "start": "39:53.84",
        "stop": "39:53.88",
        "speaker": "Student",
        "dialogue": "Yeah."
    },
    {
        "start": "39:54.64",
        "stop": "39:57.32",
        "speaker": "Tutor",
        "dialogue": "So, um, just a couple of follow up questions."
    },
    {
        "start": "39:58.32",
        "stop": "40:03.72",
        "speaker": "Tutor",
        "dialogue": "Is there anything you feel like you learned or you're thinking differently about after working together today?"
    },
    {
        "start": "40:06.24",
        "stop": "40:12.28",
        "speaker": "Student",
        "dialogue": "Um, I refresh my memory on what a piece was graph is."
    },
    {
        "start": "40:14.60",
        "stop": "40:18.28",
        "speaker": "Tutor",
        "dialogue": "Cool, what about the experience?"
    },
    {
        "start": "40:18.40",
        "stop": "40:18.88",
        "speaker": "Tutor",
        "dialogue": "in general?"
    },
    {
        "start": "40:19.40",
        "stop": "40:20.32",
        "speaker": "Tutor",
        "dialogue": "what was helpful?"
    },
    {
        "start": "40:21.00",
        "stop": "40:25.96",
        "speaker": "Tutor",
        "dialogue": "What wasn't helpful, or what should we keep doing or think about changing to make it better?"
    },
    {
        "start": "40:27.68",
        "stop": "40:36.24",
        "speaker": "Student",
        "dialogue": "I think being able to see like where you're pointing is pretty helpful and that you can see where I'm pointing, so you can see my thought process."
    },
    {
        "start": "40:37.44",
        "stop": "40:38.60",
        "speaker": "Tutor",
        "dialogue": "Yeah, that's cool."
    },
    {
        "start": "40:38.88",
        "stop": "40:39.12",
        "speaker": "Tutor",
        "dialogue": "Cool."
    },
    {
        "start": "40:39.28",
        "stop": "40:39.68",
        "speaker": "Tutor",
        "dialogue": "What else?"
    },
    {
        "start": "40:42.60",
        "stop": "40:45.08",
        "speaker": "Student",
        "dialogue": "Okey, like, it's kind of hard to write out."
    },
    {
        "start": "40:46.60",
        "stop": "40:59.92",
        "speaker": "Student",
        "dialogue": "Like, because, um, I'm using the like the mouse, so it's kind of hard to make it look neat, but that's not that big of a deal 'cause it's so legible."
    },
    {
        "start": "41:01.48",
        "stop": "41:05.20",
        "speaker": "Tutor",
        "dialogue": "Yeah, I agree learning how to write with a mouse or a track pad."
    },
    {
        "start": "41:06.80",
        "stop": "41:06.84",
        "speaker": "Student",
        "dialogue": "You?"
    },
    {
        "start": "41:07.00",
        "stop": "41:08.16",
        "speaker": "Tutor",
        "dialogue": "See how I'm writing too."
    },
    {
        "start": "41:09.08",
        "stop": "41:10.84",
        "speaker": "Tutor",
        "dialogue": "It's definitely much more challenging."
    },
    {
        "start": "41:10.92",
        "stop": "41:12.48",
        "speaker": "Tutor",
        "dialogue": "I wish I had a pin also."
    },
    {
        "start": "41:14.00",
        "stop": "41:14.04",
        "speaker": "Student",
        "dialogue": "Like."
    },
    {
        "start": "41:14.20",
        "stop": "41:16.12",
        "speaker": "Tutor",
        "dialogue": "One that I could physically hold to write on."
    },
    {
        "start": "41:16.92",
        "stop": "41:18.00",
        "speaker": "Tutor",
        "dialogue": "Yeah, that's cool."
    },
    {
        "start": "41:18.16",
        "stop": "41:19.40",
        "speaker": "Tutor",
        "dialogue": "Anything else that would be helpful."
    },
    {
        "start": "41:21.04",
        "stop": "41:23.12",
        "speaker": "Student",
        "dialogue": "Um, I think that's."
    },
    {
        "start": "41:24.08",
        "stop": "41:24.48",
        "speaker": "Tutor",
        "dialogue": "Awesome."
    },
    {
        "start": "41:25.16",
        "stop": "41:28.76",
        "speaker": "Tutor",
        "dialogue": "Well, like I said, you're an amazing powerful math thinker."
    },
    {
        "start": "41:29.32",
        "stop": "41:30.56",
        "speaker": "Tutor",
        "dialogue": "Own your voice."
    },
    {
        "start": "41:31.12",
        "stop": "41:37.32",
        "speaker": "Tutor",
        "dialogue": "You have a lot to share, and keep doing that whether you're in life or in a math class."
    },
    {
        "start": "41:38.60",
        "stop": "41:39.08",
        "speaker": "Student",
        "dialogue": "Oy."
    },
    {
        "start": "41:39.48",
        "stop": "41:42.60",
        "speaker": "Tutor",
        "dialogue": "Awesome, and it's evening there, right?"
    },
    {
        "start": "41:44.72",
        "stop": "41:44.92",
        "speaker": "Student",
        "dialogue": "Hm."
    },
    {
        "start": "41:45.04",
        "stop": "41:46.80",
        "speaker": "Tutor",
        "dialogue": "I think it's evening where you are, isn't it?"
    },
    {
        "start": "41:48.00",
        "stop": "41:48.16",
        "speaker": "Student",
        "dialogue": "Um."
    },
    {
        "start": "41:48.36",
        "stop": "41:53.24",
        "speaker": "Tutor",
        "dialogue": "Yeah, I was going to say have a good afternoon, but I think it's a good evening for you and a good weekend."
    },
    {
        "start": "41:54.48",
        "stop": "41:54.72",
        "speaker": "Student",
        "dialogue": "Thank you."
    }
]