[
    {
        "start": "00:02.72",
        "stop": "00:07.20",
        "speaker": "Tutor",
        "dialogue": "On the left hand side of your screen you should see a blue bar with some tools in it."
    },
    {
        "start": "00:08.68",
        "stop": "00:13.84",
        "speaker": "Tutor",
        "dialogue": "Do you see that the third one down is a pencil?"
    },
    {
        "start": "00:14.52",
        "stop": "00:26.04",
        "speaker": "Tutor",
        "dialogue": "If you click on that, you'll be able to draw and there'll be a box that pops up above the arrow that I just drew. That you can change the color or the size if you want to."
    },
    {
        "start": "00:28.92",
        "stop": "00:34.48",
        "speaker": "Tutor",
        "dialogue": "The next tool we're going to talk about is the square with a t in the middle."
    },
    {
        "start": "00:35.00",
        "stop": "00:45.16",
        "speaker": "Tutor",
        "dialogue": "If you click on that, it is a text-box that you can move around and you can type if you prefer to type instead of draw."
    },
    {
        "start": "00:47.72",
        "stop": "00:57.60",
        "speaker": "Tutor",
        "dialogue": "The third thing we're going to go over is erasing, so if you want to change your mind and erase something, do not hit the trash can button."
    },
    {
        "start": "00:58.76",
        "stop": "01:02.92",
        "speaker": "Tutor",
        "dialogue": "Instead, you want to make sure that your top arrow is selected."
    },
    {
        "start": "01:04.08",
        "stop": "01:07.00",
        "speaker": "Tutor",
        "dialogue": "Click on whatever it is you want to erase."
    },
    {
        "start": "01:07.92",
        "stop": "01:26.60",
        "speaker": "Tutor",
        "dialogue": "Once it's selected, you can move it or erase it, and to erase you can hit the backspace or delete button on your keyboard, or you can click the arrow with an x in the middle of it down here, so try to draw or type something and then practice erasing what you draw."
    },
    {
        "start": "01:41.60",
        "stop": "01:42.00",
        "speaker": "Tutor",
        "dialogue": "perfect."
    },
    {
        "start": "01:43.92",
        "stop": "01:47.92",
        "speaker": "Tutor",
        "dialogue": "Now click on one of those letters to erase just one of them."
    },
    {
        "start": "01:55.28",
        "stop": "01:59.36",
        "speaker": "Tutor",
        "dialogue": "so you have to use your top arrow to go into your select tool."
    },
    {
        "start": "01:59.80",
        "stop": "02:08.84",
        "speaker": "Tutor",
        "dialogue": "And then now, once it's selected like that, then you can hit there."
    },
    {
        "start": "02:08.88",
        "stop": "02:11.48",
        "speaker": "Tutor",
        "dialogue": "You go cool questions on erasing."
    },
    {
        "start": "02:14.92",
        "stop": "02:29.28",
        "speaker": "Tutor",
        "dialogue": "You can also close your chatbox, cause we'll be talking back and forth like this, so that way you have a bigger space to work on, and when we're working, I'm going to ask you a lot of questions."
    },
    {
        "start": "02:29.84",
        "stop": "02:31.96",
        "speaker": "Tutor",
        "dialogue": "That doesn't mean that you got something wrong."
    },
    {
        "start": "02:32.28",
        "stop": "02:40.32",
        "speaker": "Tutor",
        "dialogue": "It just means I want you to explain more about how you are thinking, because the more I know about how you're thinking, the more I know how to help."
    },
    {
        "start": "02:40.36",
        "stop": "02:41.84",
        "speaker": "Student",
        "dialogue": "You, Ok?"
    },
    {
        "start": "02:42.40",
        "stop": "02:44.32",
        "speaker": "Tutor",
        "dialogue": "Cool, cool."
    },
    {
        "start": "02:44.60",
        "stop": "02:44.96",
        "speaker": "Tutor",
        "dialogue": "all right?"
    },
    {
        "start": "02:45.84",
        "stop": "02:46.80",
        "speaker": "Student",
        "dialogue": "I have a question."
    },
    {
        "start": "02:47.08",
        "stop": "02:48.80",
        "speaker": "Student",
        "dialogue": "Yes, do loss a chat?"
    },
    {
        "start": "02:49.88",
        "stop": "02:58.40",
        "speaker": "Tutor",
        "dialogue": "Ah, there are two arrows that are kind of purplish-gray at the top of the chat-box"
    },
    {
        "start": "03:01.32",
        "stop": "03:04.80",
        "speaker": "Tutor",
        "dialogue": "If you click on that, it'll erase your Ar."
    },
    {
        "start": "03:04.84",
        "stop": "03:05.00",
        "speaker": "Tutor",
        "dialogue": "Ims."
    },
    {
        "start": "03:05.04",
        "stop": "03:07.80",
        "speaker": "Tutor",
        "dialogue": "Sorry, it'll close your chat-box and make your white screen bigger."
    },
    {
        "start": "03:11.76",
        "stop": "03:12.40",
        "speaker": "Tutor",
        "dialogue": "Did that work"
    },
    {
        "start": "03:16.56",
        "stop": "03:16.92",
        "speaker": "Tutor",
        "dialogue": "All right?"
    },
    {
        "start": "03:17.16",
        "stop": "03:18.72",
        "speaker": "Tutor",
        "dialogue": "I'm going to turn the page now."
    },
    {
        "start": "03:19.84",
        "stop": "03:21.76",
        "speaker": "Tutor",
        "dialogue": "Do you see something different on your screen?"
    },
    {
        "start": "03:25.64",
        "stop": "03:30.84",
        "speaker": "Tutor",
        "dialogue": "Take a minute to read it and then explain what you think is happening in this situation."
    },
    {
        "start": "03:54.76",
        "stop": "03:56.96",
        "speaker": "Tutor",
        "dialogue": "What do you think is going on in this situation?"
    },
    {
        "start": "04:01.76",
        "stop": "04:07.88",
        "speaker": "Student",
        "dialogue": "It is showing like a car journey, Tom, one place to another."
    },
    {
        "start": "04:09.56",
        "stop": "04:15.20",
        "speaker": "Tutor",
        "dialogue": "Well, can you show with your arrow where the car starts and how it takes the journey?"
    },
    {
        "start": "04:17.24",
        "stop": "04:22.96",
        "speaker": "Student",
        "dialogue": "From heres, I starts and down hereso."
    },
    {
        "start": "04:24.68",
        "stop": "04:27.24",
        "speaker": "Tutor",
        "dialogue": "How does it get from Providence to Newark?"
    },
    {
        "start": "04:29.56",
        "stop": "04:32.72",
        "speaker": "Student",
        "dialogue": "It travels through the route."
    },
    {
        "start": "04:33.48",
        "stop": "04:38.08",
        "speaker": "Tutor",
        "dialogue": "Yeah, and that route, the name of that interstate is called I ninety five."
    },
    {
        "start": "04:38.72",
        "stop": "04:41.80",
        "speaker": "Tutor",
        "dialogue": "So that's the road or the path that they're taking."
    },
    {
        "start": "04:44.20",
        "stop": "04:48.48",
        "speaker": "Tutor",
        "dialogue": "What are some things we might be able to measure in this situation?"
    },
    {
        "start": "04:57.88",
        "stop": "05:05.00",
        "speaker": "Student",
        "dialogue": "How long the carar?"
    },
    {
        "start": "05:05.20",
        "stop": "05:05.68",
        "speaker": "Tutor",
        "dialogue": "Travels."
    },
    {
        "start": "05:07.32",
        "stop": "05:07.44",
        "speaker": "Student",
        "dialogue": "If."
    },
    {
        "start": "05:07.52",
        "stop": "05:10.36",
        "speaker": "Tutor",
        "dialogue": "We were going to find out how long the car travels."
    },
    {
        "start": "05:10.80",
        "stop": "05:12.80",
        "speaker": "Tutor",
        "dialogue": "What units would we use to measure?"
    },
    {
        "start": "05:12.88",
        "stop": "05:16.32",
        "speaker": "Student",
        "dialogue": "That miles?"
    },
    {
        "start": "05:17.88",
        "stop": "05:21.64",
        "speaker": "Tutor",
        "dialogue": "So we could measure the distance the car has traveled in miles."
    },
    {
        "start": "05:23.64",
        "stop": "05:23.80",
        "speaker": "Student",
        "dialogue": "Yes."
    },
    {
        "start": "05:25.72",
        "stop": "05:27.08",
        "speaker": "Tutor",
        "dialogue": "What else could we measure?"
    },
    {
        "start": "05:33.24",
        "stop": "05:34.24",
        "speaker": "Student",
        "dialogue": "How long the route?"
    },
    {
        "start": "05:34.44",
        "stop": "05:39.00",
        "speaker": "Tutor",
        "dialogue": "Is what unit would we use to measure how long the route?"
    },
    {
        "start": "05:39.16",
        "stop": "05:52.24",
        "speaker": "Student",
        "dialogue": "Is Miles proly?"
    },
    {
        "start": "05:52.64",
        "stop": "06:23.00",
        "speaker": "Tutor",
        "dialogue": "Ok, are there any other units we could use to measure stuff in this situation and it's okay to say that's all I can think of right now, or I'm not sure I need some more time to think."
    },
    {
        "start": "06:24.68",
        "stop": "06:25.84",
        "speaker": "Student",
        "dialogue": "That's all I can think."
    },
    {
        "start": "06:27.32",
        "stop": "06:28.20",
        "speaker": "Tutor",
        "dialogue": "Okay, cool."
    },
    {
        "start": "06:28.48",
        "stop": "06:30.92",
        "speaker": "Tutor",
        "dialogue": "and you can say those two things any time"
    },
    {
        "start": "06:31.00",
        "stop": "06:31.96",
        "speaker": "Tutor",
        "dialogue": "I ask you something."
    },
    {
        "start": "06:32.52",
        "stop": "06:35.80",
        "speaker": "Tutor",
        "dialogue": "I'm not sure yet or I need some more time to think about it."
    },
    {
        "start": "06:36.64",
        "stop": "06:45.40",
        "speaker": "Tutor",
        "dialogue": "Okay, Okay, all right, I'm going to uncover something now and you tell me how it's similar or different to what you were thinking about."
    },
    {
        "start": "07:11.84",
        "stop": "07:15.52",
        "speaker": "Tutor",
        "dialogue": "Is this the same things you were thinking about measuring, or is it different?"
    },
    {
        "start": "07:17.96",
        "stop": "07:31.60",
        "speaker": "Student",
        "dialogue": "Is mostly same because it is the distance and it's air route showing from where it starts going."
    },
    {
        "start": "07:33.72",
        "stop": "07:39.56",
        "speaker": "Tutor",
        "dialogue": "Okay, so you see that this graph is also measuring or keeping track of distance?"
    },
    {
        "start": "07:41.16",
        "stop": "07:43.08",
        "speaker": "Tutor",
        "dialogue": "Yeah, and they are using miles"
    },
    {
        "start": "07:43.24",
        "stop": "07:43.48",
        "speaker": "Tutor",
        "dialogue": "For that."
    },
    {
        "start": "07:44.40",
        "stop": "07:46.64",
        "speaker": "Tutor",
        "dialogue": "What else is this graph keeping track?"
    },
    {
        "start": "07:46.72",
        "stop": "07:50.20",
        "speaker": "Student",
        "dialogue": "Of the hours."
    },
    {
        "start": "07:51.08",
        "stop": "07:56.00",
        "speaker": "Tutor",
        "dialogue": "Yeah, so how much time is changing?"
    },
    {
        "start": "07:56.28",
        "stop": "07:56.60",
        "speaker": "Tutor",
        "dialogue": "Also?"
    },
    {
        "start": "07:58.68",
        "stop": "08:41.64",
        "speaker": "Tutor",
        "dialogue": "So now if you look at the map and the graph, describe what's happening during each stage of the journey, So what do you think is going on in the beginning of the trip, the middle of the trip, and as they keep going along the journey, what's happening?"
    },
    {
        "start": "08:47.56",
        "stop": "08:53.16",
        "speaker": "Student",
        "dialogue": "Each hours the di, each hours the distance and increases."
    },
    {
        "start": "08:54.88",
        "stop": "08:57.76",
        "speaker": "Tutor",
        "dialogue": "Okay, so some things might be increasing."
    },
    {
        "start": "08:57.80",
        "stop": "08:59.08",
        "speaker": "Tutor",
        "dialogue": "I'm gona write that word up here"
    },
    {
        "start": "08:59.16",
        "stop": "09:00.40",
        "speaker": "Tutor",
        "dialogue": "so we can keep track of it."
    },
    {
        "start": "09:08.20",
        "stop": "09:10.32",
        "speaker": "Tutor",
        "dialogue": "Is anything staying the same?"
    },
    {
        "start": "09:24.52",
        "stop": "09:24.68",
        "speaker": "Student",
        "dialogue": "Um."
    },
    {
        "start": "09:26.64",
        "stop": "09:26.88",
        "speaker": "Tutor",
        "dialogue": "From."
    },
    {
        "start": "09:28.92",
        "stop": "09:32.08",
        "speaker": "Student",
        "dialogue": "From when it started to one hour."
    },
    {
        "start": "09:34.52",
        "stop": "09:38.36",
        "speaker": "Tutor",
        "dialogue": "What stayed the same from when it started until one hour?"
    },
    {
        "start": "09:47.96",
        "stop": "09:48.40",
        "speaker": "Student",
        "dialogue": "Miles."
    },
    {
        "start": "09:51.40",
        "stop": "09:58.32",
        "speaker": "Tutor",
        "dialogue": "Okay, so from zero minutes to one hour, the distance stays the same."
    },
    {
        "start": "10:03.64",
        "stop": "10:06.00",
        "speaker": "Student",
        "dialogue": "Oh, no, it increases."
    },
    {
        "start": "10:06.60",
        "stop": "10:08.76",
        "speaker": "Tutor",
        "dialogue": "Oh, how do you see it increasing?"
    },
    {
        "start": "10:09.00",
        "stop": "10:10.68",
        "speaker": "Tutor",
        "dialogue": "Show me how you know it's increasing."
    },
    {
        "start": "10:18.96",
        "stop": "10:24.76",
        "speaker": "Student",
        "dialogue": "It's going uh, enough being constant here."
    },
    {
        "start": "10:26.12",
        "stop": "10:38.84",
        "speaker": "Tutor",
        "dialogue": "Oh, so from A to B, distance is increasing and time is increasing, and from B to C, something different is happening."
    },
    {
        "start": "10:39.04",
        "stop": "10:40.48",
        "speaker": "Tutor",
        "dialogue": "What did you say was happening there?"
    },
    {
        "start": "10:41.44",
        "stop": "10:42.96",
        "speaker": "Student",
        "dialogue": "Is St. constant?"
    },
    {
        "start": "10:44.04",
        "stop": "10:45.32",
        "speaker": "Tutor",
        "dialogue": "What state constant?"
    },
    {
        "start": "10:49.84",
        "stop": "10:55.28",
        "speaker": "Student",
        "dialogue": "The the miles of Pern per hour."
    },
    {
        "start": "10:57.08",
        "stop": "11:00.48",
        "speaker": "Tutor",
        "dialogue": "Ah, there's another word."
    },
    {
        "start": "11:00.56",
        "stop": "11:17.36",
        "speaker": "Tutor",
        "dialogue": "we're going to put down here miles per houry."
    },
    {
        "start": "11:19.20",
        "stop": "11:22.24",
        "speaker": "Tutor",
        "dialogue": "And you also said something stays constant."
    },
    {
        "start": "11:23.32",
        "stop": "11:26.28",
        "speaker": "Tutor",
        "dialogue": "We're going to talk about staying the same and another way"
    },
    {
        "start": "11:26.32",
        "stop": "11:30.80",
        "speaker": "Tutor",
        "dialogue": "we can describe that A Ok."
    },
    {
        "start": "11:31.44",
        "stop": "11:33.16",
        "speaker": "Tutor",
        "dialogue": "and then we're also going to be talking about"
    },
    {
        "start": "11:33.36",
        "stop": "11:34.84",
        "speaker": "Tutor",
        "dialogue": "Is anything decreasing?"
    },
    {
        "start": "11:39.84",
        "stop": "11:50.00",
        "speaker": "Tutor",
        "dialogue": "All right, Hol, think about those purple words and predict where you think Point"
    },
    {
        "start": "11:50.20",
        "stop": "12:04.36",
        "speaker": "Tutor",
        "dialogue": "A would be on the map and you can go ahead and label it with your tools."
    },
    {
        "start": "12:04.48",
        "stop": "12:04.88",
        "speaker": "Tutor",
        "dialogue": "Somehow."
    },
    {
        "start": "12:10.80",
        "stop": "12:12.00",
        "speaker": "Tutor",
        "dialogue": "Why do you think point"
    },
    {
        "start": "12:12.08",
        "stop": "12:12.88",
        "speaker": "Tutor",
        "dialogue": "A goes there?"
    },
    {
        "start": "12:14.24",
        "stop": "12:16.60",
        "speaker": "Student",
        "dialogue": "Because it's where the journey starts."
    },
    {
        "start": "12:18.00",
        "stop": "12:21.08",
        "speaker": "Tutor",
        "dialogue": "And you know it's where the journey starts, because it's where the graph starts."
    },
    {
        "start": "12:22.24",
        "stop": "12:23.16",
        "speaker": "Tutor",
        "dialogue": "Yes, cool."
    },
    {
        "start": "12:23.52",
        "stop": "12:23.84",
        "speaker": "Tutor",
        "dialogue": "all right."
    },
    {
        "start": "12:23.96",
        "stop": "12:24.44",
        "speaker": "Tutor",
        "dialogue": "Keep going."
    },
    {
        "start": "12:24.60",
        "stop": "12:27.32",
        "speaker": "Tutor",
        "dialogue": "Where do you think point B would be located?"
    },
    {
        "start": "12:49.24",
        "stop": "13:05.84",
        "speaker": "Tutor",
        "dialogue": "E. Yup, and I'm going to ask you to label all the points"
    },
    {
        "start": "13:06.32",
        "stop": "13:07.60",
        "speaker": "Tutor",
        "dialogue": "so you can choose to do"
    },
    {
        "start": "13:07.76",
        "stop": "13:10.40",
        "speaker": "Tutor",
        "dialogue": "B next, or you can choose to do any of your points."
    },
    {
        "start": "13:27.52",
        "stop": "13:54.56",
        "speaker": "Tutor",
        "dialogue": "Be thinking about why you put 'em where you put 'em four."
    },
    {
        "start": "14:32.88",
        "stop": "14:35.44",
        "speaker": "Tutor",
        "dialogue": "All right, Are you still thinking or are you ready to talk?"
    },
    {
        "start": "14:36.48",
        "stop": "14:37.64",
        "speaker": "Student",
        "dialogue": "I'm ready to talk."
    },
    {
        "start": "14:38.20",
        "stop": "14:44.24",
        "speaker": "Tutor",
        "dialogue": "Okay, help me understand why you put point B where you did."
    },
    {
        "start": "14:46.12",
        "stop": "14:58.28",
        "speaker": "Student",
        "dialogue": "Well, I put point b here so because it was an indent or so, and C here so is looking like it's constant"
    },
    {
        "start": "15:01.12",
        "stop": "15:08.64",
        "speaker": "Student",
        "dialogue": "The same lane and this is not, is moving upward."
    },
    {
        "start": "15:09.00",
        "stop": "15:28.40",
        "speaker": "Tutor",
        "dialogue": "But not a. You're looking at the shape of this line and trying to match it up to the shape of a line over here."
    },
    {
        "start": "15:30.96",
        "stop": "15:32.28",
        "speaker": "Tutor",
        "dialogue": "Yeah, okay, cool."
    },
    {
        "start": "15:33.48",
        "stop": "15:36.28",
        "speaker": "Tutor",
        "dialogue": "let's look at the graph again for a second."
    },
    {
        "start": "15:36.44",
        "stop": "16:03.04",
        "speaker": "Tutor",
        "dialogue": "Okay from a B. Tell me what is happening with distance and time, Using these purple power words is time increasing decreasing or staying the same?"
    },
    {
        "start": "16:04.60",
        "stop": "16:13.52",
        "speaker": "Tutor",
        "dialogue": "Is distance increasing decreasing or staying the same from point A to point?"
    },
    {
        "start": "16:13.64",
        "stop": "16:27.68",
        "speaker": "Student",
        "dialogue": "B, while the time is increasing, the distance is also increasing."
    },
    {
        "start": "16:28.48",
        "stop": "16:28.88",
        "speaker": "Tutor",
        "dialogue": "Very cool."
    },
    {
        "start": "16:28.92",
        "stop": "16:29.52",
        "speaker": "Tutor",
        "dialogue": "I'm gon typ."
    },
    {
        "start": "16:29.60",
        "stop": "16:30.28",
        "speaker": "Tutor",
        "dialogue": "What you just said"
    },
    {
        "start": "16:30.96",
        "stop": "16:42.56",
        "speaker": "Tutor",
        "dialogue": "So from A to B. while the time is increasing, the distance is also increasing."
    },
    {
        "start": "16:44.64",
        "stop": "16:46.04",
        "speaker": "Tutor",
        "dialogue": "Did I capture what you said?"
    },
    {
        "start": "16:48.44",
        "stop": "16:55.28",
        "speaker": "Tutor",
        "dialogue": "Awesome K, Do the same thing from B to C. What is going on there?"
    },
    {
        "start": "16:55.52",
        "stop": "16:57.72",
        "speaker": "Tutor",
        "dialogue": "and use those purple words to explain."
    },
    {
        "start": "17:15.96",
        "stop": "17:22.24",
        "speaker": "Student",
        "dialogue": "As Ttimd passes, the distance stays the same."
    },
    {
        "start": "17:23.04",
        "stop": "17:24.16",
        "speaker": "Tutor",
        "dialogue": "Oh, very cool."
    },
    {
        "start": "17:24.20",
        "stop": "17:25.32",
        "speaker": "Tutor",
        "dialogue": "Okay, I'm gonna type that one."
    },
    {
        "start": "17:25.40",
        "stop": "17:29.44",
        "speaker": "Tutor",
        "dialogue": "Now say it again for."
    },
    {
        "start": "17:29.60",
        "stop": "17:34.72",
        "speaker": "Student",
        "dialogue": "Me, as thirty minutes passes, the distance, stay the same."
    },
    {
        "start": "17:45.40",
        "stop": "17:57.16",
        "speaker": "Tutor",
        "dialogue": "And I challenge you to think about time is time increasing, decreasing or staying the same you said as it passes."
    },
    {
        "start": "17:57.68",
        "stop": "18:03.24",
        "speaker": "Tutor",
        "dialogue": "And I'm not sure if that means that time is also increasing, decreasing or staying the same."
    },
    {
        "start": "18:06.96",
        "stop": "18:08.76",
        "speaker": "Student",
        "dialogue": "Time is increasing, Ok."
    },
    {
        "start": "18:09.60",
        "stop": "18:15.52",
        "speaker": "Tutor",
        "dialogue": "We're going to use those purple power words on purpose to help our brain make sense of how this graph works."
    },
    {
        "start": "18:16.24",
        "stop": "18:27.36",
        "speaker": "Tutor",
        "dialogue": "So from B to C. as time increases, five thirty minutes."
    },
    {
        "start": "18:28.40",
        "stop": "18:29.88",
        "speaker": "Tutor",
        "dialogue": "the distance stayed the same."
    },
    {
        "start": "18:33.28",
        "stop": "18:37.16",
        "speaker": "Tutor",
        "dialogue": "Do both of Ose capture what you were thinking about with A and B and B and C?"
    },
    {
        "start": "18:39.56",
        "stop": "18:40.60",
        "speaker": "Tutor",
        "dialogue": "Yes, cool."
    },
    {
        "start": "18:40.88",
        "stop": "18:47.32",
        "speaker": "Tutor",
        "dialogue": "now, let's go back to your map and see if your map matches what you just said in words."
    },
    {
        "start": "19:09.72",
        "stop": "19:10.84",
        "speaker": "Tutor",
        "dialogue": "What are you thinking about?"
    },
    {
        "start": "19:24.96",
        "stop": "19:28.92",
        "speaker": "Student",
        "dialogue": "I think the distance is a. It's a bit small."
    },
    {
        "start": "19:29.72",
        "stop": "19:32.36",
        "speaker": "Tutor",
        "dialogue": "Oh, why do you think it's a little bit small?"
    },
    {
        "start": "19:35.88",
        "stop": "19:53.20",
        "speaker": "Student",
        "dialogue": "Mm, Well, because from to d it's bigger than a tob."
    },
    {
        "start": "19:54.40",
        "stop": "20:03.04",
        "speaker": "Tutor",
        "dialogue": "Oh so on your map, A to B is smaller than C to D. but on the graph is that the case?"
    },
    {
        "start": "20:08.04",
        "stop": "20:14.20",
        "speaker": "Tutor",
        "dialogue": "So you are you allowed to revise your thinking or change your mind in math?"
    },
    {
        "start": "20:19.80",
        "stop": "20:19.96",
        "speaker": "Student",
        "dialogue": "No."
    },
    {
        "start": "20:21.04",
        "stop": "20:35.84",
        "speaker": "Tutor",
        "dialogue": "You are actually just like with art, or whenever you're writing a paper, you can make a rough draft in math, and then you can do some more thinking and you can revise, or you can edit, or you can change your mind."
    },
    {
        "start": "20:36.96",
        "stop": "20:48.16",
        "speaker": "Tutor",
        "dialogue": "So you did some rough draught thinking over here and you put some points on the map, And now it sounds like you want to revise some things or change some things."
    },
    {
        "start": "20:48.68",
        "stop": "23:31.36",
        "speaker": "Tutor",
        "dialogue": "That's perfectly O. K. That's part of problem solving, so you can go ahead and change your map if you want to allright."
    },
    {
        "start": "23:32.88",
        "stop": "23:37.52",
        "speaker": "Tutor",
        "dialogue": "I see that you're still doing some revisions, but I want you to stop for a minute to explain to me what you're thinking."
    },
    {
        "start": "23:37.68",
        "stop": "23:51.24",
        "speaker": "Tutor",
        "dialogue": "Okay, Ok, All right, so I see that you have B in a new place now, and you have C in a new place, so let's check our words to see if it matches what you showed on the map now."
    },
    {
        "start": "23:52.72",
        "stop": "24:01.96",
        "speaker": "Tutor",
        "dialogue": "So from A to B, you said the time is increasing and the distance is also increasing."
    },
    {
        "start": "24:02.84",
        "stop": "24:05.68",
        "speaker": "Tutor",
        "dialogue": "Does this show distance and time increasing?"
    },
    {
        "start": "24:12.96",
        "stop": "24:14.60",
        "speaker": "Student",
        "dialogue": "Exactly shows the distance."
    },
    {
        "start": "24:14.92",
        "stop": "24:24.92",
        "speaker": "Tutor",
        "dialogue": "Ah, so we have to think about the time increasing as it's also happening, but this shows that the distance is increasing now."
    },
    {
        "start": "24:25.04",
        "stop": "24:26.04",
        "speaker": "Tutor",
        "dialogue": "let's look at this one"
    },
    {
        "start": "24:31.04",
        "stop": "24:40.00",
        "speaker": "Tutor",
        "dialogue": "you said from B to C as time increases by thirty minutes."
    },
    {
        "start": "24:40.44",
        "stop": "24:41.96",
        "speaker": "Tutor",
        "dialogue": "the distance stayed the same."
    },
    {
        "start": "24:44.08",
        "stop": "24:50.48",
        "speaker": "Tutor",
        "dialogue": "Does your mapying the same?"
    },
    {
        "start": "24:53.32",
        "stop": "25:28.28",
        "speaker": "Tutor",
        "dialogue": "No, How come it doesn't do want to keep it like it is, or do you want to make any revisions?"
    },
    {
        "start": "25:48.24",
        "stop": "26:00.68",
        "speaker": "Student",
        "dialogue": "Because, the because, the cros isce."
    },
    {
        "start": "26:02.64",
        "stop": "26:02.68",
        "speaker": "Tutor",
        "dialogue": "Of."
    },
    {
        "start": "26:02.96",
        "stop": "26:12.60",
        "speaker": "Student",
        "dialogue": "How they travel by the where to."
    },
    {
        "start": "26:12.76",
        "stop": "26:29.24",
        "speaker": "Tutor",
        "dialogue": "Go, Y, So the map has actually shown the path that they took, and the graph is telling us how much distance or how much time is changing along the journey?"
    },
    {
        "start": "26:31.08",
        "stop": "26:35.72",
        "speaker": "Tutor",
        "dialogue": "So from B to C, you said the distance stayed the same."
    },
    {
        "start": "26:36.80",
        "stop": "26:41.68",
        "speaker": "Tutor",
        "dialogue": "How could you show the distance staying the same on the map from B to?"
    },
    {
        "start": "26:41.84",
        "stop": "26:50.12",
        "speaker": "Student",
        "dialogue": "C, proly, they took eiry, stop."
    },
    {
        "start": "26:50.72",
        "stop": "26:50.96",
        "speaker": "Student",
        "dialogue": "Oh."
    },
    {
        "start": "26:55.20",
        "stop": "26:57.48",
        "speaker": "Tutor",
        "dialogue": "So if they stopped, how are you going to show that?"
    },
    {
        "start": "27:16.52",
        "stop": "27:17.92",
        "speaker": "Tutor",
        "dialogue": "Ah, that's a cool way of showing it."
    },
    {
        "start": "27:18.24",
        "stop": "27:20.36",
        "speaker": "Tutor",
        "dialogue": "So B and C are at the Sa."
    },
    {
        "start": "27:20.64",
        "stop": "27:23.84",
        "speaker": "Tutor",
        "dialogue": "same point, Because the car stopped."
    },
    {
        "start": "27:29.88",
        "stop": "27:37.24",
        "speaker": "Tutor",
        "dialogue": "We know how long they stopped for yeah or no."
    },
    {
        "start": "27:41.56",
        "stop": "27:42.64",
        "speaker": "Student",
        "dialogue": "For twenty minutes."
    },
    {
        "start": "27:43.08",
        "stop": "27:44.80",
        "speaker": "Tutor",
        "dialogue": "Yeah, they were stopped for thirty minutes."
    },
    {
        "start": "27:45.68",
        "stop": "27:52.16",
        "speaker": "Tutor",
        "dialogue": "Okay now from C to D. you can type."
    },
    {
        "start": "27:53.92",
        "stop": "27:55.52",
        "speaker": "Tutor",
        "dialogue": "I'll put a text box up here for you."
    },
    {
        "start": "27:56.56",
        "stop": "28:05.96",
        "speaker": "Tutor",
        "dialogue": "what's going on from C to D, and remember to use those purple power thinking words as you describe"
    },
    {
        "start": "28:06.04",
        "stop": "29:31.76",
        "speaker": "Tutor",
        "dialogue": "what's happening from C to D. Nice iright."
    },
    {
        "start": "29:31.84",
        "stop": "29:32.88",
        "speaker": "Tutor",
        "dialogue": "I'll resize it for you."
    },
    {
        "start": "29:34.24",
        "stop": "29:36.64",
        "speaker": "Tutor",
        "dialogue": "Tell, read it out a loud to me in your own words."
    },
    {
        "start": "29:40.08",
        "stop": "29:44.76",
        "speaker": "Student",
        "dialogue": "As the time off point seat increases, the discipline starts to increase."
    },
    {
        "start": "29:51.84",
        "stop": "29:56.72",
        "speaker": "Tutor",
        "dialogue": "Okay, so the time is the time increasing at point C?"
    },
    {
        "start": "29:58.16",
        "stop": "30:03.52",
        "speaker": "Tutor",
        "dialogue": "or is the time increasing from C to D, C to D?"
    },
    {
        "start": "30:04.12",
        "stop": "30:05.64",
        "speaker": "Tutor",
        "dialogue": "Okay, Do you want to?"
    },
    {
        "start": "30:05.84",
        "stop": "30:06.48",
        "speaker": "Tutor",
        "dialogue": "Yeah, There you go."
    },
    {
        "start": "30:06.68",
        "stop": "30:08.32",
        "speaker": "Tutor",
        "dialogue": "click on it and add more detail."
    },
    {
        "start": "30:40.20",
        "stop": "30:41.40",
        "speaker": "Tutor",
        "dialogue": "When you're finished typing."
    },
    {
        "start": "30:41.56",
        "stop": "30:46.40",
        "speaker": "Tutor",
        "dialogue": "click off of it and then I'll be able to see what you typed There Re cool."
    },
    {
        "start": "30:47.00",
        "stop": "30:59.08",
        "speaker": "Tutor",
        "dialogue": "Okay, So as the time of point C to D increases, the distance starts to increase, so the distance is also increasing from C to D. Do you know"
    },
    {
        "start": "31:00.04",
        "stop": "31:11.08",
        "speaker": "Tutor",
        "dialogue": "Like over here, you said that it increased by thirty minutes from B to C. Do you know how much time and how much distance has increased from C to?"
    },
    {
        "start": "31:11.24",
        "stop": "31:35.92",
        "speaker": "Student",
        "dialogue": "D, close to an hour."
    },
    {
        "start": "31:36.96",
        "stop": "31:41.08",
        "speaker": "Tutor",
        "dialogue": "Nice, so add more details to your text box."
    },
    {
        "start": "31:41.84",
        "stop": "31:44.04",
        "speaker": "Tutor",
        "dialogue": "How much is distance increasing?"
    },
    {
        "start": "31:44.60",
        "stop": "31:46.68",
        "speaker": "Tutor",
        "dialogue": "How much is time increasing?"
    },
    {
        "start": "31:47.16",
        "stop": "32:44.92",
        "speaker": "Tutor",
        "dialogue": "And it's okay to estimate it, and then when you' finished typing, click off of it again."
    },
    {
        "start": "33:16.84",
        "stop": "33:16.88",
        "speaker": "Student",
        "dialogue": "So?"
    },
    {
        "start": "33:17.08",
        "stop": "33:22.72",
        "speaker": "Tutor",
        "dialogue": "You're adding in how much has distance increased and how much has time increased."
    },
    {
        "start": "33:23.28",
        "stop": "33:25.44",
        "speaker": "Tutor",
        "dialogue": "When you're ready, click off of it and read it to."
    },
    {
        "start": "34:03.32",
        "stop": "34:05.00",
        "speaker": "Tutor",
        "dialogue": "Are you still thinking or are you ready?"
    },
    {
        "start": "34:13.88",
        "stop": "34:15.12",
        "speaker": "Tutor",
        "dialogue": "You're still writingkay."
    },
    {
        "start": "34:56.36",
        "stop": "34:56.60",
        "speaker": "Tutor",
        "dialogue": "nice."
    },
    {
        "start": "34:56.68",
        "stop": "34:58.20",
        "speaker": "Tutor",
        "dialogue": "When you're ready, you can read it outoud."
    },
    {
        "start": "35:01.72",
        "stop": "35:13.40",
        "speaker": "Student",
        "dialogue": "As the time increases, each minute slash hours to point C to D increases, the distance starts to increase from fifty miles to one hundred miles."
    },
    {
        "start": "35:14.08",
        "stop": "35:14.40",
        "speaker": "Tutor",
        "dialogue": "Nice."
    },
    {
        "start": "35:14.60",
        "stop": "35:27.96",
        "speaker": "Tutor",
        "dialogue": "okay, so from C to D, the car has increased fifty miles, or I should say the distance has increased fifty miles"
    },
    {
        "start": "35:29.08",
        "stop": "35:30.04",
        "speaker": "Tutor",
        "dialogue": "And the time."
    },
    {
        "start": "35:31.20",
        "stop": "35:32.76",
        "speaker": "Tutor",
        "dialogue": "how much time has increased"
    },
    {
        "start": "35:37.56",
        "stop": "35:40.28",
        "speaker": "Tutor",
        "dialogue": "With one hour about one hour."
    },
    {
        "start": "35:40.76",
        "stop": "35:40.92",
        "speaker": "Tutor",
        "dialogue": "Ok."
    },
    {
        "start": "35:42.76",
        "stop": "35:44.16",
        "speaker": "Tutor",
        "dialogue": "what about from D to E?"
    },
    {
        "start": "35:45.32",
        "stop": "35:45.72",
        "speaker": "Tutor",
        "dialogue": "How come"
    },
    {
        "start": "35:45.80",
        "stop": "35:47.04",
        "speaker": "Tutor",
        "dialogue": "it's a squiggly le?"
    },
    {
        "start": "36:11.52",
        "stop": "36:14.64",
        "speaker": "Student",
        "dialogue": "Probably they have to make a lot of stops."
    },
    {
        "start": "36:15.72",
        "stop": "36:17.48",
        "speaker": "Tutor",
        "dialogue": "Yeah, something different's going on there."
    },
    {
        "start": "36:17.64",
        "stop": "36:17.80",
        "speaker": "Tutor",
        "dialogue": "Huh?"
    },
    {
        "start": "36:18.96",
        "stop": "36:21.88",
        "speaker": "Tutor",
        "dialogue": "What is happening with distance from D to E?"
    },
    {
        "start": "36:23.04",
        "stop": "36:26.32",
        "speaker": "Tutor",
        "dialogue": "Is it increasing, decreasing or staying the same?"
    },
    {
        "start": "36:36.80",
        "stop": "36:37.76",
        "speaker": "Student",
        "dialogue": "Is increasing?"
    },
    {
        "start": "36:44.92",
        "stop": "36:48.56",
        "speaker": "Tutor",
        "dialogue": "Is it increasing the entire time from D to?"
    },
    {
        "start": "36:48.68",
        "stop": "36:58.28",
        "speaker": "Student",
        "dialogue": "E. no, it's also decreasing."
    },
    {
        "start": "37:01.84",
        "stop": "37:09.24",
        "speaker": "Tutor",
        "dialogue": "Yeah, there are points where the distance increases and then it stays the same or it increases."
    },
    {
        "start": "37:09.40",
        "stop": "37:10.56",
        "speaker": "Tutor",
        "dialogue": "Then it stys the same."
    },
    {
        "start": "37:11.40",
        "stop": "37:16.24",
        "speaker": "Tutor",
        "dialogue": "And so earlier you said that means they probably had to make a lot of stops."
    },
    {
        "start": "37:17.68",
        "stop": "37:19.92",
        "speaker": "Tutor",
        "dialogue": "Which, Yeah, that's exactly what's happening there."
    },
    {
        "start": "37:20.28",
        "stop": "37:23.24",
        "speaker": "Tutor",
        "dialogue": "The distance is increasing and then staying the same."
    },
    {
        "start": "37:23.64",
        "stop": "37:28.20",
        "speaker": "Tutor",
        "dialogue": "So they're going and then they're slowing down and then they're going and then they're slowing down."
    },
    {
        "start": "37:32.20",
        "stop": "37:33.24",
        "speaker": "Tutor",
        "dialogue": "What about this?"
    },
    {
        "start": "37:36.00",
        "stop": "37:46.84",
        "speaker": "Tutor",
        "dialogue": "How come from A to B, A cury, but a straight line."
    },
    {
        "start": "37:59.68",
        "stop": "38:00.44",
        "speaker": "Tutor",
        "dialogue": "Any ideas?"
    },
    {
        "start": "38:03.32",
        "stop": "38:31.48",
        "speaker": "Student",
        "dialogue": "Well, because the distance the time, because the road shows on the grass, it shows different ads, not showing the exact road, but this is showing the map."
    },
    {
        "start": "38:33.76",
        "stop": "38:39.28",
        "speaker": "Tutor",
        "dialogue": "So the map is showing the exact road, and what is the graph keeping track of then?"
    },
    {
        "start": "38:53.44",
        "stop": "38:54.72",
        "speaker": "Student",
        "dialogue": "The distance."
    },
    {
        "start": "38:57.68",
        "stop": "38:58.56",
        "speaker": "Tutor",
        "dialogue": "Just the distance."
    },
    {
        "start": "39:07.52",
        "stop": "39:09.08",
        "speaker": "Student",
        "dialogue": "The distance each hour."
    },
    {
        "start": "39:09.96",
        "stop": "39:14.04",
        "speaker": "Tutor",
        "dialogue": "Exactly yes, and that's when you started earlier to think about miles per hour."
    },
    {
        "start": "39:15.28",
        "stop": "39:23.92",
        "speaker": "Tutor",
        "dialogue": "So this blue line on the graph is keeping track of the relationship of distance and time."
    },
    {
        "start": "39:25.00",
        "stop": "39:33.04",
        "speaker": "Tutor",
        "dialogue": "or we could also say the relationship of miles per hour, And that's what graphs always do."
    },
    {
        "start": "39:33.96",
        "stop": "39:40.92",
        "speaker": "Tutor",
        "dialogue": "Graphs will always keep track of the relationship between these things that are changing."
    },
    {
        "start": "39:42.56",
        "stop": "39:49.36",
        "speaker": "Tutor",
        "dialogue": "So on one axis there is one thing that is changing on another axis."
    },
    {
        "start": "39:50.36",
        "stop": "39:59.60",
        "speaker": "Tutor",
        "dialogue": "another thing is changing, and in the middle is the picture of how these two things are changing together."
    },
    {
        "start": "40:00.52",
        "stop": "40:05.08",
        "speaker": "Tutor",
        "dialogue": "and here it happens to be the miles per hour that the car is going."
    },
    {
        "start": "40:06.84",
        "stop": "40:08.28",
        "speaker": "Tutor",
        "dialogue": "Whenever you look at a graph."
    },
    {
        "start": "40:08.92",
        "stop": "40:12.96",
        "speaker": "Tutor",
        "dialogue": "Challenge yourself to always think of these purple power words."
    },
    {
        "start": "40:13.56",
        "stop": "40:14.36",
        "speaker": "Tutor",
        "dialogue": "What's changing?"
    },
    {
        "start": "40:15.32",
        "stop": "40:18.36",
        "speaker": "Tutor",
        "dialogue": "is it increasing, decreasing or staying the same?"
    },
    {
        "start": "40:19.16",
        "stop": "40:20.52",
        "speaker": "Tutor",
        "dialogue": "What's changing over here?"
    },
    {
        "start": "40:21.28",
        "stop": "40:24.28",
        "speaker": "Tutor",
        "dialogue": "Is it increasing, decreasing or staying the same?"
    },
    {
        "start": "40:24.80",
        "stop": "40:30.36",
        "speaker": "Tutor",
        "dialogue": "And what's going on inside the graph is the relationship between these two things?"
    },
    {
        "start": "40:33.72",
        "stop": "40:51.16",
        "speaker": "Tutor",
        "dialogue": "O. So now you know that you are helping us out by being a Student and experiencing this computer platform and learning about math this way, So I would love to hear a little bit about your experience."
    },
    {
        "start": "40:52.48",
        "stop": "40:57.24",
        "speaker": "Tutor",
        "dialogue": "What is something you feel like you learned or are thinking differently about now?"
    },
    {
        "start": "41:01.00",
        "stop": "41:29.48",
        "speaker": "Student",
        "dialogue": "Well, I'm thinking differently about how I set up a map and to look to track, I, thinking."
    },
    {
        "start": "41:33.28",
        "stop": "41:34.32",
        "speaker": "Tutor",
        "dialogue": "What was the question?"
    },
    {
        "start": "41:34.52",
        "stop": "41:34.80",
        "speaker": "Student",
        "dialogue": "Again."
    },
    {
        "start": "41:35.44",
        "stop": "41:40.08",
        "speaker": "Tutor",
        "dialogue": "What is something you feel like you learned or are thinking differently about?"
    },
    {
        "start": "41:43.40",
        "stop": "41:54.64",
        "speaker": "Student",
        "dialogue": "Am thinking differently of how the the distance and the mouse are up, and map itself."
    },
    {
        "start": "41:55.80",
        "stop": "42:01.04",
        "speaker": "Tutor",
        "dialogue": "Ok, so the map and the graph are talking about the same situation?"
    },
    {
        "start": "42:02.04",
        "stop": "42:07.92",
        "speaker": "Tutor",
        "dialogue": "One is keeping track of one thing, the other is keeping track of another thing."
    },
    {
        "start": "42:10.76",
        "stop": "42:16.08",
        "speaker": "Tutor",
        "dialogue": "What was helpful for you or what are some things we should do differently to make it better?"
    },
    {
        "start": "42:20.36",
        "stop": "42:34.96",
        "speaker": "Student",
        "dialogue": "What was helpful for me was the the hours and the distance on the graph along with the notesk."
    },
    {
        "start": "42:35.24",
        "stop": "42:46.36",
        "speaker": "Tutor",
        "dialogue": "So it was helpful to make sense of what's going on in the graph by paying attention to what are the things that are changing and what are the units we're using"
    },
    {
        "start": "42:46.56",
        "stop": "42:56.80",
        "speaker": "Tutor",
        "dialogue": "to keep track of those things that are changing, Cool, a picture wool, a graph is always a picture that describes how things are changing."
    },
    {
        "start": "42:59.44",
        "stop": "43:01.20",
        "speaker": "Tutor",
        "dialogue": "Thank you for helping us out to-night"
    },
    {
        "start": "43:02.28",
        "stop": "43:05.00",
        "speaker": "Tutor",
        "dialogue": "I hope that you have a good evening and thanks for logging."
    },
    {
        "start": "43:05.08",
        "stop": "43:10.16",
        "speaker": "Student",
        "dialogue": "On ten eths now."
    },
    {
        "start": "43:10.64",
        "stop": "43:13.44",
        "speaker": "Tutor",
        "dialogue": "Good-by you can leave whenever you, you, too."
    },
    {
        "start": "43:13.60",
        "stop": "43:15.12",
        "speaker": "Tutor",
        "dialogue": "you can leave whenever you're ready."
    }
]