[
    {
        "start": "00:01.12",
        "stop": "00:09.88",
        "speaker": "Tutor",
        "dialogue": "Okay, so first we're if your chat box is open, you can close it so that your screen is bigger and you have more um space to work."
    },
    {
        "start": "00:09.96",
        "stop": "00:14.92",
        "speaker": "Tutor",
        "dialogue": "Since we'll be talking back and forth, then on the left hand side of your screen"
    },
    {
        "start": "00:15.20",
        "stop": "00:19.56",
        "speaker": "Tutor",
        "dialogue": "there are some tools we're going to go through how to use those and what they do."
    },
    {
        "start": "00:20.40",
        "stop": "00:24.40",
        "speaker": "Tutor",
        "dialogue": "And Um, if you have any questions, then you can feel free to ask"
    },
    {
        "start": "00:25.28",
        "stop": "00:27.12",
        "speaker": "Tutor",
        "dialogue": "The third button Down is a pencil."
    },
    {
        "start": "00:27.76",
        "stop": "00:36.76",
        "speaker": "Tutor",
        "dialogue": "When you click on the pencil up above, there is a size and a color box that opens up that you can change the color and size if you would like."
    },
    {
        "start": "00:37.64",
        "stop": "00:42.60",
        "speaker": "Tutor",
        "dialogue": "You can also click on the t if you want to insert text instead of drawing."
    },
    {
        "start": "00:43.68",
        "stop": "00:46.84",
        "speaker": "Tutor",
        "dialogue": "And then there is a unique way to erase."
    },
    {
        "start": "00:47.32",
        "stop": "01:09.12",
        "speaker": "Tutor",
        "dialogue": "So what we're going to do now is you practice drawing or typing something, and then we'll go through how to erase what you drew perfect."
    },
    {
        "start": "01:10.96",
        "stop": "01:12.00",
        "speaker": "Tutor",
        "dialogue": "Oh, you're right in something."
    },
    {
        "start": "01:12.04",
        "stop": "01:16.96",
        "speaker": "Tutor",
        "dialogue": "I shouldn't let you H to see the c. ah draw perfect."
    },
    {
        "start": "01:17.36",
        "stop": "01:31.36",
        "speaker": "Tutor",
        "dialogue": "Okay, So if you hit the trash can button, that erase has the entire screen and you don't want to do that, Because then we can't get your work back, but click on something that you want to erase, and the way you do that is use the top arrow select tool."
    },
    {
        "start": "01:32.52",
        "stop": "01:38.96",
        "speaker": "Tutor",
        "dialogue": "That way you can resize stuff once it's selected, or you can move it around when it's selected."
    },
    {
        "start": "01:39.88",
        "stop": "01:42.24",
        "speaker": "Tutor",
        "dialogue": "There is an arrow at the bottom with an x in it."
    },
    {
        "start": "01:42.88",
        "stop": "01:46.88",
        "speaker": "Tutor",
        "dialogue": "It will erase whatever you have selected and leave everything else still there."
    },
    {
        "start": "01:48.24",
        "stop": "01:48.64",
        "speaker": "Tutor",
        "dialogue": "Perfect."
    },
    {
        "start": "01:50.52",
        "stop": "01:51.76",
        "speaker": "Tutor",
        "dialogue": "Any questions about the tools?"
    },
    {
        "start": "01:54.16",
        "stop": "01:56.68",
        "speaker": "Tutor",
        "dialogue": "Ok, Then the next thing I'll explain is what it'll be like"
    },
    {
        "start": "01:56.76",
        "stop": "02:02.00",
        "speaker": "Tutor",
        "dialogue": "when we interact together, We'll be talking back and forth because I can't see your face"
    },
    {
        "start": "02:02.48",
        "stop": "02:06.36",
        "speaker": "Tutor",
        "dialogue": "if I ask you a question, And you want some time to think about it?"
    },
    {
        "start": "02:07.00",
        "stop": "02:11.60",
        "speaker": "Tutor",
        "dialogue": "Just verbalize that so that I don't interrupt your thinking by continuing to talk."
    },
    {
        "start": "02:12.08",
        "stop": "02:13.84",
        "speaker": "Tutor",
        "dialogue": "Ok, Oka like."
    },
    {
        "start": "02:14.08",
        "stop": "02:15.00",
        "speaker": "Tutor",
        "dialogue": "Oh, I'm not sure."
    },
    {
        "start": "02:15.48",
        "stop": "02:18.84",
        "speaker": "Tutor",
        "dialogue": "let me think about that and then I'll be quiet and give you some think time."
    },
    {
        "start": "02:20.80",
        "stop": "02:32.44",
        "speaker": "Tutor",
        "dialogue": "The other thing is, Um, the more you tell me about how you're thinking, the better that helps me understand how you're making sense of stuff, and I'll ask you lots of questions."
    },
    {
        "start": "02:32.72",
        "stop": "02:35.28",
        "speaker": "Tutor",
        "dialogue": "But that doesn't necessarily mean you got something wrong."
    },
    {
        "start": "02:35.44",
        "stop": "02:37.68",
        "speaker": "Tutor",
        "dialogue": "It just means I want to know more about how you're thinking."
    },
    {
        "start": "02:39.16",
        "stop": "02:42.20",
        "speaker": "Tutor",
        "dialogue": "All right, cool, cool, All right."
    },
    {
        "start": "02:42.36",
        "stop": "02:43.52",
        "speaker": "Tutor",
        "dialogue": "I'm going to change a screen."
    },
    {
        "start": "02:45.16",
        "stop": "02:47.20",
        "speaker": "Tutor",
        "dialogue": "Do you see something different on the screen now?"
    },
    {
        "start": "02:48.68",
        "stop": "02:49.20",
        "speaker": "Student",
        "dialogue": "Ah, yes."
    },
    {
        "start": "02:50.04",
        "stop": "02:56.16",
        "speaker": "Tutor",
        "dialogue": "Qu, so take a minute to read it and look it over, and then describe to me what you think is happening in this situation."
    },
    {
        "start": "03:03.68",
        "stop": "03:08.40",
        "speaker": "Student",
        "dialogue": "Um, it looks like a car took a journey from one place to another."
    },
    {
        "start": "03:09.28",
        "stop": "03:11.92",
        "speaker": "Tutor",
        "dialogue": "Where do you think the car started and where did it end?"
    },
    {
        "start": "03:14.44",
        "stop": "03:21.40",
        "speaker": "Student",
        "dialogue": "I believe it should have started in Providence, R. I to Newwark, New Jersey."
    },
    {
        "start": "03:21.88",
        "stop": "03:23.36",
        "speaker": "Tutor",
        "dialogue": "And do you see those places on the map?"
    },
    {
        "start": "03:24.56",
        "stop": "03:24.76",
        "speaker": "Student",
        "dialogue": "Ah."
    },
    {
        "start": "03:25.20",
        "stop": "03:30.56",
        "speaker": "Tutor",
        "dialogue": "Yeah, what are some things that you think we could measure in this situation?"
    },
    {
        "start": "03:34.32",
        "stop": "03:36.32",
        "speaker": "Student",
        "dialogue": "The amount of miles traveled."
    },
    {
        "start": "03:37.88",
        "stop": "03:41.88",
        "speaker": "Tutor",
        "dialogue": "And what would we be trying to keep track of if we were measuring the amount of miles?"
    },
    {
        "start": "03:43.68",
        "stop": "03:44.60",
        "speaker": "Student",
        "dialogue": "The amount of gas?"
    },
    {
        "start": "03:45.96",
        "stop": "03:48.88",
        "speaker": "Tutor",
        "dialogue": "So we could be thinking about the miles traveled or gas."
    },
    {
        "start": "03:49.84",
        "stop": "03:51.40",
        "speaker": "Tutor",
        "dialogue": "What other things could we measure?"
    },
    {
        "start": "04:13.44",
        "stop": "04:14.84",
        "speaker": "Student",
        "dialogue": "I'm not quite sure."
    },
    {
        "start": "04:15.40",
        "stop": "04:19.12",
        "speaker": "Tutor",
        "dialogue": "Beautiful, and that's the sort of things that are important for you to communicate."
    },
    {
        "start": "04:19.68",
        "stop": "04:22.80",
        "speaker": "Tutor",
        "dialogue": "I'm not sure yet or that's all I can think of right now, or I don't know."
    },
    {
        "start": "04:23.52",
        "stop": "04:25.72",
        "speaker": "Tutor",
        "dialogue": "Totally cool to say all of those things Okay."
    },
    {
        "start": "04:27.60",
        "stop": "04:35.44",
        "speaker": "Tutor",
        "dialogue": "All right, so I'm going to uncover something now and you tell me how you think it is similar or different to what you were thinking about."
    },
    {
        "start": "04:38.44",
        "stop": "04:38.56",
        "speaker": "Student",
        "dialogue": "Um."
    },
    {
        "start": "04:41.56",
        "stop": "04:45.16",
        "speaker": "Student",
        "dialogue": "I, I guess I guess"
    },
    {
        "start": "04:45.28",
        "stop": "04:51.72",
        "speaker": "Student",
        "dialogue": "it's describing like how the the distance traveleed"
    },
    {
        "start": "04:52.08",
        "stop": "04:56.64",
        "speaker": "Student",
        "dialogue": "corlate correlates to the amount of hours passed, so I guess Um."
    },
    {
        "start": "04:58.08",
        "stop": "04:58.48",
        "speaker": "Student",
        "dialogue": "I guess"
    },
    {
        "start": "04:58.72",
        "stop": "05:08.28",
        "speaker": "Student",
        "dialogue": "it's I guess hours could also be measured to measure maybe the speed of the car journey."
    },
    {
        "start": "05:09.80",
        "stop": "05:11.52",
        "speaker": "Tutor",
        "dialogue": "Interesting, do you see speed on?"
    },
    {
        "start": "05:11.68",
        "stop": "05:27.40",
        "speaker": "Student",
        "dialogue": "This, uh, no, but um, I do know that speed is N is measured in miles per hour, So you, you can kind of deduce the speed from the graph."
    },
    {
        "start": "05:28.36",
        "stop": "05:41.80",
        "speaker": "Tutor",
        "dialogue": "Ah, so you're saying that you don't see speed represented on the graph anywhere right now as it is, But you think there's enough information to figure out the speed because you know the miles and you know the hours?"
    },
    {
        "start": "05:45.16",
        "stop": "05:51.12",
        "speaker": "Student",
        "dialogue": "Yes, but it's not really a linear graph, I think."
    },
    {
        "start": "05:54.08",
        "stop": "05:55.56",
        "speaker": "Tutor",
        "dialogue": "So what is this graph showing?"
    },
    {
        "start": "05:55.60",
        "stop": "05:57.04",
        "speaker": "Tutor",
        "dialogue": "Then what does that blue line mean?"
    },
    {
        "start": "05:57.28",
        "stop": "05:58.40",
        "speaker": "Tutor",
        "dialogue": "What's it keeping track?"
    },
    {
        "start": "05:58.48",
        "stop": "06:00.84",
        "speaker": "Student",
        "dialogue": "Of it's keeping track."
    },
    {
        "start": "06:01.00",
        "stop": "06:02.40",
        "speaker": "Tutor",
        "dialogue": "Of how?"
    },
    {
        "start": "06:04.92",
        "stop": "06:14.84",
        "speaker": "Student",
        "dialogue": "It's keep kind of keeping track of how many miles the car has gone, Um, based on the different hourly intervals."
    },
    {
        "start": "06:16.12",
        "stop": "06:16.84",
        "speaker": "Tutor",
        "dialogue": "K, So"
    },
    {
        "start": "06:17.12",
        "stop": "06:19.00",
        "speaker": "Tutor",
        "dialogue": "where do you see the graph?"
    },
    {
        "start": "06:19.16",
        "stop": "06:20.40",
        "speaker": "Tutor",
        "dialogue": "keeping track of distance?"
    },
    {
        "start": "06:22.60",
        "stop": "06:24.48",
        "speaker": "Student",
        "dialogue": "On the waxies."
    },
    {
        "start": "06:25.00",
        "stop": "06:26.04",
        "speaker": "Tutor",
        "dialogue": "Show me with your arrow."
    },
    {
        "start": "06:26.12",
        "stop": "06:27.84",
        "speaker": "Tutor",
        "dialogue": "I can see your arrow when you move it, too."
    },
    {
        "start": "06:29.32",
        "stop": "06:30.48",
        "speaker": "Student",
        "dialogue": "Wch, here, okay?"
    },
    {
        "start": "06:31.04",
        "stop": "06:38.88",
        "speaker": "Tutor",
        "dialogue": "So this is showing how the distance is changing and we can keep track of the distance in miles?"
    },
    {
        "start": "06:40.60",
        "stop": "06:44.56",
        "speaker": "Tutor",
        "dialogue": "Yes, all right, Where do you see time or hours?"
    },
    {
        "start": "06:46.04",
        "stop": "06:47.36",
        "speaker": "Student",
        "dialogue": "On the X axis."
    },
    {
        "start": "06:49.04",
        "stop": "06:56.80",
        "speaker": "Tutor",
        "dialogue": "Can you use the graph and the map to describe what's happening during each stage of the journey?"
    },
    {
        "start": "07:00.04",
        "stop": "07:34.72",
        "speaker": "Student",
        "dialogue": "So, um, the stages can be described as in hours, I suppose, and so f, um, after one hour, Um it, it seems like the car has traveled fifty miles, so I, so um, if you see the car ourning like on the map, you can the news that Um, the car has travele fifty miles on this um route, And so itd probably be somewhere here."
    },
    {
        "start": "07:35.72",
        "stop": "07:36.60",
        "speaker": "Tutor",
        "dialogue": "So keep doing."
    },
    {
        "start": "07:36.72",
        "stop": "07:42.32",
        "speaker": "Tutor",
        "dialogue": "I're talking when you're pointed like that, That's awesome and you can label your points as well if you want while you're talking."
    },
    {
        "start": "07:42.96",
        "stop": "08:27.96",
        "speaker": "Student",
        "dialogue": "Okay, Um, and in the second hour it seems like the car has traveled approximately eighty miles, so I, I suppose the car has traveled to about this point, and in the third hour it seems like the car has traveled to a h. A a hundred twenty miles, so I would assume this point, Andu, and then on the fourth hour I it, it traveled a hundred fifty miles, so I would assume that it's at like near the end of the of the route."
    },
    {
        "start": "08:30.72",
        "stop": "08:34.12",
        "speaker": "Tutor",
        "dialogue": "How come you said it's not linear?"
    },
    {
        "start": "08:34.76",
        "stop": "08:37.28",
        "speaker": "Tutor",
        "dialogue": "Are you referring to that blue line is not linear."
    },
    {
        "start": "08:38.24",
        "stop": "08:38.92",
        "speaker": "Student",
        "dialogue": "A yes."
    },
    {
        "start": "08:39.32",
        "stop": "08:43.28",
        "speaker": "Tutor",
        "dialogue": "How come it's not what is what's going on with that blue line then?"
    },
    {
        "start": "08:43.92",
        "stop": "08:48.56",
        "speaker": "Student",
        "dialogue": "It seems to be changing in a nonconstant way."
    },
    {
        "start": "08:48.76",
        "stop": "08:51.16",
        "speaker": "Student",
        "dialogue": "I suppose that's how you would say it's"
    },
    {
        "start": "08:51.52",
        "stop": "09:12.12",
        "speaker": "Student",
        "dialogue": "It's just not straight and I don't believe you can really like determine a constant speed because like, for instance, um, in, like, In one hour, it just goes the agonally, but then in like one and a half hours, it just doesn't really change at all."
    },
    {
        "start": "09:12.36",
        "stop": "09:22.76",
        "speaker": "Student",
        "dialogue": "And then so I'm assuming that like the car is just stopping for maybe a break, and you can't really determine the constant rate of the car."
    },
    {
        "start": "09:26.00",
        "stop": "09:31.32",
        "speaker": "Tutor",
        "dialogue": "But could we determine the constant rate of that the car is travelling from A to?"
    },
    {
        "start": "09:31.44",
        "stop": "09:47.72",
        "speaker": "Student",
        "dialogue": "B, guess."
    },
    {
        "start": "09:47.76",
        "stop": "09:56.44",
        "speaker": "Tutor",
        "dialogue": "It, Ok, cool thinking."
    },
    {
        "start": "09:57.00",
        "stop": "09:58.68",
        "speaker": "Tutor",
        "dialogue": "Let's go back to what you were talking."
    },
    {
        "start": "09:58.88",
        "stop": "10:06.76",
        "speaker": "Tutor",
        "dialogue": "You said some really cool things and then I'd like to see where those points would be on the map, so go ahead and label, where would point A be located?"
    },
    {
        "start": "10:07.16",
        "stop": "10:09.56",
        "speaker": "Tutor",
        "dialogue": "Where would point B be located, And so."
    },
    {
        "start": "10:09.72",
        "stop": "10:25.04",
        "speaker": "Student",
        "dialogue": "On okay, so um, since um, I think the car journey ended at like a hundred fifty miles and since in the first hour they, it went."
    },
    {
        "start": "10:25.72",
        "stop": "10:28.96",
        "speaker": "Student",
        "dialogue": "Um, it went to fifty miles."
    },
    {
        "start": "10:29.24",
        "stop": "10:33.80",
        "speaker": "Student",
        "dialogue": "I would kind of assume that it would be a third of the way there."
    },
    {
        "start": "10:34.76",
        "stop": "10:49.16",
        "speaker": "Student",
        "dialogue": "so it would be approximately here for the first hour, and for the second hour, since it's like eighty eighty, it went eighty miles."
    },
    {
        "start": "10:49.32",
        "stop": "10:56.52",
        "speaker": "Student",
        "dialogue": "I would also assume that it's now half way throughout the journey, so maybe here for the second point."
    },
    {
        "start": "10:56.92",
        "stop": "10:59.52",
        "speaker": "Tutor",
        "dialogue": "Okay, is this point this first one that you labeled?"
    },
    {
        "start": "10:59.64",
        "stop": "11:03.08",
        "speaker": "Tutor",
        "dialogue": "Is this point a point B, point?"
    },
    {
        "start": "11:03.20",
        "stop": "11:20.00",
        "speaker": "Student",
        "dialogue": "C. Oh, this is point A. And so I suppose this would be point B. And in the third hour I think they traveled a hundred."
    },
    {
        "start": "11:20.40",
        "stop": "11:27.64",
        "speaker": "Student",
        "dialogue": "Yeah, they traveled about a hundred twenty miles so it would be really close to ending."
    },
    {
        "start": "11:27.76",
        "stop": "11:40.44",
        "speaker": "Student",
        "dialogue": "I suppose like, maybe here and then I. they ended the journey at four hours, so I suppose um that this wouldt."
    },
    {
        "start": "11:48.36",
        "stop": "11:50.24",
        "speaker": "Tutor",
        "dialogue": "Where does this journey start?"
    },
    {
        "start": "11:53.48",
        "stop": "12:02.44",
        "speaker": "Student",
        "dialogue": "Um, right, I, I was thinking that maybe I made a mistake because I should have started at the zero"
    },
    {
        "start": "12:03.04",
        "stop": "12:03.84",
        "speaker": "Student",
        "dialogue": "Because it start."
    },
    {
        "start": "12:04.00",
        "stop": "12:05.32",
        "speaker": "Student",
        "dialogue": "The graph starts from zero."
    },
    {
        "start": "12:05.64",
        "stop": "12:10.12",
        "speaker": "Student",
        "dialogue": "So Um, I think the fu P should be here."
    },
    {
        "start": "12:10.32",
        "stop": "12:12.96",
        "speaker": "Tutor",
        "dialogue": "Ah, so you want to change your mind and revise your work?"
    },
    {
        "start": "12:14.44",
        "stop": "12:18.48",
        "speaker": "Tutor",
        "dialogue": "Yes, do you get to revise your thinking and revise your work in math?"
    },
    {
        "start": "12:19.68",
        "stop": "12:21.28",
        "speaker": "Student",
        "dialogue": "Oh, I think so."
    },
    {
        "start": "12:21.84",
        "stop": "12:25.68",
        "speaker": "Tutor",
        "dialogue": "Absolutely, and I don't even know if it can be described as a mistake"
    },
    {
        "start": "12:25.76",
        "stop": "12:26.24",
        "speaker": "Tutor",
        "dialogue": "All the time."
    },
    {
        "start": "12:26.60",
        "stop": "12:30.24",
        "speaker": "Tutor",
        "dialogue": "I think it's a. Ah, I tried this, and now I'm changing my mind."
    },
    {
        "start": "12:30.68",
        "stop": "12:32.32",
        "speaker": "Tutor",
        "dialogue": "I actually think it might go here."
    },
    {
        "start": "12:32.92",
        "stop": "12:36.80",
        "speaker": "Tutor",
        "dialogue": "We get to change our mind whenever we're revising our writing or whenever"
    },
    {
        "start": "12:36.84",
        "stop": "12:38.80",
        "speaker": "Tutor",
        "dialogue": "we're creating something in art class."
    },
    {
        "start": "12:39.32",
        "stop": "12:41.20",
        "speaker": "Tutor",
        "dialogue": "we get to change and revise all the time."
    },
    {
        "start": "12:41.60",
        "stop": "12:42.84",
        "speaker": "Tutor",
        "dialogue": "You get to do that in math."
    },
    {
        "start": "12:43.08",
        "stop": "12:49.76",
        "speaker": "Tutor",
        "dialogue": "Also, So you said, I think A is here at first, and then you're like Ah, Actually, I want to change my mind."
    },
    {
        "start": "12:49.88",
        "stop": "12:52.76",
        "speaker": "Tutor",
        "dialogue": "I want to revise my work, so go ahead and revise it."
    },
    {
        "start": "12:52.88",
        "stop": "12:53.56",
        "speaker": "Tutor",
        "dialogue": "That's beautiful."
    },
    {
        "start": "13:32.76",
        "stop": "13:37.92",
        "speaker": "Student",
        "dialogue": "And so I'm thinking of making a new point, and that lost point would be."
    },
    {
        "start": "13:38.08",
        "stop": "13:42.96",
        "speaker": "Tutor",
        "dialogue": "E, excellent job of saying you're thinking out loud."
    },
    {
        "start": "13:43.24",
        "stop": "13:43.92",
        "speaker": "Tutor",
        "dialogue": "That's awesome."
    },
    {
        "start": "13:46.04",
        "stop": "13:48.28",
        "speaker": "Tutor",
        "dialogue": "Okay, I'm writing a couple of words."
    },
    {
        "start": "13:48.36",
        "stop": "13:49.12",
        "speaker": "Tutor",
        "dialogue": "Then I'm going to ask you."
    },
    {
        "start": "13:49.44",
        "stop": "13:49.68",
        "speaker": "Tutor",
        "dialogue": "Oh, wait."
    },
    {
        "start": "13:49.76",
        "stop": "13:50.52",
        "speaker": "Tutor",
        "dialogue": "you got E. Do you have?"
    },
    {
        "start": "13:50.64",
        "stop": "13:58.32",
        "speaker": "Student",
        "dialogue": "F, um, No, the, I think it's like there's only five points because there are five."
    },
    {
        "start": "13:58.96",
        "stop": "14:01.32",
        "speaker": "Student",
        "dialogue": "um, I think units on the X axes."
    },
    {
        "start": "14:03.24",
        "stop": "14:05.56",
        "speaker": "Tutor",
        "dialogue": "So what do you think point F represents then?"
    },
    {
        "start": "14:07.08",
        "stop": "14:09.56",
        "speaker": "Student",
        "dialogue": "Um, the end of the journey, Ok?"
    },
    {
        "start": "14:10.24",
        "stop": "14:14.80",
        "speaker": "Tutor",
        "dialogue": "And from what we know about the map and the situation, where does the journey end?"
    },
    {
        "start": "14:16.76",
        "stop": "14:17.44",
        "speaker": "Student",
        "dialogue": "At Ne."
    },
    {
        "start": "14:17.96",
        "stop": "14:19.36",
        "speaker": "Student",
        "dialogue": "Newark, New Jersey."
    },
    {
        "start": "14:19.80",
        "stop": "14:24.60",
        "speaker": "Tutor",
        "dialogue": "K, So how could you represent the ending of the journey in Newwark with?"
    },
    {
        "start": "14:24.76",
        "stop": "14:36.00",
        "speaker": "Student",
        "dialogue": "A, how would I be able to represent the ending of a point?"
    },
    {
        "start": "14:37.04",
        "stop": "14:39.64",
        "speaker": "Tutor",
        "dialogue": "Yeah, you said that the journey ends in Newark."
    },
    {
        "start": "14:40.68",
        "stop": "14:52.64",
        "speaker": "Tutor",
        "dialogue": "Yes, and then you also said that the graph ends at point F. So where would point F B located on the map?"
    },
    {
        "start": "14:58.80",
        "stop": "14:59.76",
        "speaker": "Student",
        "dialogue": "Oh, oh, we."
    },
    {
        "start": "14:59.96",
        "stop": "15:04.36",
        "speaker": "Student",
        "dialogue": "I supposed to graph the letters on the graph."
    },
    {
        "start": "15:05.40",
        "stop": "15:06.52",
        "speaker": "Tutor",
        "dialogue": "On the graph or the map?"
    },
    {
        "start": "15:07.72",
        "stop": "15:08.40",
        "speaker": "Student",
        "dialogue": "On the graph."
    },
    {
        "start": "15:08.96",
        "stop": "15:09.80",
        "speaker": "Tutor",
        "dialogue": "Nope, on the map."
    },
    {
        "start": "15:10.56",
        "stop": "15:11.32",
        "speaker": "Tutor",
        "dialogue": "So there no."
    },
    {
        "start": "15:11.56",
        "stop": "15:14.92",
        "speaker": "Student",
        "dialogue": "No, like you know Um, the letters that are on the graph."
    },
    {
        "start": "15:15.12",
        "stop": "15:23.08",
        "speaker": "Student",
        "dialogue": "W. Was I supposed to mark Um, like specific points corresponding to the Um points on the graph?"
    },
    {
        "start": "15:23.40",
        "stop": "15:24.68",
        "speaker": "Tutor",
        "dialogue": "Yes, good clarification."
    },
    {
        "start": "15:24.80",
        "stop": "15:25.00",
        "speaker": "Tutor",
        "dialogue": "Oh"
    },
    {
        "start": "15:25.12",
        "stop": "15:27.20",
        "speaker": "Tutor",
        "dialogue": "yes, where do you see these points?"
    },
    {
        "start": "15:28.04",
        "stop": "15:29.72",
        "speaker": "Tutor",
        "dialogue": "Where do you think they would be on the map?"
    },
    {
        "start": "15:30.72",
        "stop": "15:32.36",
        "speaker": "Student",
        "dialogue": "Oh, um, I didn't see them."
    },
    {
        "start": "15:32.40",
        "stop": "15:33.72",
        "speaker": "Student",
        "dialogue": "Can I revise my answer?"
    },
    {
        "start": "15:33.96",
        "stop": "15:34.16",
        "speaker": "Student",
        "dialogue": "Oh."
    },
    {
        "start": "15:34.28",
        "stop": "15:36.44",
        "speaker": "Tutor",
        "dialogue": "Yes, beautiful way of describing that, too."
    },
    {
        "start": "15:36.52",
        "stop": "15:37.96",
        "speaker": "Tutor",
        "dialogue": "You're going to revise your work."
    },
    {
        "start": "15:38.16",
        "stop": "15:51.44",
        "speaker": "Tutor",
        "dialogue": "Go for it three."
    },
    {
        "start": "16:56.88",
        "stop": "17:26.88",
        "speaker": "Student",
        "dialogue": "Eight and I'm do'e revising my work."
    },
    {
        "start": "17:27.36",
        "stop": "17:28.32",
        "speaker": "Tutor",
        "dialogue": "Okay, cool."
    },
    {
        "start": "17:28.88",
        "stop": "17:38.48",
        "speaker": "Tutor",
        "dialogue": "So now using these purple words and I'm going to underline these things that we're keeping track of you."
    },
    {
        "start": "17:39.28",
        "stop": "17:56.32",
        "speaker": "Tutor",
        "dialogue": "You've been thinking about distance in units of miles and time in units of hours, and then you've been thinking about different sections of the graph and you've labeled them over here on the map using these purple words."
    },
    {
        "start": "17:57.80",
        "stop": "18:02.32",
        "speaker": "Tutor",
        "dialogue": "Explain to me why you put the point B where you did."
    },
    {
        "start": "18:07.20",
        "stop": "18:14.64",
        "speaker": "Student",
        "dialogue": "I put the point B or where it is, because Um, the distance from a point"
    },
    {
        "start": "18:14.76",
        "stop": "18:23.00",
        "speaker": "Student",
        "dialogue": "A after one hour is increased to about Fi, fifty miles and increasing."
    },
    {
        "start": "18:23.16",
        "stop": "18:28.76",
        "speaker": "Student",
        "dialogue": "so I. I put point B where it is because Um, it's"
    },
    {
        "start": "18:28.96",
        "stop": "18:38.24",
        "speaker": "Student",
        "dialogue": "It should be further along the journey than point A, so it should be Um, kind of uh, nearer to the final destination."
    },
    {
        "start": "18:38.64",
        "stop": "18:47.84",
        "speaker": "Student",
        "dialogue": "and since the whole trip I is about one hundred fifty miles, I put it a one-third of the way on to the final point."
    },
    {
        "start": "18:48.36",
        "stop": "18:52.40",
        "speaker": "Tutor",
        "dialogue": "Akright, So you've been paying attention to distance and how distance is increasing?"
    },
    {
        "start": "18:53.12",
        "stop": "18:53.60",
        "speaker": "Tutor",
        "dialogue": "Very cool."
    },
    {
        "start": "18:54.36",
        "stop": "18:58.28",
        "speaker": "Tutor",
        "dialogue": "How what's going on with time from A to?"
    },
    {
        "start": "18:58.40",
        "stop": "19:05.16",
        "speaker": "Student",
        "dialogue": "B, it's It's increased by one houry."
    },
    {
        "start": "19:06.72",
        "stop": "19:13.40",
        "speaker": "Tutor",
        "dialogue": "So I can make sure I keep track of your thinking and time is increasing by one hour."
    },
    {
        "start": "19:15.60",
        "stop": "19:18.40",
        "speaker": "Tutor",
        "dialogue": "Okay, did I capture what you were thinking from A to?"
    },
    {
        "start": "19:18.48",
        "stop": "19:20.04",
        "speaker": "Student",
        "dialogue": "B, yes."
    },
    {
        "start": "19:24.88",
        "stop": "19:27.48",
        "speaker": "Tutor",
        "dialogue": "You earlier said something about constant."
    },
    {
        "start": "19:28.28",
        "stop": "19:30.80",
        "speaker": "Tutor",
        "dialogue": "Is anything staying constant from A to?"
    },
    {
        "start": "19:30.92",
        "stop": "19:43.20",
        "speaker": "Student",
        "dialogue": "B, um, yes, um, it seems like Um, the the speed in which Um, it seems like the amount of miles."
    },
    {
        "start": "19:44.08",
        "stop": "19:51.40",
        "speaker": "Student",
        "dialogue": "Um, that is incre, is increasing constantly within the one hour, because on the graph it's the line."
    },
    {
        "start": "19:51.84",
        "stop": "19:57.00",
        "speaker": "Student",
        "dialogue": "The line from zero to one hour is straight, and so Um."
    },
    {
        "start": "19:57.92",
        "stop": "20:02.80",
        "speaker": "Student",
        "dialogue": "the. I suppose the speed of the car within this hour was constant."
    },
    {
        "start": "20:03.68",
        "stop": "20:05.36",
        "speaker": "Tutor",
        "dialogue": "Ah, you suppose it is?"
    },
    {
        "start": "20:05.56",
        "stop": "20:05.96",
        "speaker": "Tutor",
        "dialogue": "Is that like?"
    },
    {
        "start": "20:06.12",
        "stop": "20:10.60",
        "speaker": "Tutor",
        "dialogue": "I'm not sure the speed is constant, Or yes, I know the speed is constant."
    },
    {
        "start": "20:12.80",
        "stop": "20:14.44",
        "speaker": "Student",
        "dialogue": "I know the speed is constant."
    },
    {
        "start": "20:15.80",
        "stop": "20:36.72",
        "speaker": "Tutor",
        "dialogue": "I'm going to add that to your thinking ofu here, and the speed is constant, so that means that the miles and hours are changing at the same rate from A to B, and that relationship of miles to ours is what we think of as speed."
    },
    {
        "start": "20:38.20",
        "stop": "20:40.92",
        "speaker": "Tutor",
        "dialogue": "And so you're saying, the speed is constant from a tob."
    },
    {
        "start": "20:41.32",
        "stop": "20:46.16",
        "speaker": "Tutor",
        "dialogue": "The car is travelling at a constant speed from this section of the journey."
    },
    {
        "start": "20:47.20",
        "stop": "20:48.04",
        "speaker": "Tutor",
        "dialogue": "Is that what you're saying?"
    },
    {
        "start": "20:49.16",
        "stop": "20:50.32",
        "speaker": "Tutor",
        "dialogue": "Yes, cool."
    },
    {
        "start": "20:51.04",
        "stop": "20:52.04",
        "speaker": "Tutor",
        "dialogue": "So how come"
    },
    {
        "start": "20:53.04",
        "stop": "20:53.20",
        "speaker": "Tutor",
        "dialogue": "Wen?"
    },
    {
        "start": "20:53.28",
        "stop": "20:54.32",
        "speaker": "Tutor",
        "dialogue": "I use a different color."
    },
    {
        "start": "20:55.48",
        "stop": "20:56.52",
        "speaker": "Tutor",
        "dialogue": "How come on the map?"
    },
    {
        "start": "20:57.96",
        "stop": "21:01.76",
        "speaker": "Tutor",
        "dialogue": "it's a curvey line from Aab, and on the graph"
    },
    {
        "start": "21:01.96",
        "stop": "21:03.48",
        "speaker": "Tutor",
        "dialogue": "it's a straight line from Aab."
    },
    {
        "start": "21:05.80",
        "stop": "21:08.20",
        "speaker": "Student",
        "dialogue": "Well, the map is to show the."
    },
    {
        "start": "21:08.88",
        "stop": "21:22.32",
        "speaker": "Student",
        "dialogue": "I suppose a visual display of the journey, but I guess the graph is for a kind of a statistical analysis of the of the journey."
    },
    {
        "start": "21:22.64",
        "stop": "21:23.44",
        "speaker": "Student",
        "dialogue": "Because Um."
    },
    {
        "start": "21:23.68",
        "stop": "21:25.16",
        "speaker": "Student",
        "dialogue": "the graph is measuring."
    },
    {
        "start": "21:25.40",
        "stop": "21:41.00",
        "speaker": "Student",
        "dialogue": "It's really displaying the distance, but I think I, I mean the uh, wait, no, Um, while the map is displaying how the journey looks like, Not really much about the distance."
    },
    {
        "start": "21:41.76",
        "stop": "21:42.00",
        "speaker": "Student",
        "dialogue": "Ah."
    },
    {
        "start": "21:42.64",
        "stop": "21:46.64",
        "speaker": "Tutor",
        "dialogue": "So the map is showing like the actual curves and turns of the road."
    },
    {
        "start": "21:47.84",
        "stop": "21:55.04",
        "speaker": "Tutor",
        "dialogue": "but the graph is showing the relationship of how distance and how time are changing."
    },
    {
        "start": "21:57.68",
        "stop": "21:58.04",
        "speaker": "Tutor",
        "dialogue": "Cool."
    },
    {
        "start": "21:58.80",
        "stop": "22:03.12",
        "speaker": "Tutor",
        "dialogue": "Ok, so do you know how fast the car is going from A to B?"
    },
    {
        "start": "22:03.80",
        "stop": "22:07.48",
        "speaker": "Tutor",
        "dialogue": "Would you be able to say what the speed is, or you just have enough information to say"
    },
    {
        "start": "22:07.52",
        "stop": "22:08.52",
        "speaker": "Tutor",
        "dialogue": "it's a constant speed?"
    },
    {
        "start": "22:11.20",
        "stop": "22:29.16",
        "speaker": "Student",
        "dialogue": "I, I think it would be fifty miles per hour in this um part, but in terms of minuits, I suppose it would be five over six miles per minute."
    },
    {
        "start": "22:30.28",
        "stop": "22:32.48",
        "speaker": "Tutor",
        "dialogue": "And you can express it in miles per hour."
    },
    {
        "start": "22:32.64",
        "stop": "22:33.04",
        "speaker": "Tutor",
        "dialogue": "That's fine."
    },
    {
        "start": "22:33.16",
        "stop": "22:35.36",
        "speaker": "Tutor",
        "dialogue": "You don't have to have to change it to minutes."
    },
    {
        "start": "22:37.08",
        "stop": "22:43.52",
        "speaker": "Tutor",
        "dialogue": "Okay, so you're saying the car from A to B is travelling at a constant speed of fifty miles an hour."
    },
    {
        "start": "22:44.24",
        "stop": "22:45.72",
        "speaker": "Tutor",
        "dialogue": "That entire section of the journey."
    },
    {
        "start": "22:47.24",
        "stop": "22:57.24",
        "speaker": "Tutor",
        "dialogue": "Yes, okay, I'll revise it up here by one hour, and the speed is a constant and the speed is constant at fifty miles per hour."
    },
    {
        "start": "22:59.44",
        "stop": "23:01.28",
        "speaker": "Tutor",
        "dialogue": "Es cool."
    },
    {
        "start": "23:01.68",
        "stop": "23:04.84",
        "speaker": "Tutor",
        "dialogue": "So then that means I think we need to add another purple word."
    },
    {
        "start": "23:05.32",
        "stop": "23:08.80",
        "speaker": "Tutor",
        "dialogue": "You're also saying that speed is something"
    },
    {
        "start": "23:10.96",
        "stop": "23:11.52",
        "speaker": "Tutor",
        "dialogue": "I don't like that"
    },
    {
        "start": "23:11.96",
        "stop": "23:13.40",
        "speaker": "Tutor",
        "dialogue": "My mouse isn't working so good."
    },
    {
        "start": "23:17.92",
        "stop": "23:20.28",
        "speaker": "Tutor",
        "dialogue": "Let me type it so Speed."
    },
    {
        "start": "23:20.40",
        "stop": "23:25.64",
        "speaker": "Tutor",
        "dialogue": "And what units do we keep track of speed in Mi?"
    },
    {
        "start": "23:26.92",
        "stop": "23:28.80",
        "speaker": "Tutor",
        "dialogue": "I thought we keep track of distance in miles."
    },
    {
        "start": "23:28.88",
        "stop": "23:31.60",
        "speaker": "Tutor",
        "dialogue": "Can we keep track of distance and speed in miles?"
    },
    {
        "start": "23:34.72",
        "stop": "23:36.00",
        "speaker": "Student",
        "dialogue": "Miles it per hour."
    },
    {
        "start": "23:36.56",
        "stop": "23:38.48",
        "speaker": "Tutor",
        "dialogue": "Ah, so speed is a different unit?"
    },
    {
        "start": "23:38.88",
        "stop": "23:39.20",
        "speaker": "Tutor",
        "dialogue": "It's my."
    },
    {
        "start": "23:39.44",
        "stop": "23:41.84",
        "speaker": "Tutor",
        "dialogue": "It's the relationship of miles per hour."
    },
    {
        "start": "23:44.20",
        "stop": "23:46.24",
        "speaker": "Tutor",
        "dialogue": "Yes, let me write this here."
    },
    {
        "start": "23:47.88",
        "stop": "23:49.76",
        "speaker": "Tutor",
        "dialogue": "All right, So we got some more purple powerwords."
    },
    {
        "start": "23:49.80",
        "stop": "23:52.00",
        "speaker": "Tutor",
        "dialogue": "He to think with cool."
    },
    {
        "start": "23:52.40",
        "stop": "23:52.96",
        "speaker": "Tutor",
        "dialogue": "Keep going."
    },
    {
        "start": "23:53.32",
        "stop": "23:56.64",
        "speaker": "Tutor",
        "dialogue": "Tell me what's going on from B to C. What's increasing?"
    },
    {
        "start": "23:56.84",
        "stop": "23:58.96",
        "speaker": "Tutor",
        "dialogue": "what's decreasing, What's staying the same."
    },
    {
        "start": "23:59.32",
        "stop": "24:00.64",
        "speaker": "Tutor",
        "dialogue": "And do you know by how much?"
    },
    {
        "start": "24:01.92",
        "stop": "24:13.68",
        "speaker": "Student",
        "dialogue": "Um, the the time is increasing Uh from by half an hour, but it seems like the distance is still the same, Um, mainly because the um."
    },
    {
        "start": "24:14.04",
        "stop": "24:14.88",
        "speaker": "Student",
        "dialogue": "the car hasn't"
    },
    {
        "start": "24:15.44",
        "stop": "24:19.56",
        "speaker": "Student",
        "dialogue": "maybe hasn't moved, maybe has stopped for a break, maybe."
    },
    {
        "start": "24:21.20",
        "stop": "24:25.76",
        "speaker": "Tutor",
        "dialogue": "Ok, so you're saying the distance is staying the same so it hasn't changed."
    },
    {
        "start": "24:25.84",
        "stop": "24:26.60",
        "speaker": "Tutor",
        "dialogue": "It's still zero"
    },
    {
        "start": "24:27.56",
        "stop": "24:33.68",
        "speaker": "Tutor",
        "dialogue": "And we know the car is sitting still for a while, So do we know how fast the car is going, Could we say?"
    },
    {
        "start": "24:33.76",
        "stop": "24:34.92",
        "speaker": "Student",
        "dialogue": "This, Yes, it's not."
    },
    {
        "start": "24:35.28",
        "stop": "24:40.28",
        "speaker": "Student",
        "dialogue": "It's going zero miles per hour, because it's just staying there."
    },
    {
        "start": "24:40.44",
        "stop": "24:42.80",
        "speaker": "Student",
        "dialogue": "It's not moving at all cool."
    },
    {
        "start": "24:44.00",
        "stop": "24:46.60",
        "speaker": "Tutor",
        "dialogue": "What's going on from D to E's?"
    },
    {
        "start": "24:46.64",
        "stop": "24:49.00",
        "speaker": "Tutor",
        "dialogue": "some some bumpy lines there in the graph?"
    },
    {
        "start": "24:49.20",
        "stop": "24:50.24",
        "speaker": "Tutor",
        "dialogue": "What do you think that's about?"
    },
    {
        "start": "24:51.00",
        "stop": "25:05.24",
        "speaker": "Student",
        "dialogue": "Um, I, s, um from D to e. Um, the car, Um, isn't really trowlling at a constant speed like it's just um bumpy like som."
    },
    {
        "start": "25:05.80",
        "stop": "25:08.32",
        "speaker": "Student",
        "dialogue": "Sometimes it like goes faster."
    },
    {
        "start": "25:08.56",
        "stop": "25:19.72",
        "speaker": "Student",
        "dialogue": "Sometimes it goes maybe slower and it's J. I don't think I can really say like how fast the car was going from this interval."
    },
    {
        "start": "25:21.12",
        "stop": "25:30.84",
        "speaker": "Tutor",
        "dialogue": "Ah, so you're saying you wouldn't be able to find the exact speed, but you can tell that it's going faster and going slower, and that it's not traveling at a constant speed."
    },
    {
        "start": "25:32.20",
        "stop": "25:33.24",
        "speaker": "Tutor",
        "dialogue": "Yes, cool."
    },
    {
        "start": "25:33.72",
        "stop": "25:38.88",
        "speaker": "Tutor",
        "dialogue": "okay, Now you're going to get to scrap to sketch a graph."
    },
    {
        "start": "25:40.68",
        "stop": "25:56.24",
        "speaker": "Tutor",
        "dialogue": "I'm going to uncover this one, and on this graph you're going to keep track of time in relationship to miles per hour speed, same situation and same things"
    },
    {
        "start": "25:56.28",
        "stop": "26:02.24",
        "speaker": "Tutor",
        "dialogue": "we've done before you can do some rough draugt thinking, and if you want to revise things as you go, you can do that as well."
    },
    {
        "start": "27:04.96",
        "stop": "27:11.40",
        "speaker": "Tutor",
        "dialogue": "Does time and hours always have to be on the Xxis, Or can it be on the Yxis?"
    },
    {
        "start": "27:16.76",
        "stop": "27:17.60",
        "speaker": "Tutor",
        "dialogue": "Let's think about that."
    },
    {
        "start": "27:17.96",
        "stop": "27:26.08",
        "speaker": "Tutor",
        "dialogue": "So in a graph in a graph there's one thing that's changing on this axis."
    },
    {
        "start": "27:26.80",
        "stop": "27:35.28",
        "speaker": "Tutor",
        "dialogue": "There's another thing that's changing on this axis, And the relationship of how those two things are changing together is what we show with the graph."
    },
    {
        "start": "27:36.40",
        "stop": "27:40.88",
        "speaker": "Tutor",
        "dialogue": "So we think about Is this thing increasing decreasing or staying the same?"
    },
    {
        "start": "27:41.76",
        "stop": "27:44.68",
        "speaker": "Tutor",
        "dialogue": "Is this thing increasing decreasing or staying the same?"
    },
    {
        "start": "27:45.36",
        "stop": "27:48.44",
        "speaker": "Tutor",
        "dialogue": "And as both of those things are changing, what's going on in here?"
    },
    {
        "start": "27:49.52",
        "stop": "28:01.16",
        "speaker": "Tutor",
        "dialogue": "so if that's what a graph is showing, is the relationship between how things are changing, can we put time or hours up here, even if we haven't seen it this way before?"
    },
    {
        "start": "28:06.80",
        "stop": "28:11.72",
        "speaker": "Student",
        "dialogue": "In some other case, I guess you could, but I don't think you can."
    },
    {
        "start": "28:11.92",
        "stop": "28:16.60",
        "speaker": "Student",
        "dialogue": "In this case because um, be, I feel like it."
    },
    {
        "start": "28:16.92",
        "stop": "28:20.56",
        "speaker": "Student",
        "dialogue": "It would be a bit awkward to um, kind of grafh"
    },
    {
        "start": "28:20.76",
        "stop": "28:36.96",
        "speaker": "Student",
        "dialogue": "the speed in miles per hour, like on the X axes, Because Um, if you kind of label the unit on the X axes and try to um, graph it it, you, um."
    },
    {
        "start": "28:37.64",
        "stop": "28:41.52",
        "speaker": "Student",
        "dialogue": "at some point like in the graph, Um, the speed is at."
    },
    {
        "start": "28:41.64",
        "stop": "28:45.88",
        "speaker": "Student",
        "dialogue": "Uh, it's less than at than the speed"
    },
    {
        "start": "28:46.00",
        "stop": "28:49.80",
        "speaker": "Student",
        "dialogue": "at another point, So you would kind of have to draw the line back."
    },
    {
        "start": "28:50.44",
        "stop": "28:56.80",
        "speaker": "Student",
        "dialogue": "And so I don't think time should be in the white axies, Ah."
    },
    {
        "start": "28:57.00",
        "stop": "28:58.64",
        "speaker": "Tutor",
        "dialogue": "I love what you're saying here."
    },
    {
        "start": "28:59.08",
        "stop": "29:15.80",
        "speaker": "Tutor",
        "dialogue": "you're like I, I know that because of the way this thing is changing and the way this thing is changing, I'm going to have to draw a line that goes backwards at some time, and I'm not used to seeing graphs that go back like that, so I want to be able to create a graph that goes left to right and it keeps increasing."
    },
    {
        "start": "29:17.16",
        "stop": "29:26.84",
        "speaker": "Tutor",
        "dialogue": "the more you go up into mathematics, and the different graphs that you create will get weirder and weirder looking in real life situation."
    },
    {
        "start": "29:27.16",
        "stop": "29:31.28",
        "speaker": "Tutor",
        "dialogue": "You've probably had a lot of experience with linear graphs up until this point."
    },
    {
        "start": "29:31.68",
        "stop": "29:32.52",
        "speaker": "Tutor",
        "dialogue": "So they're lines."
    },
    {
        "start": "29:33.16",
        "stop": "29:41.28",
        "speaker": "Tutor",
        "dialogue": "Time is usually on the Ex axis and they move left to right pretty fluidly, so your brain is like, wait, Wait, I don't like this."
    },
    {
        "start": "29:41.44",
        "stop": "29:43.80",
        "speaker": "Tutor",
        "dialogue": "I have to go backwards, so what I'm going to challenge"
    },
    {
        "start": "29:43.84",
        "stop": "29:47.92",
        "speaker": "Tutor",
        "dialogue": "you to do is keep time on the vertical axis."
    },
    {
        "start": "29:48.56",
        "stop": "29:55.40",
        "speaker": "Tutor",
        "dialogue": "and when you have to, If you think that you've got to draw a line that goes backwards, that's fine, draw that line that goes backwards."
    },
    {
        "start": "31:41.68",
        "stop": "31:44.04",
        "speaker": "Tutor",
        "dialogue": "love it, and I can tell that you're taking a risk right"
    },
    {
        "start": "31:44.08",
        "stop": "31:46.52",
        "speaker": "Tutor",
        "dialogue": "now and you're pushing yourself out of your comfort zone, aren't you?"
    },
    {
        "start": "31:50.04",
        "stop": "31:51.36",
        "speaker": "Tutor",
        "dialogue": "I can hear it in your voice."
    },
    {
        "start": "31:51.68",
        "stop": "31:52.52",
        "speaker": "Tutor",
        "dialogue": "It's awesome."
    },
    {
        "start": "31:53.24",
        "stop": "31:53.64",
        "speaker": "Tutor",
        "dialogue": "awesome."
    },
    {
        "start": "31:53.80",
        "stop": "31:55.16",
        "speaker": "Tutor",
        "dialogue": "So glad you're taking these risks."
    },
    {
        "start": "31:55.36",
        "stop": "31:56.88",
        "speaker": "Tutor",
        "dialogue": "Okay, so let's take a look at this."
    },
    {
        "start": "31:57.92",
        "stop": "32:00.20",
        "speaker": "Tutor",
        "dialogue": "Um, to help me understand what you're thinking"
    },
    {
        "start": "32:00.36",
        "stop": "32:10.76",
        "speaker": "Tutor",
        "dialogue": "And this is why we use points on graphs to communicate that where would point A be located on your graph, and where would point B be located on your graph?"
    },
    {
        "start": "32:10.92",
        "stop": "32:11.88",
        "speaker": "Tutor",
        "dialogue": "Go ahead and label those."
    },
    {
        "start": "32:40.32",
        "stop": "32:44.36",
        "speaker": "Student",
        "dialogue": "Uh, point A would be at on zero end."
    },
    {
        "start": "32:44.44",
        "stop": "32:50.92",
        "speaker": "Student",
        "dialogue": "Point B would be around, Um, one hour and fifty miles per hour, okay?"
    },
    {
        "start": "32:51.68",
        "stop": "33:03.20",
        "speaker": "Tutor",
        "dialogue": "Earlier, from A to B, you said these things you said that distance was increasing and time was increasing, but speed stayed constant at fifty miles per hour."
    },
    {
        "start": "33:04.04",
        "stop": "33:05.16",
        "speaker": "Tutor",
        "dialogue": "Check your graph."
    },
    {
        "start": "33:05.32",
        "stop": "33:14.52",
        "speaker": "Tutor",
        "dialogue": "Now, do you agree that your graph shows that speed staying constant as time increases by one hour?"
    },
    {
        "start": "33:35.76",
        "stop": "33:38.24",
        "speaker": "Student",
        "dialogue": "Because um, it's Um."
    },
    {
        "start": "33:40.04",
        "stop": "33:44.00",
        "speaker": "Student",
        "dialogue": "It's increasing just like the g graph is Um."
    },
    {
        "start": "33:46.32",
        "stop": "33:49.96",
        "speaker": "Student",
        "dialogue": "But yes, I think my graph shows it."
    },
    {
        "start": "33:50.68",
        "stop": "34:02.36",
        "speaker": "Tutor",
        "dialogue": "Okay, so this graph when we look over here, if it's fifty miles per hour this entire time, that means at the start of the trip, the car's going fifty miles an hour, five minutes into the trip."
    },
    {
        "start": "34:02.68",
        "stop": "34:03.92",
        "speaker": "Tutor",
        "dialogue": "How fast is the car going?"
    },
    {
        "start": "34:09.88",
        "stop": "34:11.52",
        "speaker": "Student",
        "dialogue": "I think it's still fifty miles."
    },
    {
        "start": "34:12.44",
        "stop": "34:15.56",
        "speaker": "Tutor",
        "dialogue": "That's exactly what you said with it being constant, which I agree with."
    },
    {
        "start": "34:15.76",
        "stop": "34:22.24",
        "speaker": "Tutor",
        "dialogue": "Yeah, that's what this linear line shows here is that it's a constant rate, so thirty minutes into the trip"
    },
    {
        "start": "34:22.80",
        "stop": "34:23.92",
        "speaker": "Tutor",
        "dialogue": "the car is still going"
    },
    {
        "start": "34:24.48",
        "stop": "34:27.88",
        "speaker": "Tutor",
        "dialogue": "fifty miles an hour over here."
    },
    {
        "start": "34:29.36",
        "stop": "34:29.92",
        "speaker": "Tutor",
        "dialogue": "this is let"
    },
    {
        "start": "34:30.00",
        "stop": "34:32.24",
        "speaker": "Tutor",
        "dialogue": "we make our size a little bit bigger, so we can see that dot."
    },
    {
        "start": "34:33.80",
        "stop": "34:37.00",
        "speaker": "Tutor",
        "dialogue": "Okay, so here' is about thirty minutes into the trip."
    },
    {
        "start": "34:37.28",
        "stop": "34:39.04",
        "speaker": "Tutor",
        "dialogue": "Car still going fifty miles an hour."
    },
    {
        "start": "34:41.00",
        "stop": "34:44.92",
        "speaker": "Tutor",
        "dialogue": "Thirty minutes into the trip would be about right here on your graph."
    },
    {
        "start": "34:45.76",
        "stop": "34:47.68",
        "speaker": "Tutor",
        "dialogue": "Right, Is that a good estimate?"
    },
    {
        "start": "34:47.72",
        "stop": "34:48.04",
        "speaker": "Tutor",
        "dialogue": "You think?"
    },
    {
        "start": "34:49.28",
        "stop": "34:56.12",
        "speaker": "Tutor",
        "dialogue": "Yes, Okay, How fast is the car going on your graph at thirty minutes into the trip?"
    },
    {
        "start": "34:59.52",
        "stop": "35:01.04",
        "speaker": "Student",
        "dialogue": "Um, I meant Um."
    },
    {
        "start": "35:01.36",
        "stop": "35:02.60",
        "speaker": "Student",
        "dialogue": "I meant Um."
    },
    {
        "start": "35:03.04",
        "stop": "35:12.40",
        "speaker": "Student",
        "dialogue": "Like for the, I kind of meant it for it to be fifty, but I wasn't really sure how to display it on the graph."
    },
    {
        "start": "35:13.04",
        "stop": "35:13.32",
        "speaker": "Student",
        "dialogue": "Ah."
    },
    {
        "start": "35:13.96",
        "stop": "35:15.76",
        "speaker": "Tutor",
        "dialogue": "So you're saying I know from A to B?"
    },
    {
        "start": "35:15.88",
        "stop": "35:16.84",
        "speaker": "Tutor",
        "dialogue": "it's supposed to be fifty"
    },
    {
        "start": "35:16.88",
        "stop": "35:20.24",
        "speaker": "Tutor",
        "dialogue": "miles an hour the whole time, but I don't know how to get my graph to show that?"
    },
    {
        "start": "35:22.20",
        "stop": "35:30.52",
        "speaker": "Tutor",
        "dialogue": "Yes, okay, so right here you're showing the graph starts, and how fast is the car going at the start?"
    },
    {
        "start": "35:31.80",
        "stop": "35:33.24",
        "speaker": "Student",
        "dialogue": "M, zero miles."
    },
    {
        "start": "35:34.04",
        "stop": "35:41.36",
        "speaker": "Tutor",
        "dialogue": "Zero, yeah, and you're showing that speed is increasing from zero to fifty over that section."
    },
    {
        "start": "35:43.08",
        "stop": "35:49.16",
        "speaker": "Tutor",
        "dialogue": "But your words and your head, and what you've described here and here is saying, It's not starting at"
    },
    {
        "start": "35:49.28",
        "stop": "35:51.72",
        "speaker": "Tutor",
        "dialogue": "zero miles an hour and increasing to fifty."
    },
    {
        "start": "35:52.36",
        "stop": "35:56.08",
        "speaker": "Tutor",
        "dialogue": "It's traveling fifty miles an hour that entire time."
    },
    {
        "start": "35:58.00",
        "stop": "35:58.60",
        "speaker": "Student",
        "dialogue": "A yes."
    },
    {
        "start": "35:59.80",
        "stop": "36:02.40",
        "speaker": "Tutor",
        "dialogue": "So where would a be located?"
    },
    {
        "start": "36:02.48",
        "stop": "36:05.12",
        "speaker": "Tutor",
        "dialogue": "Would it be at zero, or would it be at fifty miles an hour?"
    },
    {
        "start": "36:06.60",
        "stop": "36:09.48",
        "speaker": "Student",
        "dialogue": "Um, A would be located at zero."
    },
    {
        "start": "36:10.48",
        "stop": "36:10.96",
        "speaker": "Tutor",
        "dialogue": "How come?"
    },
    {
        "start": "36:12.20",
        "stop": "36:22.92",
        "speaker": "Student",
        "dialogue": "Um, because since A is like the starting point, you're not Um, traveling any distance, nor, nor is time increasing."
    },
    {
        "start": "36:23.36",
        "stop": "36:24.44",
        "speaker": "Student",
        "dialogue": "So I. a. I guess"
    },
    {
        "start": "36:24.56",
        "stop": "36:26.04",
        "speaker": "Student",
        "dialogue": "A would still be at zero"
    },
    {
        "start": "36:26.76",
        "stop": "36:29.32",
        "speaker": "Student",
        "dialogue": "because Um, it's kind of the starting point"
    },
    {
        "start": "36:29.64",
        "stop": "36:34.56",
        "speaker": "Student",
        "dialogue": "and I think, Um, yeah, it."
    },
    {
        "start": "36:34.80",
        "stop": "36:37.60",
        "speaker": "Student",
        "dialogue": "I think it should also be the starting-point of thiscraf."
    },
    {
        "start": "36:39.40",
        "stop": "36:43.92",
        "speaker": "Tutor",
        "dialogue": "We're going to pretend like the car was already traveling when it hit Providence."
    },
    {
        "start": "36:45.16",
        "stop": "36:47.32",
        "speaker": "Tutor",
        "dialogue": "It was already going fifty miles an hour."
    },
    {
        "start": "36:47.48",
        "stop": "36:54.40",
        "speaker": "Tutor",
        "dialogue": "when it went through Providence, and in the entire section from A to B. it continued to travel fifty miles an hour."
    },
    {
        "start": "36:56.76",
        "stop": "37:02.64",
        "speaker": "Tutor",
        "dialogue": "Yes, so in this journey the cart isn't starting at zero miles an hour."
    },
    {
        "start": "37:03.60",
        "stop": "37:05.00",
        "speaker": "Tutor",
        "dialogue": "it's starting at fifty mile."
    },
    {
        "start": "37:08.64",
        "stop": "37:10.24",
        "speaker": "Student",
        "dialogue": "Can I revice my craft?"
    },
    {
        "start": "37:10.52",
        "stop": "37:15.00",
        "speaker": "Tutor",
        "dialogue": "Any time you want to revise your thinking and math, you don't even have to ask for permission, you just do."
    },
    {
        "start": "37:15.16",
        "stop": "37:16.92",
        "speaker": "Student",
        "dialogue": "It, Ky."
    },
    {
        "start": "37:26.32",
        "stop": "37:29.52",
        "speaker": "Tutor",
        "dialogue": "And it's your graft, so feel free to erase things that I wrote also."
    },
    {
        "start": "37:46.08",
        "stop": "39:00.52",
        "speaker": "Student",
        "dialogue": "You, I think that will Berah."
    },
    {
        "start": "39:01.08",
        "stop": "39:04.80",
        "speaker": "Tutor",
        "dialogue": "Beautiful, so same thing, label your points, and then explain to me"
    },
    {
        "start": "39:04.92",
        "stop": "39:08.16",
        "speaker": "Tutor",
        "dialogue": "what's going on in your graph and how you know where it should."
    },
    {
        "start": "39:08.20",
        "stop": "39:48.88",
        "speaker": "Student",
        "dialogue": "Be, um, those are my points."
    },
    {
        "start": "39:50.08",
        "stop": "39:51.92",
        "speaker": "Tutor",
        "dialogue": "Explain to me what's going on in your journey."
    },
    {
        "start": "39:53.00",
        "stop": "40:23.60",
        "speaker": "Student",
        "dialogue": "Um, so if the car was already traveling Um before point a, Um, it would start here, so Um, it would start at fifty miles per hour, and and um go all that way, Um until after one hour, where it would kind of just move back because it's not moving at all, and Um, kind of until half um way between one and two."
    },
    {
        "start": "40:23.96",
        "stop": "40:40.96",
        "speaker": "Student",
        "dialogue": "It would uh in increase back to like about sixty miles per hour hour, and Um from two to three hours."
    },
    {
        "start": "40:41.88",
        "stop": "40:42.04",
        "speaker": "Student",
        "dialogue": "Um."
    },
    {
        "start": "40:43.80",
        "stop": "40:55.44",
        "speaker": "Student",
        "dialogue": "it seems like it's Um, increasing in a constant rate as well, So it's like from here to here, So it's it."
    },
    {
        "start": "40:55.68",
        "stop": "41:01.72",
        "speaker": "Student",
        "dialogue": "The line is straight here and from three to four hours, it's kind of."
    },
    {
        "start": "41:03.00",
        "stop": "41:04.36",
        "speaker": "Student",
        "dialogue": "it's kind of a. Um."
    },
    {
        "start": "41:05.32",
        "stop": "41:05.72",
        "speaker": "Student",
        "dialogue": "I guess."
    },
    {
        "start": "41:06.76",
        "stop": "41:07.12",
        "speaker": "Student",
        "dialogue": "I guess"
    },
    {
        "start": "41:07.16",
        "stop": "41:11.20",
        "speaker": "Student",
        "dialogue": "it's kind of decreasing in speed because Um, the final."
    },
    {
        "start": "41:11.48",
        "stop": "41:15.80",
        "speaker": "Student",
        "dialogue": "when you reach the final destination you're not moving at all, And it."
    },
    {
        "start": "41:16.08",
        "stop": "41:19.72",
        "speaker": "Student",
        "dialogue": "S. it seems to have a slower growth than normal."
    },
    {
        "start": "41:21.32",
        "stop": "41:27.08",
        "speaker": "Tutor",
        "dialogue": "Mm, so your prediction is from either F. The car is slowing back down again."
    },
    {
        "start": "41:29.76",
        "stop": "41:38.68",
        "speaker": "Student",
        "dialogue": "Uh, it's it's S. Yeah, It's going at a slower speed than the utter hourly interval."
    },
    {
        "start": "41:40.56",
        "stop": "41:45.68",
        "speaker": "Tutor",
        "dialogue": "Okay, so it's not as fast as fifty miles an hour, so you sketched it or estimated it to be somewhere back here."
    },
    {
        "start": "41:46.60",
        "stop": "41:47.40",
        "speaker": "Student",
        "dialogue": "Yes, okay."
    },
    {
        "start": "41:47.88",
        "stop": "41:49.60",
        "speaker": "Tutor",
        "dialogue": "Cool, can graphs look like?"
    },
    {
        "start": "41:49.76",
        "stop": "41:52.96",
        "speaker": "Student",
        "dialogue": "This, um, not, nor."
    },
    {
        "start": "41:54.44",
        "stop": "41:56.56",
        "speaker": "Tutor",
        "dialogue": "Meaning you haven't seen graphs like this before?"
    },
    {
        "start": "41:57.68",
        "stop": "41:59.24",
        "speaker": "Tutor",
        "dialogue": "Yeah, yeah, cool."
    },
    {
        "start": "41:59.56",
        "stop": "42:00.08",
        "speaker": "Tutor",
        "dialogue": "So what?"
    },
    {
        "start": "42:00.64",
        "stop": "42:03.16",
        "speaker": "Tutor",
        "dialogue": "Um, Any time you're working with graphs, remember"
    },
    {
        "start": "42:03.32",
        "stop": "42:10.88",
        "speaker": "Tutor",
        "dialogue": "the they are going to start to look more and more bizarre and weird and different and to read a graph."
    },
    {
        "start": "42:11.48",
        "stop": "42:14.24",
        "speaker": "Tutor",
        "dialogue": "These purple power words can help you make sense of it."
    },
    {
        "start": "42:15.00",
        "stop": "42:19.92",
        "speaker": "Tutor",
        "dialogue": "Think about, I have one variable that's changing and it's represented on one axis."
    },
    {
        "start": "42:20.56",
        "stop": "42:30.32",
        "speaker": "Tutor",
        "dialogue": "I have another variable that's changing and it's represented on another axis, And then how those two things are changing together is what the graph represents."
    },
    {
        "start": "42:30.88",
        "stop": "42:37.08",
        "speaker": "Tutor",
        "dialogue": "Your graph represents how speed is changing in relation to time."
    },
    {
        "start": "42:37.36",
        "stop": "42:41.76",
        "speaker": "Tutor",
        "dialogue": "Is the car travelling the entire speed for four hours at the same speed?"
    },
    {
        "start": "42:44.12",
        "stop": "42:45.88",
        "speaker": "Tutor",
        "dialogue": "No, No, the speed is changing."
    },
    {
        "start": "42:46.20",
        "stop": "43:03.04",
        "speaker": "Tutor",
        "dialogue": "Your graph shows that that changing and speed can decrease. so the graph goes backwards, So always remember to use these words to describe what's changing and how is it changing in your mind, even if a teacher doesn't ask to help you make sense of a graph."
    },
    {
        "start": "43:06.88",
        "stop": "43:13.72",
        "speaker": "Tutor",
        "dialogue": "Now, M, you know that you're helping us test out this platform and also this way of thinking about math learning."
    },
    {
        "start": "43:14.20",
        "stop": "43:18.80",
        "speaker": "Tutor",
        "dialogue": "So Um, for just a couple more minutes, I'd love to hear what your experience was like for you."
    },
    {
        "start": "43:19.40",
        "stop": "43:23.36",
        "speaker": "Tutor",
        "dialogue": "Is there something you feel like you've learned or are thinking differently about now?"
    },
    {
        "start": "43:26.36",
        "stop": "43:29.04",
        "speaker": "Student",
        "dialogue": "I guess it was kind of a unique experience."
    },
    {
        "start": "43:29.40",
        "stop": "43:29.52",
        "speaker": "Student",
        "dialogue": "Um."
    },
    {
        "start": "43:29.88",
        "stop": "43:33.04",
        "speaker": "Student",
        "dialogue": "It's I've been introduced to a Um."
    },
    {
        "start": "43:33.48",
        "stop": "43:33.92",
        "speaker": "Student",
        "dialogue": "A new."
    },
    {
        "start": "43:35.28",
        "stop": "43:35.40",
        "speaker": "Student",
        "dialogue": "Um."
    },
    {
        "start": "43:36.00",
        "stop": "43:38.76",
        "speaker": "Student",
        "dialogue": "How how would you say this area of math?"
    },
    {
        "start": "43:38.92",
        "stop": "43:49.40",
        "speaker": "Student",
        "dialogue": "I guess that I'm not really familiar with, and I guess Um, this experience kind of opened my mind to otther possibilities."
    },
    {
        "start": "43:55.60",
        "stop": "44:05.88",
        "speaker": "Student",
        "dialogue": "like, for instance, graps don't really have to be kind of in the moving forward and up direction."
    },
    {
        "start": "44:06.00",
        "stop": "44:08.40",
        "speaker": "Student",
        "dialogue": "It can kind of be just moving backwards."
    },
    {
        "start": "44:11.40",
        "stop": "44:21.76",
        "speaker": "Student",
        "dialogue": "Do, um, the relationship between two, Um, two things, I guess."
    },
    {
        "start": "44:22.48",
        "stop": "44:31.24",
        "speaker": "Tutor",
        "dialogue": "Yeah, absolutely, they're showing that relationship of how things are changing, And then what was helpful for you in this experience"
    },
    {
        "start": "44:31.48",
        "stop": "44:35.20",
        "speaker": "Tutor",
        "dialogue": "Or what are some things we could think about doing differently to make it better?"
    },
    {
        "start": "44:42.68",
        "stop": "44:53.28",
        "speaker": "Student",
        "dialogue": "I, some things that were helpful were, Um, how, I was kind of guided throughout the process all the time."
    },
    {
        "start": "44:57.68",
        "stop": "45:02.04",
        "speaker": "Student",
        "dialogue": "I don't really have a comment on what can be impruve."
    },
    {
        "start": "45:05.64",
        "stop": "45:10.20",
        "speaker": "Tutor",
        "dialogue": "If you think of something your voice matters, so feel free to share that."
    },
    {
        "start": "45:10.32",
        "stop": "45:13.20",
        "speaker": "Tutor",
        "dialogue": "Okay, and then also I hope from you, take away from this."
    },
    {
        "start": "45:13.44",
        "stop": "45:15.48",
        "speaker": "Tutor",
        "dialogue": "It's always okay to revise your thinking."
    },
    {
        "start": "45:15.76",
        "stop": "45:18.96",
        "speaker": "Tutor",
        "dialogue": "Whenever you're thinking about math, you get to change your mind."
    },
    {
        "start": "45:19.84",
        "stop": "45:20.40",
        "speaker": "Tutor",
        "dialogue": "Embrace that."
    },
    {
        "start": "45:20.56",
        "stop": "45:20.84",
        "speaker": "Tutor",
        "dialogue": "okay."
    },
    {
        "start": "45:21.84",
        "stop": "45:24.68",
        "speaker": "Tutor",
        "dialogue": "Okay, All right, thank you so much for joining to-night"
    },
    {
        "start": "45:24.80",
        "stop": "45:25.96",
        "speaker": "Tutor",
        "dialogue": "I hope you have a great evening."
    },
    {
        "start": "45:27.04",
        "stop": "45:27.28",
        "speaker": "Student",
        "dialogue": "Thank you."
    }
]