[
    {
        "start": "00:01.40",
        "stop": "00:03.16",
        "speaker": "Tutor",
        "dialogue": "Okay, cool."
    },
    {
        "start": "00:03.64",
        "stop": "00:07.36",
        "speaker": "Tutor",
        "dialogue": "So on the screen do you see my mouse moving?"
    },
    {
        "start": "00:08.84",
        "stop": "00:10.52",
        "speaker": "Tutor",
        "dialogue": "Yes, and move yours around"
    },
    {
        "start": "00:10.60",
        "stop": "00:12.92",
        "speaker": "Tutor",
        "dialogue": "so I can make sure I can see you too perfect."
    },
    {
        "start": "00:13.44",
        "stop": "00:14.20",
        "speaker": "Tutor",
        "dialogue": "All right over here."
    },
    {
        "start": "00:14.32",
        "stop": "00:16.36",
        "speaker": "Tutor",
        "dialogue": "Do you see some tools in a blue box?"
    },
    {
        "start": "00:17.40",
        "stop": "00:20.20",
        "speaker": "Tutor",
        "dialogue": "Yes, right, we're going to practice using a couple of em."
    },
    {
        "start": "00:20.88",
        "stop": "00:23.36",
        "speaker": "Tutor",
        "dialogue": "So the third one down, that's a pencil."
    },
    {
        "start": "00:24.00",
        "stop": "00:29.04",
        "speaker": "Tutor",
        "dialogue": "If you click on it up above, there'll be a color box and a size box that pops up."
    },
    {
        "start": "00:29.24",
        "stop": "00:33.12",
        "speaker": "Tutor",
        "dialogue": "Yep, so you can change a color in size if you want, or you can just keep it black."
    },
    {
        "start": "00:33.72",
        "stop": "00:41.84",
        "speaker": "Tutor",
        "dialogue": "And then there is a square that has a t in it. If you click on that, that's how you can enter a text box."
    },
    {
        "start": "00:41.92",
        "stop": "01:00.44",
        "speaker": "Tutor",
        "dialogue": "if you'd rather type Oky, And then if you want to erase something, because you want to revise your thinking or change your mind, you have to have the top arrow selected and then you click on whatever it is you want to erase and you can hit delete on your keyboard."
    },
    {
        "start": "01:00.96",
        "stop": "01:01.40",
        "speaker": "Tutor",
        "dialogue": "There you go."
    },
    {
        "start": "01:01.64",
        "stop": "01:02.48",
        "speaker": "Tutor",
        "dialogue": "You're already ahead of me."
    },
    {
        "start": "01:02.52",
        "stop": "01:03.48",
        "speaker": "Tutor",
        "dialogue": "You figured out how to do it."
    },
    {
        "start": "01:04.64",
        "stop": "01:06.64",
        "speaker": "Tutor",
        "dialogue": "The button down here that has a trash can."
    },
    {
        "start": "01:08.04",
        "stop": "01:09.64",
        "speaker": "Tutor",
        "dialogue": "Don't don't touch it."
    },
    {
        "start": "01:10.52",
        "stop": "01:15.72",
        "speaker": "Tutor",
        "dialogue": "Okay if you touch it, it erases everything and we don't have any way to get it back."
    },
    {
        "start": "01:18.40",
        "stop": "01:26.20",
        "speaker": "Tutor",
        "dialogue": "All right, Um, the other thing, if your chat box is open, you can close it so that your screen and work space is a little bit bigger."
    },
    {
        "start": "01:27.32",
        "stop": "01:35.64",
        "speaker": "Tutor",
        "dialogue": "Since we'll be talking back and forth, and as we're working together, I'm going to ask you a lot of questions."
    },
    {
        "start": "01:36.32",
        "stop": "01:39.48",
        "speaker": "Tutor",
        "dialogue": "That doesn't necessarily mean that you have something wrong."
    },
    {
        "start": "01:39.88",
        "stop": "01:46.00",
        "speaker": "Tutor",
        "dialogue": "It just means I want to know more about how you're thinking so that I can help you continue to grow in that thinking."
    },
    {
        "start": "01:46.28",
        "stop": "01:52.96",
        "speaker": "Tutor",
        "dialogue": "Ok, and I can't see your face, so it's hard for me to read your body language."
    },
    {
        "start": "01:53.40",
        "stop": "01:57.80",
        "speaker": "Tutor",
        "dialogue": "That means if I ask you a question and you're like, Um, I don't know."
    },
    {
        "start": "01:58.40",
        "stop": "01:58.96",
        "speaker": "Tutor",
        "dialogue": "Not sure."
    },
    {
        "start": "01:59.64",
        "stop": "02:06.52",
        "speaker": "Tutor",
        "dialogue": "Just let me know that out loud so that I will stop talking and give your brain time to think without interrupting."
    },
    {
        "start": "02:10.72",
        "stop": "02:12.64",
        "speaker": "Tutor",
        "dialogue": "Yes, all right, Are you ready to get started?"
    },
    {
        "start": "02:13.60",
        "stop": "02:15.52",
        "speaker": "Tutor",
        "dialogue": "Yeah, all right, I'm going to change the screen."
    },
    {
        "start": "02:16.80",
        "stop": "02:18.72",
        "speaker": "Tutor",
        "dialogue": "Do you see something different on your screen now?"
    },
    {
        "start": "02:19.40",
        "stop": "02:21.56",
        "speaker": "Tutor",
        "dialogue": "Yeah, awesome, so take a minute to read it."
    },
    {
        "start": "02:22.00",
        "stop": "02:26.56",
        "speaker": "Tutor",
        "dialogue": "Look it over and then describe to me what you think is happening in this situation?"
    },
    {
        "start": "02:45.32",
        "stop": "02:47.32",
        "speaker": "Tutor",
        "dialogue": "What do you think is going on in this situation?"
    },
    {
        "start": "02:49.32",
        "stop": "02:57.12",
        "speaker": "Student",
        "dialogue": "I think they're showing Um a distance from from a place to New York, Um to New Jersey, not New York."
    },
    {
        "start": "02:58.40",
        "stop": "03:00.00",
        "speaker": "Tutor",
        "dialogue": "Where do you think we're going to start?"
    },
    {
        "start": "03:00.32",
        "stop": "03:01.72",
        "speaker": "Tutor",
        "dialogue": "In this place we're"
    },
    {
        "start": "03:01.76",
        "stop": "03:06.60",
        "speaker": "Student",
        "dialogue": "Going to start at R, I, and then the ending will be at New Yark."
    },
    {
        "start": "03:07.64",
        "stop": "03:13.56",
        "speaker": "Tutor",
        "dialogue": "Okay, what are some things that we could measure in this situation?"
    },
    {
        "start": "03:19.00",
        "stop": "03:19.64",
        "speaker": "Student",
        "dialogue": "The distance."
    },
    {
        "start": "03:20.48",
        "stop": "03:23.24",
        "speaker": "Tutor",
        "dialogue": "What units would we use if we were going to measure the distance?"
    },
    {
        "start": "03:24.44",
        "stop": "03:27.88",
        "speaker": "Student",
        "dialogue": "Miles kilometers."
    },
    {
        "start": "03:29.76",
        "stop": "03:35.60",
        "speaker": "Tutor",
        "dialogue": "So we might be thinking about miles or kilometers to measure the distance between different places on this journey."
    },
    {
        "start": "03:37.04",
        "stop": "03:39.56",
        "speaker": "Tutor",
        "dialogue": "Are there other things that we could think about measuring?"
    },
    {
        "start": "03:59.24",
        "stop": "04:01.00",
        "speaker": "Student",
        "dialogue": "Maybe how long the drive?"
    },
    {
        "start": "04:01.20",
        "stop": "04:08.96",
        "speaker": "Tutor",
        "dialogue": "Was okay, and if we were going to measure how long the drive was, whatk of units would we useur?"
    },
    {
        "start": "04:13.96",
        "stop": "04:14.28",
        "speaker": "Student",
        "dialogue": "Anything?"
    },
    {
        "start": "04:14.32",
        "stop": "04:24.36",
        "speaker": "Tutor",
        "dialogue": "Else we can measure or keep track of I, K, Okay, Cool"
    },
    {
        "start": "04:24.52",
        "stop": "04:26.44",
        "speaker": "Tutor",
        "dialogue": "And that's an okay thing to say."
    },
    {
        "start": "04:26.68",
        "stop": "04:28.36",
        "speaker": "Tutor",
        "dialogue": "You don't always have to have an answer cause"
    },
    {
        "start": "04:28.36",
        "stop": "04:30.40",
        "speaker": "Tutor",
        "dialogue": "I'll push you to the point of when you may say"
    },
    {
        "start": "04:30.52",
        "stop": "04:31.28",
        "speaker": "Tutor",
        "dialogue": "I don't know or"
    },
    {
        "start": "04:31.40",
        "stop": "04:32.96",
        "speaker": "Tutor",
        "dialogue": "I'm not sure, or I think that's it."
    },
    {
        "start": "04:33.52",
        "stop": "04:35.28",
        "speaker": "Tutor",
        "dialogue": "It's okay to say those things out loud."
    },
    {
        "start": "04:35.36",
        "stop": "04:35.72",
        "speaker": "Tutor",
        "dialogue": "All right."
    },
    {
        "start": "04:37.40",
        "stop": "04:44.36",
        "speaker": "Tutor",
        "dialogue": "Es all right now, I'm going to uncover something and I want you to think about how it's similar or different to what you were thinking about."
    },
    {
        "start": "04:59.68",
        "stop": "05:11.08",
        "speaker": "Student",
        "dialogue": "So it basically um, shows the distance of how much they traveled on on the side and then on the bottom, it took the time they took to reach the amount of miles."
    },
    {
        "start": "05:12.56",
        "stop": "05:16.04",
        "speaker": "Tutor",
        "dialogue": "With your cursor, can you show me how the car travels on the map?"
    },
    {
        "start": "05:17.64",
        "stop": "05:18.28",
        "speaker": "Student",
        "dialogue": "On the map."
    },
    {
        "start": "05:18.56",
        "stop": "05:25.44",
        "speaker": "Tutor",
        "dialogue": "Yeah, and what about on the graph?"
    },
    {
        "start": "05:25.76",
        "stop": "05:27.96",
        "speaker": "Tutor",
        "dialogue": "How does the car travel on the graph?"
    },
    {
        "start": "05:34.24",
        "stop": "05:40.80",
        "speaker": "Tutor",
        "dialogue": "So using the map and the graph, can you describe what is happening during each stage of the journey?"
    },
    {
        "start": "05:43.56",
        "stop": "05:48.96",
        "speaker": "Student",
        "dialogue": "Basically, um, so using like the graph, you can see like for an hour"
    },
    {
        "start": "05:49.28",
        "stop": "06:11.48",
        "speaker": "Student",
        "dialogue": "they were at fifty miles, but then they stayed steady until they reached like in like one and a half hours, and they went higher on the starting, the second maybe, and until they reached the fourth hour, they were still going at a fast rate."
    },
    {
        "start": "06:14.48",
        "stop": "06:15.60",
        "speaker": "Tutor",
        "dialogue": "A fast rate."
    },
    {
        "start": "06:16.60",
        "stop": "06:19.16",
        "speaker": "Tutor",
        "dialogue": "What does that mean and how do you see?"
    },
    {
        "start": "06:19.20",
        "stop": "06:26.84",
        "speaker": "Student",
        "dialogue": "That fast rate, as in, they were going to their location faster."
    },
    {
        "start": "06:28.56",
        "stop": "06:33.80",
        "speaker": "Tutor",
        "dialogue": "So were we thinking about miles there or hours there or something else?"
    },
    {
        "start": "06:34.04",
        "stop": "06:46.08",
        "speaker": "Tutor",
        "dialogue": "If you're describing, Um, it going fasteri."
    },
    {
        "start": "06:46.32",
        "stop": "06:46.36",
        "speaker": "Student",
        "dialogue": "Me."
    },
    {
        "start": "06:46.48",
        "stop": "06:46.52",
        "speaker": "Tutor",
        "dialogue": "The."
    },
    {
        "start": "06:46.80",
        "stop": "06:47.24",
        "speaker": "Student",
        "dialogue": "Miles."
    },
    {
        "start": "06:48.08",
        "stop": "06:48.96",
        "speaker": "Tutor",
        "dialogue": "Okay, cool."
    },
    {
        "start": "06:49.04",
        "stop": "06:50.16",
        "speaker": "Tutor",
        "dialogue": "we'll explore that some more."
    },
    {
        "start": "06:50.92",
        "stop": "06:58.60",
        "speaker": "Tutor",
        "dialogue": "Okay, So you talked about, Um, this point, and you said at this point, what does that point represent?"
    },
    {
        "start": "07:00.32",
        "stop": "07:03.60",
        "speaker": "Student",
        "dialogue": "It shows that they're at fifty miles in the first hour."
    },
    {
        "start": "07:04.08",
        "stop": "07:05.04",
        "speaker": "Tutor",
        "dialogue": "Okay, where?"
    },
    {
        "start": "07:05.20",
        "stop": "07:05.24",
        "speaker": "Tutor",
        "dialogue": "so?"
    },
    {
        "start": "07:05.44",
        "stop": "07:15.60",
        "speaker": "Tutor",
        "dialogue": "At point B, the car has travelled fifty miles and it has taken one hour to be able to go that distance."
    },
    {
        "start": "07:17.04",
        "stop": "07:17.20",
        "speaker": "Student",
        "dialogue": "Yes."
    },
    {
        "start": "07:18.16",
        "stop": "07:21.72",
        "speaker": "Tutor",
        "dialogue": "Where do you think point B would be located on the map?"
    },
    {
        "start": "07:23.92",
        "stop": "07:24.84",
        "speaker": "Tutor",
        "dialogue": "Yes, Absolutely."
    },
    {
        "start": "07:25.28",
        "stop": "07:30.80",
        "speaker": "Tutor",
        "dialogue": "where do you think Point B would be located on the map?"
    },
    {
        "start": "07:38.88",
        "stop": "07:41.24",
        "speaker": "Student",
        "dialogue": "I think it could be around here."
    },
    {
        "start": "07:43.60",
        "stop": "07:44.44",
        "speaker": "Tutor",
        "dialogue": "Okay, cool."
    },
    {
        "start": "07:44.56",
        "stop": "07:45.28",
        "speaker": "Tutor",
        "dialogue": "make a prediction."
    },
    {
        "start": "07:45.52",
        "stop": "07:46.56",
        "speaker": "Tutor",
        "dialogue": "Put it where you think it is."
    },
    {
        "start": "07:46.76",
        "stop": "07:47.12",
        "speaker": "Tutor",
        "dialogue": "Label it."
    },
    {
        "start": "07:57.68",
        "stop": "07:57.96",
        "speaker": "Tutor",
        "dialogue": "Nice."
    },
    {
        "start": "07:58.64",
        "stop": "07:59.16",
        "speaker": "Tutor",
        "dialogue": "Keep going."
    },
    {
        "start": "07:59.32",
        "stop": "08:01.84",
        "speaker": "Tutor",
        "dialogue": "Where do you think Point A would be located?"
    },
    {
        "start": "08:02.08",
        "stop": "08:55.60",
        "speaker": "Tutor",
        "dialogue": "Point C, and so on, Right Cool."
    },
    {
        "start": "08:56.48",
        "stop": "09:04.96",
        "speaker": "Tutor",
        "dialogue": "So you've labeled each of your points on the map now, and I want you to justify or tell me why you put the points where you did."
    },
    {
        "start": "09:06.28",
        "stop": "09:38.32",
        "speaker": "Student",
        "dialogue": "Um, I think A should be the beginning, cause at that time they were not moving, so they must have been in the same spot and they moved on to B. It went like a little further away and C was really close to it, so I placed C right next to B, and they went more further away into D. so I moved a little down, and E would probably be near New York, so that's where I put and then um F would be their Ac, the location that they went to New York."
    },
    {
        "start": "09:38.88",
        "stop": "09:46.56",
        "speaker": "Tutor",
        "dialogue": "So, when you're saying like B is a little more down, and C is kind of close to B, are you looking at the distance of this blue line?"
    },
    {
        "start": "09:47.36",
        "stop": "09:51.24",
        "speaker": "Tutor",
        "dialogue": "Yeah, when you're paying attention to that, Okay, cool, that's helpful."
    },
    {
        "start": "09:51.36",
        "stop": "09:56.72",
        "speaker": "Tutor",
        "dialogue": "That's what I thought you were describing, but I wanted to make sure Okay, so now I'm going to type"
    },
    {
        "start": "09:56.84",
        "stop": "10:01.68",
        "speaker": "Tutor",
        "dialogue": "some words in purple and I'm going to call them"
    },
    {
        "start": "10:01.76",
        "stop": "10:02.96",
        "speaker": "Tutor",
        "dialogue": "the Purple power words."
    },
    {
        "start": "10:04.32",
        "stop": "10:13.76",
        "speaker": "Tutor",
        "dialogue": "Okay after I type them, I want you to think about describing what's happening from A to B using these words."
    },
    {
        "start": "10:14.48",
        "stop": "10:46.04",
        "speaker": "Tutor",
        "dialogue": "Ok, so we're going to use those words and we're going to be thinking about distance and miles and we're going to be thinking about time and hours, so all of these things are our purple powerwords."
    },
    {
        "start": "10:47.48",
        "stop": "10:52.20",
        "speaker": "Student",
        "dialogue": "Oky, um, so both the time and distance are increasing from point"
    },
    {
        "start": "10:52.28",
        "stop": "10:52.64",
        "speaker": "Student",
        "dialogue": "A to?"
    },
    {
        "start": "10:52.80",
        "stop": "10:58.08",
        "speaker": "Tutor",
        "dialogue": "B, Okay, do you know how much the time and how much the distance is increasing?"
    },
    {
        "start": "10:59.60",
        "stop": "11:06.92",
        "speaker": "Student",
        "dialogue": "The time is going um up by sixty minutes and fifty miles, I believe."
    },
    {
        "start": "11:07.84",
        "stop": "11:13.28",
        "speaker": "Tutor",
        "dialogue": "Okay, so from A to B, the time is increasing by how much?"
    },
    {
        "start": "11:14.16",
        "stop": "11:14.96",
        "speaker": "Student",
        "dialogue": "Sixty minutes."
    },
    {
        "start": "11:17.52",
        "stop": "11:19.56",
        "speaker": "Tutor",
        "dialogue": "And the distance, what's going on with?"
    },
    {
        "start": "11:19.68",
        "stop": "11:23.00",
        "speaker": "Student",
        "dialogue": "It, um, they're going fifty miles."
    },
    {
        "start": "11:23.84",
        "stop": "11:24.76",
        "speaker": "Tutor",
        "dialogue": "Is it increasing?"
    },
    {
        "start": "11:25.04",
        "stop": "11:26.20",
        "speaker": "Tutor",
        "dialogue": "Do Is increasing?"
    },
    {
        "start": "11:26.36",
        "stop": "11:29.40",
        "speaker": "Tutor",
        "dialogue": "Okay, so it's increasing by fifty miles."
    },
    {
        "start": "11:32.60",
        "stop": "11:34.68",
        "speaker": "Student",
        "dialogue": "Yes, Oky."
    },
    {
        "start": "11:36.00",
        "stop": "11:40.36",
        "speaker": "Tutor",
        "dialogue": "I typed what I think I heard you saying, Rita, and let me know if you want me to change anything."
    },
    {
        "start": "11:44.48",
        "stop": "11:45.08",
        "speaker": "Tutor",
        "dialogue": "It's correct."
    },
    {
        "start": "11:45.44",
        "stop": "11:45.60",
        "speaker": "Tutor",
        "dialogue": "Ok."
    },
    {
        "start": "11:46.04",
        "stop": "11:48.84",
        "speaker": "Tutor",
        "dialogue": "How did you know the distance was increasing fifty miles?"
    },
    {
        "start": "11:48.92",
        "stop": "11:49.64",
        "speaker": "Tutor",
        "dialogue": "Where did you see?"
    },
    {
        "start": "11:49.72",
        "stop": "11:55.44",
        "speaker": "Student",
        "dialogue": "That I saw it by the line going upwards, Um, giv me the indication."
    },
    {
        "start": "11:55.72",
        "stop": "11:57.00",
        "speaker": "Student",
        "dialogue": "It's probably going higher."
    },
    {
        "start": "11:57.40",
        "stop": "12:01.24",
        "speaker": "Student",
        "dialogue": "and since it's from zero, I would also assume point, um."
    },
    {
        "start": "12:01.72",
        "stop": "12:02.12",
        "speaker": "Student",
        "dialogue": "The The."
    },
    {
        "start": "12:02.40",
        "stop": "12:03.60",
        "speaker": "Student",
        "dialogue": "This would also be zero."
    },
    {
        "start": "12:04.12",
        "stop": "12:06.72",
        "speaker": "Student",
        "dialogue": "So it, the number's also increasing."
    },
    {
        "start": "12:07.64",
        "stop": "12:11.60",
        "speaker": "Tutor",
        "dialogue": "All right, so distance is increasing by fifty miles Here."
    },
    {
        "start": "12:13.36",
        "stop": "12:16.08",
        "speaker": "Tutor",
        "dialogue": "Yes, and time is increasing by one hour Here."
    },
    {
        "start": "12:17.28",
        "stop": "12:25.28",
        "speaker": "Tutor",
        "dialogue": "Yeah, so from A to B, this line represents distance increasing by fifty miles and time increasing by one hour."
    },
    {
        "start": "12:26.36",
        "stop": "12:32.72",
        "speaker": "Tutor",
        "dialogue": "Yes, Okay, same thing, purple Power words, What's going on from B to?"
    },
    {
        "start": "12:32.88",
        "stop": "12:44.04",
        "speaker": "Student",
        "dialogue": "C. I think M. they're staying at the same, except in this the time is increasing, but the miles is the same."
    },
    {
        "start": "12:44.84",
        "stop": "12:49.08",
        "speaker": "Tutor",
        "dialogue": "Okay, so last time I typed everything for you right here."
    },
    {
        "start": "12:49.96",
        "stop": "12:59.92",
        "speaker": "Tutor",
        "dialogue": "Yeah, this time I want you to type a sentence that describes what's happening from B to C using those purple power words."
    },
    {
        "start": "13:34.08",
        "stop": "13:34.80",
        "speaker": "Student",
        "dialogue": "Okay, I'm done."
    },
    {
        "start": "13:35.52",
        "stop": "13:36.16",
        "speaker": "Tutor",
        "dialogue": "Okay, cool."
    },
    {
        "start": "13:36.28",
        "stop": "13:37.24",
        "speaker": "Tutor",
        "dialogue": "Read it out loud for me."
    },
    {
        "start": "13:37.96",
        "stop": "13:43.60",
        "speaker": "Student",
        "dialogue": "From B to C, the time is increasing by thirty minutes, while the miles are staying the same cool."
    },
    {
        "start": "13:44.08",
        "stop": "13:47.64",
        "speaker": "Tutor",
        "dialogue": "So your words here, think about."
    },
    {
        "start": "13:47.80",
        "stop": "13:49.84",
        "speaker": "Tutor",
        "dialogue": "Do they match what you put on the map?"
    },
    {
        "start": "13:56.36",
        "stop": "13:59.72",
        "speaker": "Student",
        "dialogue": "Um, I think the Cea should be right next to Bcause."
    },
    {
        "start": "13:59.80",
        "stop": "14:00.56",
        "speaker": "Student",
        "dialogue": "they would stay the."
    },
    {
        "start": "14:00.64",
        "stop": "14:02.44",
        "speaker": "Tutor",
        "dialogue": "Same, so you want to revise your thinking."
    },
    {
        "start": "14:03.28",
        "stop": "14:03.32",
        "speaker": "Student",
        "dialogue": "Yeah."
    },
    {
        "start": "14:03.88",
        "stop": "14:05.96",
        "speaker": "Tutor",
        "dialogue": "Are we allowed to revise our thinking and math?"
    },
    {
        "start": "14:07.00",
        "stop": "14:08.88",
        "speaker": "Tutor",
        "dialogue": "Yes, absolutely cool."
    },
    {
        "start": "14:09.08",
        "stop": "14:09.64",
        "speaker": "Tutor",
        "dialogue": "So go for it."
    },
    {
        "start": "14:09.76",
        "stop": "14:11.32",
        "speaker": "Tutor",
        "dialogue": "Revise it how you want to revise it."
    },
    {
        "start": "14:20.68",
        "stop": "14:25.20",
        "speaker": "Tutor",
        "dialogue": "So why do you think C and D are right next to each other or the same point now?"
    },
    {
        "start": "14:26.84",
        "stop": "14:31.32",
        "speaker": "Student",
        "dialogue": "I think they're the same point, because Uh, showing the graph, the miles do not change."
    },
    {
        "start": "14:31.44",
        "stop": "14:35.20",
        "speaker": "Student",
        "dialogue": "They are constant while the time is increasing."
    },
    {
        "start": "14:36.36",
        "stop": "14:38.60",
        "speaker": "Tutor",
        "dialogue": "Oh, you just added a new power word."
    },
    {
        "start": "14:39.16",
        "stop": "14:41.72",
        "speaker": "Tutor",
        "dialogue": "so you said something was constant."
    },
    {
        "start": "14:44.60",
        "stop": "14:47.36",
        "speaker": "Tutor",
        "dialogue": "That's another way of thinking about something staying the same"
    },
    {
        "start": "14:51.60",
        "stop": "14:53.60",
        "speaker": "Tutor",
        "dialogue": "Ok out loud."
    },
    {
        "start": "14:54.40",
        "stop": "14:57.64",
        "speaker": "Tutor",
        "dialogue": "Describe with those purple power words, what's going on from C. to?"
    },
    {
        "start": "14:57.76",
        "stop": "15:00.80",
        "speaker": "Student",
        "dialogue": "D, k, um."
    },
    {
        "start": "15:01.24",
        "stop": "15:07.20",
        "speaker": "Student",
        "dialogue": "is the miles from point C to D are increasing, while the time is also increasing."
    },
    {
        "start": "15:08.60",
        "stop": "15:09.40",
        "speaker": "Tutor",
        "dialogue": "What about D?"
    },
    {
        "start": "15:09.64",
        "stop": "15:09.68",
        "speaker": "Tutor",
        "dialogue": "to?"
    },
    {
        "start": "15:09.84",
        "stop": "15:18.64",
        "speaker": "Student",
        "dialogue": "E, I, they both are increasing, Um, the distance and time."
    },
    {
        "start": "15:19.80",
        "stop": "15:22.64",
        "speaker": "Tutor",
        "dialogue": "How come from A to B?"
    },
    {
        "start": "15:23.24",
        "stop": "15:36.24",
        "speaker": "Tutor",
        "dialogue": "the distance and time are increasing from C to D. the distance and time are increasing, and from D to E, the distance and time are increasing, But sometimes it's a straight line and sometimes it's a bumpy line."
    },
    {
        "start": "15:39.00",
        "stop": "15:42.96",
        "speaker": "Student",
        "dialogue": "I think the bumpy line could be that there would be stops."
    },
    {
        "start": "15:43.72",
        "stop": "15:47.92",
        "speaker": "Student",
        "dialogue": "Um, so the time would increase, but they were moving slowly towards New York."
    },
    {
        "start": "15:49.16",
        "stop": "15:56.88",
        "speaker": "Tutor",
        "dialogue": "Ah, and earlier you said something about rate, and did you say faster also?"
    },
    {
        "start": "15:58.00",
        "stop": "15:59.56",
        "speaker": "Student",
        "dialogue": "I, um, I took constant."
    },
    {
        "start": "15:59.96",
        "stop": "16:01.64",
        "speaker": "Tutor",
        "dialogue": "Constant, Okay, so yeah, So"
    },
    {
        "start": "16:01.80",
        "stop": "16:06.80",
        "speaker": "Tutor",
        "dialogue": "there's this constant and there's rate and there's moving slowly or stopping."
    },
    {
        "start": "16:07.92",
        "stop": "16:11.84",
        "speaker": "Tutor",
        "dialogue": "So I wonder why there is a straight line here."
    },
    {
        "start": "16:12.68",
        "stop": "16:18.32",
        "speaker": "Tutor",
        "dialogue": "What is constant or smooth or staying the same, And what is changing here?"
    },
    {
        "start": "16:25.20",
        "stop": "16:31.12",
        "speaker": "Student",
        "dialogue": "I think that I'm not too sure about this one."
    },
    {
        "start": "16:33.20",
        "stop": "16:33.84",
        "speaker": "Tutor",
        "dialogue": "Take a risk."
    },
    {
        "start": "16:34.28",
        "stop": "16:35.28",
        "speaker": "Tutor",
        "dialogue": "Take your best guess."
    },
    {
        "start": "16:35.88",
        "stop": "16:38.84",
        "speaker": "Tutor",
        "dialogue": "What do you think might be happening with the car?"
    },
    {
        "start": "16:40.48",
        "stop": "16:43.08",
        "speaker": "Tutor",
        "dialogue": "That's different here and here?"
    },
    {
        "start": "16:43.76",
        "stop": "17:01.04",
        "speaker": "Student",
        "dialogue": "I think there must have been traffic, so there have stoppages and the time would be still going, Because yeah, um, so, while that happens, the distance wouldn't really change so fat so constantly as it did from a D."
    },
    {
        "start": "17:01.64",
        "stop": "17:03.56",
        "speaker": "Tutor",
        "dialogue": "Yeah, so something is constant."
    },
    {
        "start": "17:04.24",
        "stop": "17:14.08",
        "speaker": "Tutor",
        "dialogue": "It has something to do with fast and slow and it's weird because the distance and time are both increasing in each."
    },
    {
        "start": "17:14.20",
        "stop": "17:15.68",
        "speaker": "Tutor",
        "dialogue": "But but there's a thing."
    },
    {
        "start": "17:16.00",
        "stop": "17:17.76",
        "speaker": "Tutor",
        "dialogue": "There's another thing going on here"
    },
    {
        "start": "17:19.32",
        "stop": "17:21.72",
        "speaker": "Tutor",
        "dialogue": "That it's moving constantly here."
    },
    {
        "start": "17:22.20",
        "stop": "17:24.08",
        "speaker": "Tutor",
        "dialogue": "but here it's stopping and going."
    },
    {
        "start": "17:24.92",
        "stop": "17:26.60",
        "speaker": "Tutor",
        "dialogue": "What do you think that thing might be?"
    },
    {
        "start": "17:37.20",
        "stop": "17:44.28",
        "speaker": "Tutor",
        "dialogue": "Is the car moving in the same way this whole timem?"
    },
    {
        "start": "17:46.20",
        "stop": "17:51.16",
        "speaker": "Student",
        "dialogue": "Well, from A to D, it was moving the the same."
    },
    {
        "start": "17:51.36",
        "stop": "18:07.40",
        "speaker": "Tutor",
        "dialogue": "But so from A to c, B is the car moving?"
    },
    {
        "start": "18:08.36",
        "stop": "18:08.40",
        "speaker": "Student",
        "dialogue": "Yeah."
    },
    {
        "start": "18:08.88",
        "stop": "18:11.56",
        "speaker": "Tutor",
        "dialogue": "Okay, from B to C is the car moving?"
    },
    {
        "start": "18:12.56",
        "stop": "18:16.04",
        "speaker": "Tutor",
        "dialogue": "No, No, So from A to B, it's moving in some way."
    },
    {
        "start": "18:17.24",
        "stop": "18:28.64",
        "speaker": "Tutor",
        "dialogue": "B to C. the car is stopped so it's not moving from C to D. Is the car moving in some way and from D to E, the car is moving in some way."
    },
    {
        "start": "18:29.72",
        "stop": "18:32.52",
        "speaker": "Tutor",
        "dialogue": "Yes, what's similar or different to how the car is moving?"
    },
    {
        "start": "18:35.36",
        "stop": "18:37.80",
        "speaker": "Student",
        "dialogue": "So they both are moving, but they're"
    },
    {
        "start": "18:38.12",
        "stop": "18:41.56",
        "speaker": "Student",
        "dialogue": "The line is very bumpy, so there, ha, um."
    },
    {
        "start": "18:41.64",
        "stop": "18:48.20",
        "speaker": "Student",
        "dialogue": "there must be something stopping him from moving Um faster like traffic."
    },
    {
        "start": "18:49.40",
        "stop": "18:58.24",
        "speaker": "Tutor",
        "dialogue": "Yeah, so from D to E, the car is moving and then it slows down or stops and then it's moving and speeds up and slows down."
    },
    {
        "start": "18:58.84",
        "stop": "19:02.16",
        "speaker": "Tutor",
        "dialogue": "And you've used these words like faster and slower and constant."
    },
    {
        "start": "19:02.72",
        "stop": "19:05.60",
        "speaker": "Tutor",
        "dialogue": "Those are all ways of thinking about the speed of the car."
    },
    {
        "start": "19:08.84",
        "stop": "19:11.44",
        "speaker": "Tutor",
        "dialogue": "So is the speed of the car over the whole journey"
    },
    {
        "start": "19:11.76",
        "stop": "19:13.56",
        "speaker": "Tutor",
        "dialogue": "staying the same, Or is it changing?"
    },
    {
        "start": "19:14.12",
        "stop": "19:14.96",
        "speaker": "Student",
        "dialogue": "It's changing."
    },
    {
        "start": "19:15.72",
        "stop": "19:17.48",
        "speaker": "Tutor",
        "dialogue": "Walk me through how it's changing."
    },
    {
        "start": "19:19.00",
        "stop": "19:22.36",
        "speaker": "Student",
        "dialogue": "So from A to B, it is constant."
    },
    {
        "start": "19:23.04",
        "stop": "19:35.12",
        "speaker": "Student",
        "dialogue": "B, it stops, and then C to D. it is also going the same, but when it gets to D, n da E, there are stops and so the speed is slower."
    },
    {
        "start": "19:37.52",
        "stop": "19:41.28",
        "speaker": "Tutor",
        "dialogue": "Is the speed staying constant from D to E, or is the speed varying?"
    },
    {
        "start": "19:42.16",
        "stop": "19:43.20",
        "speaker": "Student",
        "dialogue": "The speed varying."
    },
    {
        "start": "19:43.64",
        "stop": "19:45.72",
        "speaker": "Tutor",
        "dialogue": "Cool, so we're going to add a few more words here."
    },
    {
        "start": "19:45.80",
        "stop": "19:48.40",
        "speaker": "Tutor",
        "dialogue": "we're going to add speed to our purple power word bank."
    },
    {
        "start": "19:49.20",
        "stop": "19:50.60",
        "speaker": "Tutor",
        "dialogue": "And how do we measure speed?"
    },
    {
        "start": "19:50.84",
        "stop": "19:53.04",
        "speaker": "Tutor",
        "dialogue": "What's the unit we use to keep track of speed?"
    },
    {
        "start": "20:03.72",
        "stop": "20:04.96",
        "speaker": "Student",
        "dialogue": "Wouldn't it be miles?"
    },
    {
        "start": "20:05.68",
        "stop": "20:07.60",
        "speaker": "Student",
        "dialogue": "Yeah, um miles per hour."
    },
    {
        "start": "20:07.92",
        "stop": "20:13.84",
        "speaker": "Tutor",
        "dialogue": "Yeah, it's the relationship of miles two hours, and we call that miles per hour."
    },
    {
        "start": "20:13.92",
        "stop": "20:25.48",
        "speaker": "Tutor",
        "dialogue": "So if you see like a speed limit on the side of the road and it says fifty five, that's say in fiftyfive miles per hour or thirty miles per hour in a school zone or something"
    },
    {
        "start": "20:25.56",
        "stop": "20:30.40",
        "speaker": "Tutor",
        "dialogue": "like that, So miles per hour is the unit that we keep track of speed with."
    },
    {
        "start": "20:32.32",
        "stop": "20:37.00",
        "speaker": "Tutor",
        "dialogue": "So do we have enough information to figure out the speed of the car or how fast the car is going?"
    },
    {
        "start": "20:40.00",
        "stop": "20:44.12",
        "speaker": "Tutor",
        "dialogue": "So I, we may or may not, let's take a risk and try it."
    },
    {
        "start": "20:44.72",
        "stop": "20:47.76",
        "speaker": "Tutor",
        "dialogue": "What would we need to know to be able to figure out the speed?"
    },
    {
        "start": "20:49.52",
        "stop": "20:53.24",
        "speaker": "Student",
        "dialogue": "Weold to know the miles fully on the Gra."
    },
    {
        "start": "20:55.16",
        "stop": "20:56.84",
        "speaker": "Tutor",
        "dialogue": "So let's take one section at a time."
    },
    {
        "start": "20:57.04",
        "stop": "20:59.28",
        "speaker": "Tutor",
        "dialogue": "Could we figure out the speed of the car from A to?"
    },
    {
        "start": "20:59.36",
        "stop": "21:03.40",
        "speaker": "Student",
        "dialogue": "B, fifty miles."
    },
    {
        "start": "21:04.84",
        "stop": "21:08.56",
        "speaker": "Tutor",
        "dialogue": "Oka, so you know that the car is travelling fifty miles from A to B?"
    },
    {
        "start": "21:10.32",
        "stop": "21:11.80",
        "speaker": "Tutor",
        "dialogue": "Is that enough to tell us the speed?"
    },
    {
        "start": "21:17.96",
        "stop": "21:25.24",
        "speaker": "Student",
        "dialogue": "We also need the time, so that, uh, one hour or sixteen minutes, Yeah one."
    },
    {
        "start": "21:25.32",
        "stop": "21:29.04",
        "speaker": "Tutor",
        "dialogue": "Hour and both of those mean the same thing, right, sixty minutes or one hour."
    },
    {
        "start": "21:30.36",
        "stop": "21:38.56",
        "speaker": "Tutor",
        "dialogue": "But if we're measuring speed and miles per hour, that means we need to know the relationship of miles per one hour."
    },
    {
        "start": "21:40.44",
        "stop": "21:42.96",
        "speaker": "Tutor",
        "dialogue": "So how fast is the car going from A to?"
    },
    {
        "start": "21:43.04",
        "stop": "21:45.84",
        "speaker": "Student",
        "dialogue": "B, it's going pretty Fa."
    },
    {
        "start": "21:46.08",
        "stop": "21:53.68",
        "speaker": "Student",
        "dialogue": "it's goingw."
    },
    {
        "start": "21:53.80",
        "stop": "21:54.12",
        "speaker": "Tutor",
        "dialogue": "Fast."
    },
    {
        "start": "22:08.44",
        "stop": "22:08.64",
        "speaker": "Student",
        "dialogue": "Could?"
    },
    {
        "start": "22:08.72",
        "stop": "22:08.76",
        "speaker": "Tutor",
        "dialogue": "It."
    },
    {
        "start": "22:08.92",
        "stop": "22:25.32",
        "speaker": "Student",
        "dialogue": "Be like, um, ten miles per minute, but if like, you'd look at in that way, 'cause in one hour they're sixty minutes, and the grapht you would know how much they're going per minute to find out the miles."
    },
    {
        "start": "22:25.80",
        "stop": "22:29.04",
        "speaker": "Tutor",
        "dialogue": "Yeah, we can find out how many miles they've traveled per minute."
    },
    {
        "start": "22:29.48",
        "stop": "22:45.04",
        "speaker": "Tutor",
        "dialogue": "Absolutely, if we want to find out this unit of miles per hour, we would want to know how many miles the car has traveled in one hour, or how many miles it would have traveleed"
    },
    {
        "start": "22:45.12",
        "stop": "22:56.00",
        "speaker": "Tutor",
        "dialogue": "if it continued at that same rate for one hour, So from A to B, do we know how many miles the car traveled in one hourse we."
    },
    {
        "start": "22:56.16",
        "stop": "23:01.24",
        "speaker": "Student",
        "dialogue": "Do um, if it went fifty miles."
    },
    {
        "start": "23:02.08",
        "stop": "23:03.04",
        "speaker": "Tutor",
        "dialogue": "In how much time?"
    },
    {
        "start": "23:03.88",
        "stop": "23:05.20",
        "speaker": "Student",
        "dialogue": "In one hour, Yup."
    },
    {
        "start": "23:05.84",
        "stop": "23:09.04",
        "speaker": "Tutor",
        "dialogue": "So that means we know the speed of the car."
    },
    {
        "start": "23:10.04",
        "stop": "23:14.12",
        "speaker": "Tutor",
        "dialogue": "The speed of the car is fifty miles per hour."
    },
    {
        "start": "23:14.96",
        "stop": "23:23.00",
        "speaker": "Tutor",
        "dialogue": "I'm going to put that up herell."
    },
    {
        "start": "23:23.12",
        "stop": "23:23.20",
        "speaker": "Student",
        "dialogue": "Right?"
    },
    {
        "start": "23:23.24",
        "stop": "23:24.68",
        "speaker": "Tutor",
        "dialogue": "Do you see what I added to this box?"
    },
    {
        "start": "23:26.20",
        "stop": "23:26.40",
        "speaker": "Student",
        "dialogue": "Yes."
    },
    {
        "start": "23:27.60",
        "stop": "23:36.48",
        "speaker": "Tutor",
        "dialogue": "My question to you about the speed now from A to B. does this line mean the speed is changing or staying the same?"
    },
    {
        "start": "23:40.40",
        "stop": "23:45.08",
        "speaker": "Student",
        "dialogue": "I think it staying the sameed."
    },
    {
        "start": "23:45.52",
        "stop": "23:46.60",
        "speaker": "Student",
        "dialogue": "It's umpy."
    },
    {
        "start": "23:47.68",
        "stop": "24:03.88",
        "speaker": "Tutor",
        "dialogue": "Yeah, it's that that that linear relationship that creates that straight line, Y is telling us that the car is moving at a constant rate, which you started talking about in the very beginning of our time together."
    },
    {
        "start": "24:04.00",
        "stop": "24:04.68",
        "speaker": "Tutor",
        "dialogue": "Do you remember that?"
    },
    {
        "start": "24:05.32",
        "stop": "24:07.04",
        "speaker": "Tutor",
        "dialogue": "Yeah, Yeah, so your brain was like"
    },
    {
        "start": "24:07.12",
        "stop": "24:09.24",
        "speaker": "Tutor",
        "dialogue": "this has something to do with rate, right?"
    },
    {
        "start": "24:10.04",
        "stop": "24:10.24",
        "speaker": "Student",
        "dialogue": "Yes."
    },
    {
        "start": "24:10.64",
        "stop": "24:19.84",
        "speaker": "Tutor",
        "dialogue": "The rate of the of this situation is the relationship between miles and hours, which happens to be speed."
    },
    {
        "start": "24:20.80",
        "stop": "24:30.76",
        "speaker": "Tutor",
        "dialogue": "So speed is the rate, and this line here tells us that it's a constant rate, so that mean the speed is not changing."
    },
    {
        "start": "24:31.12",
        "stop": "24:36.48",
        "speaker": "Tutor",
        "dialogue": "It's staying the same from A to B. So have you ever been in a car?"
    },
    {
        "start": "24:37.28",
        "stop": "24:38.96",
        "speaker": "Tutor",
        "dialogue": "Yeah, do you know what cruise control?"
    },
    {
        "start": "24:39.12",
        "stop": "24:41.12",
        "speaker": "Student",
        "dialogue": "Is cruise control?"
    },
    {
        "start": "24:41.40",
        "stop": "24:44.52",
        "speaker": "Student",
        "dialogue": "Yeah, It's like auto pilo, like ites by."
    },
    {
        "start": "24:45.72",
        "stop": "24:48.96",
        "speaker": "Tutor",
        "dialogue": "You push a button and it makes the car stay at a constant speed."
    },
    {
        "start": "24:49.36",
        "stop": "24:51.68",
        "speaker": "Tutor",
        "dialogue": "You don't have to keep putting your foot on the gas or brake."
    },
    {
        "start": "24:52.76",
        "stop": "25:06.32",
        "speaker": "Tutor",
        "dialogue": "Yeah, so from A to B, the car is travelling fifty miles an hour at a constant speed of fifty miles an hour, so it's not speeding up or slowing down from D to E. Is the car speeding up or slowing down?"
    },
    {
        "start": "25:07.12",
        "stop": "25:10.60",
        "speaker": "Tutor",
        "dialogue": "Yes, So is it moving at a constant rate or a constant speed?"
    },
    {
        "start": "25:12.24",
        "stop": "25:20.68",
        "speaker": "Tutor",
        "dialogue": "No, So the speed is changing from D to e. Yes, I have one more question before I uncover something else."
    },
    {
        "start": "25:23.32",
        "stop": "25:27.84",
        "speaker": "Tutor",
        "dialogue": "How come from A to B?"
    },
    {
        "start": "25:28.12",
        "stop": "25:28.32",
        "speaker": "Tutor",
        "dialogue": "Here?"
    },
    {
        "start": "25:30.20",
        "stop": "25:31.24",
        "speaker": "Tutor",
        "dialogue": "the line is Kirby."
    },
    {
        "start": "25:32.68",
        "stop": "25:35.20",
        "speaker": "Tutor",
        "dialogue": "I didn't do a very good job of following the curve of the line."
    },
    {
        "start": "25:36.72",
        "stop": "25:41.72",
        "speaker": "Student",
        "dialogue": "I think it could be Kirby because of the pathway caause, That's like the road."
    },
    {
        "start": "25:41.96",
        "stop": "25:48.04",
        "speaker": "Student",
        "dialogue": "but while this, the graph is just showing like the miles, it's not really showing the miles in the map."
    },
    {
        "start": "25:49.40",
        "stop": "25:50.80",
        "speaker": "Tutor",
        "dialogue": "It's not showing the miles in the map."
    },
    {
        "start": "25:50.88",
        "stop": "25:52.12",
        "speaker": "Tutor",
        "dialogue": "It's only showing it in the graph."
    },
    {
        "start": "25:53.20",
        "stop": "25:55.96",
        "speaker": "Student",
        "dialogue": "Yeahw."
    },
    {
        "start": "25:56.00",
        "stop": "25:57.60",
        "speaker": "Tutor",
        "dialogue": "Many miles has the car traveled."
    },
    {
        "start": "26:00.28",
        "stop": "26:03.40",
        "speaker": "Student",
        "dialogue": "Far total from A to a F."
    },
    {
        "start": "26:03.80",
        "stop": "26:07.20",
        "speaker": "Tutor",
        "dialogue": "No, just A to B. Can you peat that?"
    },
    {
        "start": "26:07.48",
        "stop": "26:10.80",
        "speaker": "Tutor",
        "dialogue": "Yup just from A to B. How many miles has the car traveled?"
    },
    {
        "start": "26:11.36",
        "stop": "26:12.12",
        "speaker": "Student",
        "dialogue": "Fifty miles."
    },
    {
        "start": "26:12.80",
        "stop": "26:29.20",
        "speaker": "Tutor",
        "dialogue": "So this is representing the car travelling fifty miles, and this is representing the car traveling fifty miles, Y. So how come it's a curvey line here and a straight line here?"
    },
    {
        "start": "26:41.92",
        "stop": "26:52.68",
        "speaker": "Student",
        "dialogue": "I think it's because it's a map and not like the graph, because in the graph they're showing like how many miles they're going per hour, even though it would show like it's going fifty miles."
    },
    {
        "start": "26:53.12",
        "stop": "26:58.00",
        "speaker": "Student",
        "dialogue": "It's not showing if the the car is constant or's um."
    },
    {
        "start": "26:58.24",
        "stop": "26:58.60",
        "speaker": "Student",
        "dialogue": "varying."
    },
    {
        "start": "26:59.76",
        "stop": "27:01.48",
        "speaker": "Tutor",
        "dialogue": "The car, that's constant or varying."
    },
    {
        "start": "27:02.88",
        "stop": "27:06.28",
        "speaker": "Tutor",
        "dialogue": "Yeah, and even more specifically the speed of the car."
    },
    {
        "start": "27:08.52",
        "stop": "27:23.28",
        "speaker": "Tutor",
        "dialogue": "Yes, so the map is keeping track of the actual shape of the road, but the graph is keeping track of the relationship of how distance and time are changing together, which is telling us the speed of the car."
    },
    {
        "start": "27:24.48",
        "stop": "27:25.52",
        "speaker": "Tutor",
        "dialogue": "Yeah, cool."
    },
    {
        "start": "27:26.48",
        "stop": "27:26.84",
        "speaker": "Tutor",
        "dialogue": "all right."
    },
    {
        "start": "27:27.04",
        "stop": "27:30.36",
        "speaker": "Tutor",
        "dialogue": "So now we're going to be thinking about speed before we do."
    },
    {
        "start": "27:31.04",
        "stop": "27:32.60",
        "speaker": "Tutor",
        "dialogue": "I want to recap a graph."
    },
    {
        "start": "27:33.36",
        "stop": "27:35.96",
        "speaker": "Tutor",
        "dialogue": "Do you know what a graph does or what a graph keeps track?"
    },
    {
        "start": "27:36.04",
        "stop": "27:46.56",
        "speaker": "Student",
        "dialogue": "Of, it's like a organizer between, like relationship between two things, like, for here"
    },
    {
        "start": "27:46.64",
        "stop": "27:47.48",
        "speaker": "Student",
        "dialogue": "it's a speed."
    },
    {
        "start": "27:48.72",
        "stop": "27:51.92",
        "speaker": "Tutor",
        "dialogue": "Yeah, you used a very powerful word relationship."
    },
    {
        "start": "27:53.40",
        "stop": "27:57.48",
        "speaker": "Tutor",
        "dialogue": "A graph will describe the relationship of a lot of things."
    },
    {
        "start": "27:58.44",
        "stop": "28:02.60",
        "speaker": "Tutor",
        "dialogue": "So on one axis we have something that is changing."
    },
    {
        "start": "28:03.52",
        "stop": "28:05.00",
        "speaker": "Tutor",
        "dialogue": "in this particular situation."
    },
    {
        "start": "28:05.08",
        "stop": "28:07.20",
        "speaker": "Tutor",
        "dialogue": "It's distance and we're using miles."
    },
    {
        "start": "28:07.72",
        "stop": "28:12.52",
        "speaker": "Tutor",
        "dialogue": "But this one axis is always describing how one thing is changing."
    },
    {
        "start": "28:13.92",
        "stop": "28:26.16",
        "speaker": "Tutor",
        "dialogue": "The other axis is describing how another thing is changing, and what's in the middle is describing the relationship of how these two things are changing together."
    },
    {
        "start": "28:27.56",
        "stop": "28:33.04",
        "speaker": "Tutor",
        "dialogue": "So whenever you see a graph, no matter what the things are, it could be height."
    },
    {
        "start": "28:33.56",
        "stop": "28:34.44",
        "speaker": "Tutor",
        "dialogue": "it could be weight."
    },
    {
        "start": "28:35.04",
        "stop": "28:37.64",
        "speaker": "Tutor",
        "dialogue": "It could be all sorts of different things."
    },
    {
        "start": "28:38.28",
        "stop": "28:42.40",
        "speaker": "Tutor",
        "dialogue": "But one W. I encourage you to think about"
    },
    {
        "start": "28:42.64",
        "stop": "28:45.16",
        "speaker": "Tutor",
        "dialogue": "what's the thing, And how is it changing?"
    },
    {
        "start": "28:45.68",
        "stop": "28:48.00",
        "speaker": "Tutor",
        "dialogue": "Is it increasing, decreasing or staying the same?"
    },
    {
        "start": "28:48.92",
        "stop": "28:49.80",
        "speaker": "Tutor",
        "dialogue": "What's the other thing?"
    },
    {
        "start": "28:50.32",
        "stop": "28:53.96",
        "speaker": "Tutor",
        "dialogue": "How is it changing, increasing, decreasing or staying the same."
    },
    {
        "start": "28:54.56",
        "stop": "28:57.92",
        "speaker": "Tutor",
        "dialogue": "And then how are those two things changing together?"
    },
    {
        "start": "28:59.84",
        "stop": "29:00.64",
        "speaker": "Tutor",
        "dialogue": "Does that make sense?"
    },
    {
        "start": "29:01.44",
        "stop": "29:01.60",
        "speaker": "Student",
        "dialogue": "Yes."
    },
    {
        "start": "29:03.04",
        "stop": "29:08.12",
        "speaker": "Tutor",
        "dialogue": "Sometimes we think graphs are just about putting a point or plotting ordered pairs, and then connecting lines."
    },
    {
        "start": "29:08.84",
        "stop": "29:13.84",
        "speaker": "Tutor",
        "dialogue": "Making sense of graphs is thinking about the relationship of how the things are changing."
    },
    {
        "start": "29:15.36",
        "stop": "29:20.88",
        "speaker": "Tutor",
        "dialogue": "Yes, so now you're going to create your own graphk."
    },
    {
        "start": "29:21.32",
        "stop": "29:21.36",
        "speaker": "Student",
        "dialogue": "And?"
    },
    {
        "start": "29:21.56",
        "stop": "29:28.68",
        "speaker": "Tutor",
        "dialogue": "This graph is going to keep track of how time is changing and how speed is changing in this same situation."
    },
    {
        "start": "29:34.88",
        "stop": "29:40.28",
        "speaker": "Tutor",
        "dialogue": "So if you want some time to think, feel free and then sketch what you think the graph would look like."
    },
    {
        "start": "29:41.12",
        "stop": "29:43.36",
        "speaker": "Tutor",
        "dialogue": "Is the speed staying the same the whole journey?"
    },
    {
        "start": "29:45.56",
        "stop": "29:55.60",
        "speaker": "Tutor",
        "dialogue": "No, Ah, so your graph is going to have to show how speed is changing, then yes, allright."
    },
    {
        "start": "30:13.88",
        "stop": "30:13.92",
        "speaker": "Student",
        "dialogue": "Do"
    },
    {
        "start": "30:14.08",
        "stop": "30:17.00",
        "speaker": "Student",
        "dialogue": "I keep the milesm and the time sane?"
    },
    {
        "start": "30:17.68",
        "stop": "30:18.32",
        "speaker": "Tutor",
        "dialogue": "What do you mean?"
    },
    {
        "start": "30:19.20",
        "stop": "30:24.44",
        "speaker": "Student",
        "dialogue": "Like I'm making it for this right, The problem about the journey."
    },
    {
        "start": "30:24.92",
        "stop": "30:35.48",
        "speaker": "Tutor",
        "dialogue": "Yeah, it's about the same situation, so altogether the journey took us four hours, but you're not keeping track of just miles anymore."
    },
    {
        "start": "30:35.80",
        "stop": "30:37.36",
        "speaker": "Tutor",
        "dialogue": "You're keeping track of the speed."
    },
    {
        "start": "31:51.48",
        "stop": "31:54.96",
        "speaker": "Tutor",
        "dialogue": "What's the fastest you think the car is going in this trip?"
    },
    {
        "start": "31:56.80",
        "stop": "32:01.44",
        "speaker": "Student",
        "dialogue": "I think it's going fifty miles perur."
    },
    {
        "start": "32:01.56",
        "stop": "32:02.44",
        "speaker": "Student",
        "dialogue": "it's fastest."
    },
    {
        "start": "32:02.88",
        "stop": "32:20.28",
        "speaker": "Tutor",
        "dialogue": "Ok, so on your graph, will you need to have a spot that shows a carging a hundred miles an hour, or a hundred and fifty miles an hour, you can."
    },
    {
        "start": "32:20.52",
        "stop": "32:22.80",
        "speaker": "Tutor",
        "dialogue": "If it's going to help us make sense of this situation."
    },
    {
        "start": "32:24.32",
        "stop": "32:25.08",
        "speaker": "Tutor",
        "dialogue": "I'm just wondering"
    },
    {
        "start": "32:25.24",
        "stop": "32:29.64",
        "speaker": "Tutor",
        "dialogue": "if the car will ever be going that fast, So will it ever show up on the graph."
    },
    {
        "start": "32:34.20",
        "stop": "32:39.28",
        "speaker": "Student",
        "dialogue": "Well, at D point, it does go a hundred, so it would be necessary."
    },
    {
        "start": "32:39.84",
        "stop": "32:43.20",
        "speaker": "Tutor",
        "dialogue": "Okay, let's look at D at D. It's a hundred."
    },
    {
        "start": "32:43.36",
        "stop": "32:46.28",
        "speaker": "Student",
        "dialogue": "What miles?"
    },
    {
        "start": "32:47.84",
        "stop": "32:48.12",
        "speaker": "Tutor",
        "dialogue": "And is?"
    },
    {
        "start": "32:48.68",
        "stop": "32:50.52",
        "speaker": "Student",
        "dialogue": "That's like, per, not per hour."
    },
    {
        "start": "32:50.80",
        "stop": "32:51.28",
        "speaker": "Student",
        "dialogue": "That's just."
    },
    {
        "start": "32:52.36",
        "stop": "32:54.24",
        "speaker": "Tutor",
        "dialogue": "Ah, that's the total distance from where."
    },
    {
        "start": "32:55.52",
        "stop": "32:56.72",
        "speaker": "Student",
        "dialogue": "From C to D."
    },
    {
        "start": "32:57.56",
        "stop": "33:00.24",
        "speaker": "Tutor",
        "dialogue": "So from C to D, the car travels a hundred miles."
    },
    {
        "start": "33:01.04",
        "stop": "33:05.28",
        "speaker": "Tutor",
        "dialogue": "Yeah, or from the beginning the car travelsginning."
    },
    {
        "start": "33:05.64",
        "stop": "33:05.88",
        "speaker": "Student",
        "dialogue": "Ah."
    },
    {
        "start": "33:06.32",
        "stop": "33:15.12",
        "speaker": "Tutor",
        "dialogue": "So if we wanted to figure out the speed of the car from C to D, how could we do thatould?"
    },
    {
        "start": "33:16.60",
        "stop": "33:16.64",
        "speaker": "Student",
        "dialogue": "M."
    },
    {
        "start": "33:17.00",
        "stop": "33:17.20",
        "speaker": "Tutor",
        "dialogue": "Make."
    },
    {
        "start": "33:17.36",
        "stop": "33:23.48",
        "speaker": "Student",
        "dialogue": "Like the time higher, but it would stay at fifty."
    },
    {
        "start": "33:29.08",
        "stop": "33:30.28",
        "speaker": "Student",
        "dialogue": "Can you repeat your question?"
    },
    {
        "start": "33:30.60",
        "stop": "33:38.32",
        "speaker": "Tutor",
        "dialogue": "Yeah, so I know that you're trying to figure out how to scale or what to put down here for speed right?"
    },
    {
        "start": "33:39.28",
        "stop": "33:48.24",
        "speaker": "Tutor",
        "dialogue": "Yes, so let's think about the journey because if we were going to do the speed of like a snail, we wouldn't need"
    },
    {
        "start": "33:48.40",
        "stop": "33:56.52",
        "speaker": "Tutor",
        "dialogue": "fifty miles an hour, Because a snail never goes that fast, Right, Our scale would be much smaller because a snail moves so slow."
    },
    {
        "start": "33:57.88",
        "stop": "34:03.28",
        "speaker": "Tutor",
        "dialogue": "If we wereing to do the speed of an airplane, we would need much bigger intervals"
    },
    {
        "start": "34:03.32",
        "stop": "34:15.96",
        "speaker": "Tutor",
        "dialogue": "because an airplane goes a lot faster, So I hear your brain trying to think about how fast is the car going in this situation to determine what scale I should use down here."
    },
    {
        "start": "34:17.72",
        "stop": "34:28.04",
        "speaker": "Student",
        "dialogue": "Okay, um, I think it could go by tens, but um, either having fifty almost close to the end or like at the very end where one fifty is."
    },
    {
        "start": "34:29.00",
        "stop": "34:31.64",
        "speaker": "Tutor",
        "dialogue": "Because you think the car is never going to go faster than fifty?"
    },
    {
        "start": "34:32.80",
        "stop": "34:35.08",
        "speaker": "Tutor",
        "dialogue": "Yeah, let's prove it."
    },
    {
        "start": "34:35.84",
        "stop": "34:38.48",
        "speaker": "Tutor",
        "dialogue": "Where do you think the car is going the fastest on this graph?"
    },
    {
        "start": "34:39.76",
        "stop": "34:51.20",
        "speaker": "Student",
        "dialogue": "And going, I think, the faster, well, um, from A to b and c to D. it's like, kind of the same, They're both going fifty miles per hour."
    },
    {
        "start": "34:53.52",
        "stop": "34:55.16",
        "speaker": "Tutor",
        "dialogue": "They were both going fifty miles per hour."
    },
    {
        "start": "34:57.96",
        "stop": "35:03.32",
        "speaker": "Student",
        "dialogue": "So, Um, in the miles you can see like it from A to B, it's fifty miles"
    },
    {
        "start": "35:03.40",
        "stop": "35:11.20",
        "speaker": "Student",
        "dialogue": "And then, since it would still be at fifty miles at C, and it goes to a hundred, that means the distance between them is fifty miles."
    },
    {
        "start": "35:11.88",
        "stop": "35:13.40",
        "speaker": "Tutor",
        "dialogue": "And how did you know it was one hour?"
    },
    {
        "start": "35:13.76",
        "stop": "35:16.08",
        "speaker": "Tutor",
        "dialogue": "How did you know the distance between C and D was one hour?"
    },
    {
        "start": "35:20.00",
        "stop": "35:24.20",
        "speaker": "Student",
        "dialogue": "Oh, and the time it start Um from C, Its"
    },
    {
        "start": "35:24.28",
        "stop": "35:27.80",
        "speaker": "Student",
        "dialogue": "like one thirty at D, it two thirty."
    },
    {
        "start": "35:28.24",
        "stop": "35:32.80",
        "speaker": "Tutor",
        "dialogue": "Beautiful, you can also look at at the slope or the slant of the line."
    },
    {
        "start": "35:33.92",
        "stop": "35:36.96",
        "speaker": "Tutor",
        "dialogue": "Does the slant of this line look the same as the slant of this line?"
    },
    {
        "start": "35:37.88",
        "stop": "35:38.04",
        "speaker": "Student",
        "dialogue": "Yes."
    },
    {
        "start": "35:38.48",
        "stop": "35:42.96",
        "speaker": "Tutor",
        "dialogue": "And if the line was more flat, would the car be going faster or slower?"
    },
    {
        "start": "35:45.76",
        "stop": "35:47.12",
        "speaker": "Student",
        "dialogue": "It would be going slower."
    },
    {
        "start": "35:47.48",
        "stop": "35:53.04",
        "speaker": "Tutor",
        "dialogue": "And if the line was more steep, would the car be going faster or slower?"
    },
    {
        "start": "35:53.84",
        "stop": "35:54.60",
        "speaker": "Student",
        "dialogue": "Faster, yeah."
    },
    {
        "start": "35:55.28",
        "stop": "35:55.60",
        "speaker": "Tutor",
        "dialogue": "Cool."
    },
    {
        "start": "35:55.92",
        "stop": "36:02.76",
        "speaker": "Tutor",
        "dialogue": "Okay, so you think it's not going to go any faster than fifty, because the line isn't sloped any steeper."
    },
    {
        "start": "36:03.72",
        "stop": "36:03.88",
        "speaker": "Student",
        "dialogue": "Yes."
    },
    {
        "start": "36:04.48",
        "stop": "36:08.68",
        "speaker": "Tutor",
        "dialogue": "Cool, all right, so that means you want to revise your graph."
    },
    {
        "start": "36:09.56",
        "stop": "37:12.32",
        "speaker": "Student",
        "dialogue": "Yes, I'm not sure how to do the speed, um, cause, like, as you know, a will fifty, so, Um, should I do it by tens?"
    },
    {
        "start": "37:12.72",
        "stop": "37:17.32",
        "speaker": "Tutor",
        "dialogue": "Or yep, you could do you."
    },
    {
        "start": "37:17.64",
        "stop": "37:21.76",
        "speaker": "Tutor",
        "dialogue": "You've already said you know at the end over here is going to be what?"
    },
    {
        "start": "37:23.32",
        "stop": "37:28.44",
        "speaker": "Tutor",
        "dialogue": "Fifty, cool, So you can put fifty right there, and then you can choose to just put one more mark in between"
    },
    {
        "start": "37:28.52",
        "stop": "37:31.88",
        "speaker": "Tutor",
        "dialogue": "if you want, Because this is a sketch, or you can do it by tens."
    },
    {
        "start": "37:31.88",
        "stop": "39:26.24",
        "speaker": "Tutor",
        "dialogue": "If that helps you make sense of it, better tell me what those pointsy're representing."
    },
    {
        "start": "39:26.92",
        "stop": "39:39.36",
        "speaker": "Student",
        "dialogue": "Okay, um, the points are showing the miles that it's going, so in one hour it stays at fifty, Um, and Oh, From B C it"
    },
    {
        "start": "39:39.84",
        "stop": "39:48.36",
        "speaker": "Student",
        "dialogue": "it's constant, so I'm not really sure how to P B, C, Bt, C ho."
    },
    {
        "start": "39:48.84",
        "stop": "39:50.60",
        "speaker": "Tutor",
        "dialogue": "So let's go back over here to what you wrote"
    },
    {
        "start": "39:50.64",
        "stop": "39:51.08",
        "speaker": "Tutor",
        "dialogue": "In words."
    },
    {
        "start": "39:52.92",
        "stop": "39:57.80",
        "speaker": "Tutor",
        "dialogue": "What's happening from B to C, And how fast is the car going from B to see?"
    },
    {
        "start": "39:58.64",
        "stop": "40:05.00",
        "speaker": "Student",
        "dialogue": "Well, the car is, Um, staying the same, but the time is going by thirty minutes."
    },
    {
        "start": "40:05.56",
        "stop": "40:08.56",
        "speaker": "Tutor",
        "dialogue": "So if the car is staying, the same hasn't moved at all."
    },
    {
        "start": "40:10.08",
        "stop": "40:10.24",
        "speaker": "Student",
        "dialogue": "No."
    },
    {
        "start": "40:11.48",
        "stop": "40:16.88",
        "speaker": "Tutor",
        "dialogue": "So, or the miles are staying the same, so that means if the car hasn't moved how fast is it going?"
    },
    {
        "start": "40:20.04",
        "stop": "40:34.88",
        "speaker": "Tutor",
        "dialogue": "Not Yeah, at zero miles per hour, So how can you show the car going zero miles per hour from one hour into the journey to an hour and a half?"
    },
    {
        "start": "40:35.96",
        "stop": "40:38.36",
        "speaker": "Student",
        "dialogue": "I can Pt"
    },
    {
        "start": "40:38.56",
        "stop": "40:38.88",
        "speaker": "Student",
        "dialogue": "a pon."
    },
    {
        "start": "40:58.72",
        "stop": "41:00.76",
        "speaker": "Tutor",
        "dialogue": "Al right, so I want you to stop right here for a second."
    },
    {
        "start": "41:02.96",
        "stop": "41:20.60",
        "speaker": "Tutor",
        "dialogue": "I totally understand where your points are coming from, and now I want to know where is this section on your graph, So from A to B, the car is travelling fifty miles per hour at a constant speed."
    },
    {
        "start": "41:23.36",
        "stop": "41:25.20",
        "speaker": "Tutor",
        "dialogue": "How could you show that in your graph?"
    },
    {
        "start": "41:26.68",
        "stop": "41:31.88",
        "speaker": "Student",
        "dialogue": "You can make a line right here over here."
    },
    {
        "start": "41:41.28",
        "stop": "41:41.96",
        "speaker": "Tutor",
        "dialogue": "Are you drawn it?"
    },
    {
        "start": "41:43.08",
        "stop": "41:49.96",
        "speaker": "Tutor",
        "dialogue": "O? All right, so let's check here."
    },
    {
        "start": "41:51.08",
        "stop": "41:53.84",
        "speaker": "Tutor",
        "dialogue": "How fast is the car going from Adabe?"
    },
    {
        "start": "41:54.68",
        "stop": "41:55.52",
        "speaker": "Student",
        "dialogue": "Fifty miles."
    },
    {
        "start": "41:55.88",
        "stop": "41:59.04",
        "speaker": "Tutor",
        "dialogue": "And is the speed of the car changing or staying the same from aighteb?"
    },
    {
        "start": "42:00.04",
        "stop": "42:01.08",
        "speaker": "Student",
        "dialogue": "It's stay the same."
    },
    {
        "start": "42:01.52",
        "stop": "42:03.84",
        "speaker": "Tutor",
        "dialogue": "So it's going fifty miles per hour this whole time."
    },
    {
        "start": "42:03.96",
        "stop": "42:05.08",
        "speaker": "Tutor",
        "dialogue": "it's on cruise control."
    },
    {
        "start": "42:06.12",
        "stop": "42:09.84",
        "speaker": "Tutor",
        "dialogue": "Yeah, that means thirty minutes into the trip."
    },
    {
        "start": "42:10.04",
        "stop": "42:11.76",
        "speaker": "Tutor",
        "dialogue": "The car still going fifty miles an hour."
    },
    {
        "start": "42:13.72",
        "stop": "42:14.88",
        "speaker": "Student",
        "dialogue": "Can you pick themy?"
    },
    {
        "start": "42:15.16",
        "stop": "42:18.08",
        "speaker": "Tutor",
        "dialogue": "Sure, so that means thirty minutes into the trip."
    },
    {
        "start": "42:18.40",
        "stop": "42:20.52",
        "speaker": "Tutor",
        "dialogue": "The car is still going fifty miles an hour."
    },
    {
        "start": "42:21.84",
        "stop": "42:23.68",
        "speaker": "Tutor",
        "dialogue": "Yes, so let's look over here"
    },
    {
        "start": "42:24.32",
        "stop": "42:25.44",
        "speaker": "Tutor",
        "dialogue": "thirty minutes into the trip"
    },
    {
        "start": "42:25.60",
        "stop": "42:30.92",
        "speaker": "Tutor",
        "dialogue": "For you, you said the car is going about twenty five miles an hour."
    },
    {
        "start": "42:32.48",
        "stop": "42:39.16",
        "speaker": "Tutor",
        "dialogue": "Y, so can the car be going twentyfive miles an hour and fifty miles an hour at the same time?"
    },
    {
        "start": "42:44.24",
        "stop": "42:45.28",
        "speaker": "Student",
        "dialogue": "I don't think."
    },
    {
        "start": "42:45.48",
        "stop": "42:51.32",
        "speaker": "Tutor",
        "dialogue": "So so how can you show the car fast?"
    },
    {
        "start": "42:51.40",
        "stop": "42:52.48",
        "speaker": "Tutor",
        "dialogue": "Is the car going then from?"
    },
    {
        "start": "42:55.80",
        "stop": "42:58.56",
        "speaker": "Tutor",
        "dialogue": "is it twenty-five miles an hour, or is it fifty miles an hour?"
    },
    {
        "start": "43:00.88",
        "stop": "43:02.44",
        "speaker": "Student",
        "dialogue": "I think it would be twenty-five"
    },
    {
        "start": "43:04.08",
        "stop": "43:05.28",
        "speaker": "Tutor",
        "dialogue": "That's what you showed here."
    },
    {
        "start": "43:06.04",
        "stop": "43:10.12",
        "speaker": "Tutor",
        "dialogue": "What you said here and said here was something dient."
    },
    {
        "start": "43:21.40",
        "stop": "43:30.56",
        "speaker": "Student",
        "dialogue": "I think it's because, Um, from the location, Um, from A to b. In total, they're going fifty miles, but if you look at the difference."
    },
    {
        "start": "43:38.84",
        "stop": "43:41.32",
        "speaker": "Tutor",
        "dialogue": "You'r thinking over here was solid."
    },
    {
        "start": "43:41.72",
        "stop": "43:47.56",
        "speaker": "Tutor",
        "dialogue": "The speed is fifty miles an hour, and it's staying the same that whole journey."
    },
    {
        "start": "43:47.76",
        "stop": "43:48.60",
        "speaker": "Tutor",
        "dialogue": "That whole hour."
    },
    {
        "start": "43:49.08",
        "stop": "43:50.52",
        "speaker": "Tutor",
        "dialogue": "It's going fifty miles an hour."
    },
    {
        "start": "43:51.00",
        "stop": "43:53.12",
        "speaker": "Tutor",
        "dialogue": "Set the autopilot and it's just going."
    },
    {
        "start": "43:55.24",
        "stop": "43:57.96",
        "speaker": "Tutor",
        "dialogue": "What if I told you, grafts don't have to start at the origin?"
    },
    {
        "start": "43:59.00",
        "stop": "44:21.48",
        "speaker": "Tutor",
        "dialogue": "Grafts don't have to start here if they don't have to start here, And the scraft may look funkyer like something you've never seen before, but how can you show the car going fifty miles an hour, five minutes into the trip, ten minutes into the trip, thirty minutes into the trip all the way for that first hour?"
    },
    {
        "start": "44:47.00",
        "stop": "44:48.28",
        "speaker": "Student",
        "dialogue": "I'm not sure that."
    },
    {
        "start": "44:49.12",
        "stop": "44:51.68",
        "speaker": "Tutor",
        "dialogue": "So cool, your brain is trying to make sense of it right"
    },
    {
        "start": "44:51.76",
        "stop": "44:57.84",
        "speaker": "Tutor",
        "dialogue": "now it can, and we are almost out of time, so I'm going to leave you with something to think."
    },
    {
        "start": "44:57.92",
        "stop": "44:57.96",
        "speaker": "Tutor",
        "dialogue": "With."
    },
    {
        "start": "44:59.92",
        "stop": "45:01.88",
        "speaker": "Tutor",
        "dialogue": "What does this length represent?"
    },
    {
        "start": "45:05.56",
        "stop": "45:12.12",
        "speaker": "Student",
        "dialogue": "It repres, Oh, This could also represent the car going fifty miles."
    },
    {
        "start": "45:13.64",
        "stop": "45:14.28",
        "speaker": "Tutor",
        "dialogue": "For how long?"
    },
    {
        "start": "45:15.40",
        "stop": "45:16.28",
        "speaker": "Student",
        "dialogue": "For an hour, yeah."
    },
    {
        "start": "45:17.28",
        "stop": "45:29.72",
        "speaker": "Tutor",
        "dialogue": "And then if I wanted to show the car is going zero miles an hour for the next thirty minutes, my graph can actually look like this, and the lines don't even have to connect."
    },
    {
        "start": "45:32.40",
        "stop": "45:39.68",
        "speaker": "Tutor",
        "dialogue": "And then I can actually show the car going back to fifty miles an hour for the next hour."
    },
    {
        "start": "45:44.76",
        "stop": "45:46.56",
        "speaker": "Student",
        "dialogue": "So when you do that, would you?"
    },
    {
        "start": "45:47.20",
        "stop": "45:50.96",
        "speaker": "Student",
        "dialogue": "would you make the line connecting the fifty mileing?"
    },
    {
        "start": "45:51.40",
        "stop": "45:57.40",
        "speaker": "Tutor",
        "dialogue": "No, because it's going fifty miles an hour and then it stops and then it goes fifty miles an hour"
    },
    {
        "start": "45:57.48",
        "stop": "46:00.88",
        "speaker": "Tutor",
        "dialogue": "again, So you can have these little sections of a graph."
    },
    {
        "start": "46:01.40",
        "stop": "46:03.44",
        "speaker": "Tutor",
        "dialogue": "It doesn't have to all be connected like this."
    },
    {
        "start": "46:07.00",
        "stop": "46:17.96",
        "speaker": "Tutor",
        "dialogue": "Yeahy, so if you put yep, put a dot right there and then you would connect it up to here because that's an hour and a half into two and a half hours."
    },
    {
        "start": "46:19.12",
        "stop": "46:21.88",
        "speaker": "Tutor",
        "dialogue": "Y, and this kind of graph has a special name."
    },
    {
        "start": "46:23.52",
        "stop": "46:25.72",
        "speaker": "Tutor",
        "dialogue": "It's called a peacewise graph."
    },
    {
        "start": "46:27.88",
        "stop": "46:28.04",
        "speaker": "Tutor",
        "dialogue": "Your."
    },
    {
        "start": "46:28.44",
        "stop": "46:29.68",
        "speaker": "Tutor",
        "dialogue": "have you ever heard that word before?"
    },
    {
        "start": "46:30.40",
        "stop": "46:32.28",
        "speaker": "Student",
        "dialogue": "No, but I've seen these type."
    },
    {
        "start": "46:32.36",
        "stop": "46:38.40",
        "speaker": "Tutor",
        "dialogue": "Of, and you've probably seen em sideways, weor, the lines look like this."
    },
    {
        "start": "46:39.32",
        "stop": "46:39.36",
        "speaker": "Student",
        "dialogue": "Yeah."
    },
    {
        "start": "46:39.92",
        "stop": "46:46.56",
        "speaker": "Tutor",
        "dialogue": "Yeah, yeah, so graphs can look all sorts of different ways in school."
    },
    {
        "start": "46:46.72",
        "stop": "46:49.76",
        "speaker": "Tutor",
        "dialogue": "Sometimes we see the same types of graph over and over and over."
    },
    {
        "start": "46:50.44",
        "stop": "46:57.52",
        "speaker": "Tutor",
        "dialogue": "but you're going to start to see graphs that look really different and no matter what type of graph you have always remember"
    },
    {
        "start": "46:58.12",
        "stop": "47:06.36",
        "speaker": "Tutor",
        "dialogue": "It's what is it representing relationship, relationship between how this thing and this thing are changing together."
    },
    {
        "start": "47:08.48",
        "stop": "47:16.32",
        "speaker": "Tutor",
        "dialogue": "All right, think, Um, you know that you're helping us test out this platform in this way of thinking about learning, right?"
    },
    {
        "start": "47:17.16",
        "stop": "47:17.32",
        "speaker": "Student",
        "dialogue": "Yes."
    },
    {
        "start": "47:17.68",
        "stop": "47:22.08",
        "speaker": "Tutor",
        "dialogue": "So I just like to take a minute or so to hear what this experience was like for you."
    },
    {
        "start": "47:22.84",
        "stop": "47:23.36",
        "speaker": "Tutor",
        "dialogue": "Do you feel?"
    },
    {
        "start": "47:24.44",
        "stop": "47:25.56",
        "speaker": "Student",
        "dialogue": "I think it was really good"
    },
    {
        "start": "47:25.68",
        "stop": "47:27.68",
        "speaker": "Student",
        "dialogue": "So far, Um, it's very interactive."
    },
    {
        "start": "47:28.28",
        "stop": "47:28.40",
        "speaker": "Student",
        "dialogue": "Um."
    },
    {
        "start": "47:28.48",
        "stop": "47:35.52",
        "speaker": "Student",
        "dialogue": "The Student and the teacher can really talk to each other, and the teacher can also see what the Student is understanding."
    },
    {
        "start": "47:36.20",
        "stop": "47:37.16",
        "speaker": "Student",
        "dialogue": "Think it's really good."
    },
    {
        "start": "47:38.08",
        "stop": "47:39.52",
        "speaker": "Tutor",
        "dialogue": "And that's very powerful."
    },
    {
        "start": "47:39.56",
        "stop": "47:43.24",
        "speaker": "Tutor",
        "dialogue": "When you just said the St. The teacher can see what the Student is understanding."
    },
    {
        "start": "47:44.24",
        "stop": "47:45.44",
        "speaker": "Tutor",
        "dialogue": "Yeah, I can get to see."
    },
    {
        "start": "47:45.48",
        "stop": "47:46.84",
        "speaker": "Tutor",
        "dialogue": "you'r thinking li of it in action."
    },
    {
        "start": "47:46.88",
        "stop": "47:47.76",
        "speaker": "Tutor",
        "dialogue": "And that's really cool."
    },
    {
        "start": "47:49.08",
        "stop": "47:52.88",
        "speaker": "Tutor",
        "dialogue": "And is there something that you feel like you learned or you're thinking differently about now?"
    },
    {
        "start": "47:54.80",
        "stop": "48:01.20",
        "speaker": "Student",
        "dialogue": "N, I think I guess I just learned a lat about Um, the piecewise graph the session."
    },
    {
        "start": "48:02.20",
        "stop": "48:04.36",
        "speaker": "Tutor",
        "dialogue": "And that graphs don't have to start from zero."
    },
    {
        "start": "48:05.52",
        "stop": "48:09.00",
        "speaker": "Tutor",
        "dialogue": "Yeah, and that graphs are representing things that are changing."
    },
    {
        "start": "48:09.84",
        "stop": "48:11.24",
        "speaker": "Tutor",
        "dialogue": "Yeah, how they change together."
    },
    {
        "start": "48:12.28",
        "stop": "48:12.60",
        "speaker": "Tutor",
        "dialogue": "Cool."
    },
    {
        "start": "48:13.28",
        "stop": "48:16.04",
        "speaker": "Tutor",
        "dialogue": "Well, is there anything you think that we could do different to make it better?"
    },
    {
        "start": "48:17.20",
        "stop": "48:18.56",
        "speaker": "Student",
        "dialogue": "No, I think it is pretty good."
    },
    {
        "start": "48:19.20",
        "stop": "48:20.96",
        "speaker": "Tutor",
        "dialogue": "Well, if you think of anything, let us know."
    },
    {
        "start": "48:21.16",
        "stop": "48:23.56",
        "speaker": "Tutor",
        "dialogue": "Okay, Okay, thank you for helping out."
    },
    {
        "start": "48:24.20",
        "stop": "48:24.32",
        "speaker": "Student",
        "dialogue": "No"
    },
    {
        "start": "48:24.44",
        "stop": "48:24.76",
        "speaker": "Student",
        "dialogue": "problem."
    },
    {
        "start": "48:24.84",
        "stop": "48:25.48",
        "speaker": "Student",
        "dialogue": "have great day."
    },
    {
        "start": "48:25.64",
        "stop": "48:25.68",
        "speaker": "Tutor",
        "dialogue": "You?"
    }
]