[
    {
        "start": "00:03.44",
        "stop": "00:04.52",
        "speaker": "Tutor",
        "dialogue": "Okay, can you still hear me?"
    },
    {
        "start": "00:06.16",
        "stop": "00:06.48",
        "speaker": "Tutor",
        "dialogue": "Perfect?"
    },
    {
        "start": "00:06.76",
        "stop": "00:08.48",
        "speaker": "Tutor",
        "dialogue": "All right and I can see your arrow moving."
    },
    {
        "start": "00:08.64",
        "stop": "00:09.36",
        "speaker": "Tutor",
        "dialogue": "Do you see mine?"
    },
    {
        "start": "00:11.04",
        "stop": "00:12.24",
        "speaker": "Tutor",
        "dialogue": "Nice, um."
    },
    {
        "start": "00:12.48",
        "stop": "00:13.40",
        "speaker": "Tutor",
        "dialogue": "On the left hand side"
    },
    {
        "start": "00:13.48",
        "stop": "00:15.08",
        "speaker": "Tutor",
        "dialogue": "Over here are your tools."
    },
    {
        "start": "00:15.76",
        "stop": "00:21.96",
        "speaker": "Tutor",
        "dialogue": "There is a pencil button and when you click it, the color box and size box pops up here."
    },
    {
        "start": "00:22.40",
        "stop": "00:29.52",
        "speaker": "Tutor",
        "dialogue": "If you want to change the color or size to anything that you're drawing, And then there's a textbox, which is the square with a t in it."
    },
    {
        "start": "00:30.00",
        "stop": "00:36.04",
        "speaker": "Tutor",
        "dialogue": "If you decide that you'd rather type instead of draw, and then we're going to practice erasing something."
    },
    {
        "start": "00:36.84",
        "stop": "00:38.72",
        "speaker": "Tutor",
        "dialogue": "Don't touch the trash can button."
    },
    {
        "start": "00:39.00",
        "stop": "00:43.08",
        "speaker": "Tutor",
        "dialogue": "That will erase everything but cool."
    },
    {
        "start": "00:43.16",
        "stop": "00:45.88",
        "speaker": "Tutor",
        "dialogue": "So draw something and then we'll erase what you drew."
    },
    {
        "start": "00:50.80",
        "stop": "00:51.08",
        "speaker": "Tutor",
        "dialogue": "Nice."
    },
    {
        "start": "00:51.40",
        "stop": "00:51.56",
        "speaker": "Tutor",
        "dialogue": "Now"
    },
    {
        "start": "00:51.72",
        "stop": "00:56.28",
        "speaker": "Tutor",
        "dialogue": "To erase it, you have to select it first, so you use the top arrow, which is a select tool."
    },
    {
        "start": "00:57.04",
        "stop": "01:01.60",
        "speaker": "Tutor",
        "dialogue": "Once it's selected, you can hit Delete or there you go."
    },
    {
        "start": "01:02.44",
        "stop": "01:02.92",
        "speaker": "Tutor",
        "dialogue": "That works."
    },
    {
        "start": "01:03.92",
        "stop": "01:05.12",
        "speaker": "Tutor",
        "dialogue": "Any questions on the tools?"
    },
    {
        "start": "01:06.80",
        "stop": "01:11.00",
        "speaker": "Tutor",
        "dialogue": "Okay, so whatever you want to erase, just make sure you select it first."
    },
    {
        "start": "01:17.52",
        "stop": "01:18.32",
        "speaker": "Tutor",
        "dialogue": "Um four?"
    },
    {
        "start": "01:18.60",
        "stop": "01:21.96",
        "speaker": "Tutor",
        "dialogue": "Oh, are you talking about the second button down?"
    },
    {
        "start": "01:23.20",
        "stop": "01:33.08",
        "speaker": "Tutor",
        "dialogue": "That is if you select something and then you want to move it all."
    },
    {
        "start": "01:33.20",
        "stop": "01:33.32",
        "speaker": "Tutor",
        "dialogue": "right."
    },
    {
        "start": "01:33.92",
        "stop": "01:39.40",
        "speaker": "Tutor",
        "dialogue": "Um, you can close your chat box if you want so that you have more space to work on the whiteboard."
    },
    {
        "start": "01:39.84",
        "stop": "01:44.20",
        "speaker": "Tutor",
        "dialogue": "We're going to be talking back and forth like this, and I'll ask you a lot of questions."
    },
    {
        "start": "01:44.76",
        "stop": "01:48.00",
        "speaker": "Tutor",
        "dialogue": "Um, when I ask you a question, it doesn't mean that you got something wrong."
    },
    {
        "start": "01:48.32",
        "stop": "01:57.60",
        "speaker": "Tutor",
        "dialogue": "It just means I want to know more about your thinking, And then, because I can't see your face if I ask you something, and you're like, Um, Not sure."
    },
    {
        "start": "01:57.68",
        "stop": "01:59.04",
        "speaker": "Tutor",
        "dialogue": "I need some time to think about it."
    },
    {
        "start": "01:59.52",
        "stop": "02:03.60",
        "speaker": "Tutor",
        "dialogue": "Just voice that out loud so that I don't interrupt your thinking process."
    },
    {
        "start": "02:08.16",
        "stop": "02:09.84",
        "speaker": "Tutor",
        "dialogue": "All right, I'm going to change a screen Now."
    },
    {
        "start": "02:11.24",
        "stop": "02:12.84",
        "speaker": "Tutor",
        "dialogue": "Do you see something different on your screen?"
    },
    {
        "start": "02:18.36",
        "stop": "02:24.00",
        "speaker": "Tutor",
        "dialogue": "Um, let me, how about this?"
    },
    {
        "start": "02:24.36",
        "stop": "02:25.60",
        "speaker": "Tutor",
        "dialogue": "Do you see something different now?"
    },
    {
        "start": "02:26.80",
        "stop": "02:40.68",
        "speaker": "Tutor",
        "dialogue": "Perfe, Okay, so take a minute to read it and look at it and then describe to me what you think is happening in this situationapshals?"
    },
    {
        "start": "02:40.72",
        "stop": "02:47.48",
        "speaker": "Student",
        "dialogue": "Of car, journey from Provence or I to N throughout New New York City."
    },
    {
        "start": "02:50.60",
        "stop": "02:52.40",
        "speaker": "Tutor",
        "dialogue": "So what's going on in this situation?"
    },
    {
        "start": "02:54.12",
        "stop": "03:06.28",
        "speaker": "Student",
        "dialogue": "It's basically telling you to show you a car journey from Provence to New Yark, and there's this nation's, the New York City and N J. Turnpike."
    },
    {
        "start": "03:07.48",
        "stop": "03:11.12",
        "speaker": "Tutor",
        "dialogue": "Okay, what are some things that we could measure in this situation?"
    },
    {
        "start": "03:12.52",
        "stop": "03:13.76",
        "speaker": "Student",
        "dialogue": "Ieive."
    },
    {
        "start": "03:15.40",
        "stop": "03:17.52",
        "speaker": "Tutor",
        "dialogue": "What do you think I ninety five represents?"
    },
    {
        "start": "03:20.16",
        "stop": "03:21.00",
        "speaker": "Tutor",
        "dialogue": "Ah, cool."
    },
    {
        "start": "03:21.12",
        "stop": "03:32.00",
        "speaker": "Tutor",
        "dialogue": "So the I ninety five is Interstate Ninety five, And it's the name of that entire road or interstate that they're taking."
    },
    {
        "start": "03:33.28",
        "stop": "03:39.44",
        "speaker": "Tutor",
        "dialogue": "Yeah, so this entire thing right here that I'm pointing out that is all called I ninety five."
    },
    {
        "start": "03:41.32",
        "stop": "03:44.36",
        "speaker": "Tutor",
        "dialogue": "Okay, so what are some things you think that we could measure?"
    },
    {
        "start": "03:47.16",
        "stop": "03:48.08",
        "speaker": "Student",
        "dialogue": "I ninety five."
    },
    {
        "start": "03:48.60",
        "stop": "03:50.24",
        "speaker": "Tutor",
        "dialogue": "Okay, what would we be measuring on?"
    },
    {
        "start": "03:50.36",
        "stop": "03:50.40",
        "speaker": "Tutor",
        "dialogue": "I?"
    },
    {
        "start": "03:50.60",
        "stop": "03:56.72",
        "speaker": "Tutor",
        "dialogue": "ninety five distancek, If we were going to measure the distance, what kind of units would we?"
    },
    {
        "start": "03:56.92",
        "stop": "03:59.32",
        "speaker": "Student",
        "dialogue": "Use biosk."
    },
    {
        "start": "04:00.40",
        "stop": "04:00.72",
        "speaker": "Tutor",
        "dialogue": "Col."
    },
    {
        "start": "04:01.44",
        "stop": "04:04.84",
        "speaker": "Tutor",
        "dialogue": "Ok, are there other things that we could think about measuring in this situation?"
    },
    {
        "start": "04:08.60",
        "stop": "04:08.88",
        "speaker": "Student",
        "dialogue": "Sure."
    },
    {
        "start": "04:09.36",
        "stop": "04:16.28",
        "speaker": "Tutor",
        "dialogue": "Col, All right, I'm gonna uncover something now and tell me how it's similar or different to what you were thinking about."
    },
    {
        "start": "04:25.52",
        "stop": "04:34.56",
        "speaker": "Student",
        "dialogue": "Okay, So instead of kilometers, they decide to use miles, Okay and they're traveling at a certain speed."
    },
    {
        "start": "04:37.36",
        "stop": "04:38.40",
        "speaker": "Tutor",
        "dialogue": "Where did after?"
    },
    {
        "start": "04:39.32",
        "stop": "04:39.72",
        "speaker": "Tutor",
        "dialogue": "I'm sorry"
    },
    {
        "start": "04:39.72",
        "stop": "04:40.32",
        "speaker": "Tutor",
        "dialogue": "I interrupted you."
    },
    {
        "start": "04:40.52",
        "stop": "04:41.00",
        "speaker": "Tutor",
        "dialogue": "Keep going."
    },
    {
        "start": "04:41.76",
        "stop": "04:53.16",
        "speaker": "Student",
        "dialogue": "Uh, after, like around two and a half hours, the speed becomes B, siwly, wgly, and like, they're driving somewhat constant, somewhat not constant at the same time."
    },
    {
        "start": "04:54.72",
        "stop": "04:59.04",
        "speaker": "Tutor",
        "dialogue": "Cool stuff, so I don't see speed labeled on this graph."
    },
    {
        "start": "04:59.40",
        "stop": "05:01.72",
        "speaker": "Tutor",
        "dialogue": "Tell me how you understand or where you see speed."
    },
    {
        "start": "05:03.08",
        "stop": "05:15.76",
        "speaker": "Student",
        "dialogue": "They bsically use distanceing time and hours, basically seeing how fast it took for Di to travel the distancing a certain time of hours, so basically it's just telling how fast it goes in speeding hours."
    },
    {
        "start": "05:16.92",
        "stop": "05:21.28",
        "speaker": "Tutor",
        "dialogue": "Okay, weird for my, Yeah, can you point on the graph where you see speed?"
    },
    {
        "start": "05:25.32",
        "stop": "05:26.08",
        "speaker": "Student",
        "dialogue": "So do I used to."
    },
    {
        "start": "05:26.56",
        "stop": "05:29.48",
        "speaker": "Tutor",
        "dialogue": "So A, you can just use your."
    },
    {
        "start": "05:29.68",
        "stop": "05:31.28",
        "speaker": "Tutor",
        "dialogue": "I can see your mouse when it's moving."
    },
    {
        "start": "05:32.44",
        "stop": "05:34.40",
        "speaker": "Tutor",
        "dialogue": "Okay, So I see distance and I see time."
    },
    {
        "start": "05:35.32",
        "stop": "05:36.20",
        "speaker": "Tutor",
        "dialogue": "Where is speed?"
    },
    {
        "start": "05:44.24",
        "stop": "05:48.68",
        "speaker": "Tutor",
        "dialogue": "So you're saying speed is distance and speed is time."
    },
    {
        "start": "05:54.12",
        "stop": "05:59.36",
        "speaker": "Tutor",
        "dialogue": "Okay, You said that like at two and a half hours something happens with speed."
    },
    {
        "start": "05:59.88",
        "stop": "06:00.84",
        "speaker": "Tutor",
        "dialogue": "Where did you see that?"
    },
    {
        "start": "06:05.44",
        "stop": "06:07.32",
        "speaker": "Tutor",
        "dialogue": "and what's going on with the speed there?"
    },
    {
        "start": "06:09.32",
        "stop": "06:10.08",
        "speaker": "Student",
        "dialogue": "Inconsistent."
    },
    {
        "start": "06:11.56",
        "stop": "06:19.92",
        "speaker": "Tutor",
        "dialogue": "Ah, so what's going on with the car from D to Eit?"
    },
    {
        "start": "06:21.36",
        "stop": "06:21.52",
        "speaker": "Student",
        "dialogue": "Ok."
    },
    {
        "start": "06:21.84",
        "stop": "06:23.96",
        "speaker": "Tutor",
        "dialogue": "And then you also use the word constant."
    },
    {
        "start": "06:24.84",
        "stop": "06:25.92",
        "speaker": "Tutor",
        "dialogue": "What is constant?"
    },
    {
        "start": "06:26.04",
        "stop": "06:26.92",
        "speaker": "Tutor",
        "dialogue": "And where do you see?"
    },
    {
        "start": "06:27.00",
        "stop": "06:36.60",
        "speaker": "Student",
        "dialogue": "It could, basic, straight linenant, or like this, they just keep moving at a certain pace."
    },
    {
        "start": "06:37.76",
        "stop": "06:40.48",
        "speaker": "Tutor",
        "dialogue": "So from a tob something is constant."
    },
    {
        "start": "06:41.20",
        "stop": "06:58.52",
        "speaker": "Tutor",
        "dialogue": "What's the thing that'snstant from A to B Is distance itself constant or is distance increasing decreasing or staying the same?"
    },
    {
        "start": "07:02.36",
        "stop": "07:03.28",
        "speaker": "Tutor",
        "dialogue": "Okay, Cool."
    },
    {
        "start": "07:03.52",
        "stop": "07:07.68",
        "speaker": "Tutor",
        "dialogue": "So you know that there's something to do with speed on this graph, Something to do."
    },
    {
        "start": "07:07.80",
        "stop": "07:11.36",
        "speaker": "Tutor",
        "dialogue": "I'm going to type some of these words just so we can keep track of them."
    },
    {
        "start": "07:11.96",
        "stop": "07:17.44",
        "speaker": "Tutor",
        "dialogue": "Ooh, Whoa, all right, you have said speed."
    },
    {
        "start": "07:17.60",
        "stop": "07:20.00",
        "speaker": "Tutor",
        "dialogue": "What's the unit we would use to keep track of speed?"
    },
    {
        "start": "07:27.44",
        "stop": "07:37.76",
        "speaker": "Tutor",
        "dialogue": "Okay, so you have speed here and then you've also talked about something staying constant."
    },
    {
        "start": "07:41.16",
        "stop": "07:44.36",
        "speaker": "Tutor",
        "dialogue": "Oh, I'm going to type that so we can keep track of it constant."
    },
    {
        "start": "07:45.20",
        "stop": "07:48.76",
        "speaker": "Tutor",
        "dialogue": "Um, which could also be described as something is staying the same."
    },
    {
        "start": "07:50.92",
        "stop": "07:53.00",
        "speaker": "Tutor",
        "dialogue": "Maybe things, some things are increasing."
    },
    {
        "start": "07:53.80",
        "stop": "07:58.44",
        "speaker": "Tutor",
        "dialogue": "You talked about it from d to e. Maybe something's increasing or decreasing there."
    },
    {
        "start": "08:01.20",
        "stop": "08:02.20",
        "speaker": "Tutor",
        "dialogue": "or it's not staying the same."
    },
    {
        "start": "08:02.24",
        "stop": "08:05.96",
        "speaker": "Tutor",
        "dialogue": "At least all right, so we'll keep track of some ofse words and come back to them."
    },
    {
        "start": "08:06.04",
        "stop": "08:06.32",
        "speaker": "Tutor",
        "dialogue": "Okay"
    },
    {
        "start": "08:08.92",
        "stop": "08:13.04",
        "speaker": "Tutor",
        "dialogue": "From looking at the map and the graph, Describe"
    },
    {
        "start": "08:13.08",
        "stop": "08:15.96",
        "speaker": "Tutor",
        "dialogue": "what's happening during each stage of the journey."
    },
    {
        "start": "08:18.32",
        "stop": "08:39.36",
        "speaker": "Student",
        "dialogue": "During the first hour they're traveling a relative constant speed, Then I, I guess they stopped it and took like a break in around like half an hour, Then they, then they start moving again, then some around two and a half hours, which is right here."
    },
    {
        "start": "08:40.16",
        "stop": "08:45.04",
        "speaker": "Student",
        "dialogue": "The something happened to the car where the driver or they start"
    },
    {
        "start": "08:45.32",
        "stop": "08:50.84",
        "speaker": "Student",
        "dialogue": "driving inconsistently, the went back to a consistence pleace."
    },
    {
        "start": "08:52.36",
        "stop": "08:55.20",
        "speaker": "Tutor",
        "dialogue": "Okay, is, I'm going to underline some more"
    },
    {
        "start": "08:55.28",
        "stop": "08:56.36",
        "speaker": "Tutor",
        "dialogue": "so we have some purple words"
    },
    {
        "start": "08:56.40",
        "stop": "09:00.24",
        "speaker": "Tutor",
        "dialogue": "Here, we have distance and miles, we have time and hours."
    },
    {
        "start": "09:00.56",
        "stop": "09:02.28",
        "speaker": "Tutor",
        "dialogue": "we have speed and miles per hour."
    },
    {
        "start": "09:04.60",
        "stop": "09:11.60",
        "speaker": "Tutor",
        "dialogue": "From A to B. Describe what's happening with distance, time and speed"
    },
    {
        "start": "09:12.24",
        "stop": "09:17.20",
        "speaker": "Tutor",
        "dialogue": "using these purple power words, What's going on with each one of those things that's changing?"
    },
    {
        "start": "09:25.56",
        "stop": "09:25.88",
        "speaker": "Student",
        "dialogue": "Can you"
    },
    {
        "start": "09:26.08",
        "stop": "09:26.48",
        "speaker": "Student",
        "dialogue": "bera?"
    },
    {
        "start": "09:27.00",
        "stop": "09:27.28",
        "speaker": "Student",
        "dialogue": "Sure?"
    },
    {
        "start": "09:27.44",
        "stop": "09:34.12",
        "speaker": "Tutor",
        "dialogue": "Yeah, so in this situation we have distance that is somehow changing."
    },
    {
        "start": "09:35.00",
        "stop": "09:41.68",
        "speaker": "Tutor",
        "dialogue": "We have time that is somehow changing, and we have speed that is somehow changing."
    },
    {
        "start": "09:42.80",
        "stop": "09:54.68",
        "speaker": "Tutor",
        "dialogue": "And then we have different sections of the journey, so I'm wondering what's going on from A to B in terms of distance, time and speed?"
    },
    {
        "start": "09:55.84",
        "stop": "09:58.84",
        "speaker": "Tutor",
        "dialogue": "So is each one of those things staying constant?"
    },
    {
        "start": "09:59.72",
        "stop": "10:02.20",
        "speaker": "Tutor",
        "dialogue": "Orre they increasing, or are they decreasing?"
    },
    {
        "start": "10:05.60",
        "stop": "10:16.60",
        "speaker": "Student",
        "dialogue": "For the first hour, the car was practically moving at relative speed of fifty miles per hour, and afterwards I'm pretty sure it decreased it."
    },
    {
        "start": "10:16.92",
        "stop": "10:19.24",
        "speaker": "Student",
        "dialogue": "They, just, they just didn't move at all"
    },
    {
        "start": "10:19.44",
        "stop": "10:25.64",
        "speaker": "Student",
        "dialogue": "Right after half an hour, Uh, they went back at the pace of another fifty miles per hour."
    },
    {
        "start": "10:25.88",
        "stop": "10:26.12",
        "speaker": "Tutor",
        "dialogue": "Okay."
    },
    {
        "start": "10:27.24",
        "stop": "10:32.48",
        "speaker": "Student",
        "dialogue": "We'm not exactly sure it's like fifty miles per hos, because this didn't reach the middle line."
    },
    {
        "start": "10:33.60",
        "stop": "10:35.48",
        "speaker": "Tutor",
        "dialogue": "But you could estimate it to be about that."
    },
    {
        "start": "10:37.80",
        "stop": "10:38.08",
        "speaker": "Tutor",
        "dialogue": "Okay."
    },
    {
        "start": "10:38.72",
        "stop": "10:42.72",
        "speaker": "Tutor",
        "dialogue": "So from A to B is the car traveling fifty miles per hour?"
    },
    {
        "start": "10:43.12",
        "stop": "10:44.28",
        "speaker": "Tutor",
        "dialogue": "This entire section?"
    },
    {
        "start": "10:46.04",
        "stop": "10:46.32",
        "speaker": "Tutor",
        "dialogue": "Okay."
    },
    {
        "start": "10:46.80",
        "stop": "10:49.96",
        "speaker": "Tutor",
        "dialogue": "Is distance from A to B staying the same?"
    },
    {
        "start": "10:50.60",
        "stop": "10:50.64",
        "speaker": "Tutor",
        "dialogue": "Or"
    },
    {
        "start": "10:50.80",
        "stop": "10:51.48",
        "speaker": "Tutor",
        "dialogue": "is it changing?"
    },
    {
        "start": "10:59.36",
        "stop": "10:59.60",
        "speaker": "Tutor",
        "dialogue": "Okay?"
    },
    {
        "start": "10:59.68",
        "stop": "11:03.36",
        "speaker": "Tutor",
        "dialogue": "So the distance right?"
    },
    {
        "start": "11:03.72",
        "stop": "11:07.64",
        "speaker": "Tutor",
        "dialogue": "So the speed is staying the same, but the distance is increasing."
    },
    {
        "start": "11:09.40",
        "stop": "11:10.32",
        "speaker": "Tutor",
        "dialogue": "What about the time?"
    },
    {
        "start": "11:10.44",
        "stop": "11:11.40",
        "speaker": "Tutor",
        "dialogue": "What's going on with it?"
    },
    {
        "start": "11:14.00",
        "stop": "11:17.68",
        "speaker": "Tutor",
        "dialogue": "Okay and then you started to recognize that B to C. something's happening there."
    },
    {
        "start": "11:18.12",
        "stop": "11:23.16",
        "speaker": "Tutor",
        "dialogue": "Yeah, so now on the map label, what's going on on the map?"
    },
    {
        "start": "11:23.32",
        "stop": "11:26.60",
        "speaker": "Tutor",
        "dialogue": "So where would points A and B be located?"
    },
    {
        "start": "11:26.72",
        "stop": "11:27.40",
        "speaker": "Tutor",
        "dialogue": "And how do you know?"
    },
    {
        "start": "11:31.88",
        "stop": "11:32.36",
        "speaker": "Tutor",
        "dialogue": "No worries."
    },
    {
        "start": "11:49.88",
        "stop": "11:50.16",
        "speaker": "Tutor",
        "dialogue": "cool."
    },
    {
        "start": "11:50.88",
        "stop": "11:53.72",
        "speaker": "Tutor",
        "dialogue": "No, I understand, you have to take care of things, so don't apologize."
    },
    {
        "start": "11:53.76",
        "stop": "11:54.20",
        "speaker": "Tutor",
        "dialogue": "It's fine."
    },
    {
        "start": "11:56.16",
        "stop": "11:57.96",
        "speaker": "Tutor",
        "dialogue": "So where would you put point A?"
    },
    {
        "start": "11:58.28",
        "stop": "12:13.00",
        "speaker": "Tutor",
        "dialogue": "B? Okay, So what point does that represent K?"
    },
    {
        "start": "12:13.36",
        "stop": "12:14.32",
        "speaker": "Tutor",
        "dialogue": "And where would you put?"
    },
    {
        "start": "12:14.44",
        "stop": "12:17.48",
        "speaker": "Student",
        "dialogue": "B, you should be here."
    },
    {
        "start": "12:19.08",
        "stop": "12:20.52",
        "speaker": "Tutor",
        "dialogue": "Why did you choose to put it there?"
    },
    {
        "start": "12:22.76",
        "stop": "12:27.56",
        "speaker": "Student",
        "dialogue": "Because if I' put it all somewhere over here, then that'll be way too much."
    },
    {
        "start": "12:29.44",
        "stop": "12:30.80",
        "speaker": "Tutor",
        "dialogue": "How did you know it would be too much?"
    },
    {
        "start": "12:30.84",
        "stop": "12:32.76",
        "speaker": "Tutor",
        "dialogue": "What were you thinking about to estimate that because?"
    },
    {
        "start": "12:32.84",
        "stop": "12:39.20",
        "speaker": "Student",
        "dialogue": "If I put B, that means the exact distance has to cover for C and B has to be almost the exact same amount."
    },
    {
        "start": "12:39.92",
        "stop": "12:40.28",
        "speaker": "Student",
        "dialogue": "Mini."
    },
    {
        "start": "12:40.52",
        "stop": "12:41.48",
        "speaker": "Student",
        "dialogue": "it'll be Sommeran."
    },
    {
        "start": "12:41.76",
        "stop": "12:43.84",
        "speaker": "Student",
        "dialogue": "They were already finished, a journey by the."
    },
    {
        "start": "12:44.08",
        "stop": "12:46.96",
        "speaker": "Tutor",
        "dialogue": "And ah, okay, keep labeling your points."
    },
    {
        "start": "12:47.00",
        "stop": "12:49.76",
        "speaker": "Tutor",
        "dialogue": "Where would C, d, E and F be located?"
    },
    {
        "start": "12:54.00",
        "stop": "13:00.04",
        "speaker": "Student",
        "dialogue": "Since the C is also like where B is, so we just basically put where Um."
    },
    {
        "start": "13:01.36",
        "stop": "13:04.60",
        "speaker": "Student",
        "dialogue": "We basically put C on exactly where B is due to."
    },
    {
        "start": "13:05.00",
        "stop": "13:05.24",
        "speaker": "Student",
        "dialogue": "Okay."
    },
    {
        "start": "13:05.40",
        "stop": "13:07.24",
        "speaker": "Student",
        "dialogue": "they basically stayed the same location."
    },
    {
        "start": "13:07.40",
        "stop": "13:09.24",
        "speaker": "Tutor",
        "dialogue": "Because distance did not change."
    },
    {
        "start": "13:10.52",
        "stop": "13:14.68",
        "speaker": "Tutor",
        "dialogue": "Yeah, so you can put sea and actually put a dot where you would see that point."
    },
    {
        "start": "13:14.84",
        "stop": "13:18.92",
        "speaker": "Tutor",
        "dialogue": "Also, Yeah, where on the map would it?"
    },
    {
        "start": "13:19.00",
        "stop": "13:36.12",
        "speaker": "Student",
        "dialogue": "Be should be Sim."
    },
    {
        "start": "14:00.08",
        "stop": "14:03.12",
        "speaker": "Tutor",
        "dialogue": "Help me understand how you were thinking about where to put point."
    },
    {
        "start": "14:03.28",
        "stop": "14:13.16",
        "speaker": "Student",
        "dialogue": "E, uh, point E is probably where they ha, like which, when it said D to e, they probably had some problems"
    },
    {
        "start": "14:13.28",
        "stop": "14:17.80",
        "speaker": "Student",
        "dialogue": "with this part of the journey and I just put, I put it actu."
    },
    {
        "start": "14:18.64",
        "stop": "14:20.24",
        "speaker": "Student",
        "dialogue": "I actually might want to change it."
    },
    {
        "start": "14:20.72",
        "stop": "14:22.44",
        "speaker": "Tutor",
        "dialogue": "Okay, you want to revise your thinking?"
    },
    {
        "start": "14:23.52",
        "stop": "14:23.68",
        "speaker": "Student",
        "dialogue": "Yes."
    },
    {
        "start": "14:31.36",
        "stop": "14:33.60",
        "speaker": "Tutor",
        "dialogue": "Oh, why is that on the other side of New York City?"
    },
    {
        "start": "14:33.88",
        "stop": "14:34.24",
        "speaker": "Tutor",
        "dialogue": "interesting?"
    },
    {
        "start": "14:36.28",
        "stop": "14:43.12",
        "speaker": "Student",
        "dialogue": "Because of the because I got at this black mass right here, I'm pretty sure it's a pool of water."
    },
    {
        "start": "14:45.84",
        "stop": "14:47.76",
        "speaker": "Tutor",
        "dialogue": "K, and if it's a pool?"
    },
    {
        "start": "14:49.20",
        "stop": "14:53.44",
        "speaker": "Student",
        "dialogue": "Or some kind of terrain they had trouble."
    },
    {
        "start": "14:57.40",
        "stop": "14:59.68",
        "speaker": "Tutor",
        "dialogue": "How do you know they have troubles from D to E?"
    },
    {
        "start": "15:00.00",
        "stop": "15:01.88",
        "speaker": "Tutor",
        "dialogue": "What information were you going off of for that?"
    },
    {
        "start": "15:07.60",
        "stop": "15:07.84",
        "speaker": "Tutor",
        "dialogue": "Okay?"
    },
    {
        "start": "15:08.00",
        "stop": "15:20.32",
        "speaker": "Tutor",
        "dialogue": "So because D to E was not a constant speed, something's going on in that stage of the journey that's causing M to stop and go, or speed up and slow downk."
    },
    {
        "start": "15:21.60",
        "stop": "15:21.64",
        "speaker": "Student",
        "dialogue": "For."
    },
    {
        "start": "15:21.96",
        "stop": "15:25.72",
        "speaker": "Tutor",
        "dialogue": "The entire journey does speed stay the same or does speed change?"
    },
    {
        "start": "15:28.12",
        "stop": "15:29.16",
        "speaker": "Student",
        "dialogue": "For most of the part."
    },
    {
        "start": "15:32.60",
        "stop": "15:45.64",
        "speaker": "Tutor",
        "dialogue": "Say more, so the speed was the same from those sections, but from the entire journey the speed does not stay the same."
    },
    {
        "start": "15:48.76",
        "stop": "15:49.36",
        "speaker": "Tutor",
        "dialogue": "It's changing."
    },
    {
        "start": "15:51.64",
        "stop": "15:57.64",
        "speaker": "Tutor",
        "dialogue": "so now you're going to create your own graph of this situation."
    },
    {
        "start": "16:02.92",
        "stop": "16:19.00",
        "speaker": "Tutor",
        "dialogue": "So the speed of the car changing throughout the journey, and there are times that it's going faster and times that it's going slower, so take some time to sketch what you think the graph of the relationship between these two things would look."
    },
    {
        "start": "16:19.08",
        "stop": "16:41.76",
        "speaker": "Student",
        "dialogue": "Like I prestul, all these were warn coud' pasent ma gsy."
    },
    {
        "start": "16:55.00",
        "stop": "17:41.32",
        "speaker": "Tutor",
        "dialogue": "God, yep, you find it."
    },
    {
        "start": "17:42.72",
        "stop": "17:46.52",
        "speaker": "Tutor",
        "dialogue": "Yeah, and don't worry about super tyight precision."
    },
    {
        "start": "17:46.72",
        "stop": "17:49.32",
        "speaker": "Tutor",
        "dialogue": "You can just make a sketch the best you can to."
    },
    {
        "start": "17:49.64",
        "stop": "17:51.64",
        "speaker": "Tutor",
        "dialogue": "I know it's kind of hard to draw with your mouse pad."
    },
    {
        "start": "18:14.24",
        "stop": "18:20.48",
        "speaker": "Tutor",
        "dialogue": "Let's see, so you can click the top arrow to select it, or that button that you asked about."
    },
    {
        "start": "18:20.52",
        "stop": "18:21.08",
        "speaker": "Tutor",
        "dialogue": "That's a square"
    },
    {
        "start": "18:21.16",
        "stop": "18:21.84",
        "speaker": "Tutor",
        "dialogue": "With some arrows."
    },
    {
        "start": "18:22.68",
        "stop": "19:05.80",
        "speaker": "Tutor",
        "dialogue": "You can click that and then it'll allow you to grab it and move it, And then you can also resize it right."
    },
    {
        "start": "19:05.96",
        "stop": "19:06.76",
        "speaker": "Tutor",
        "dialogue": "Stop for a minute."
    },
    {
        "start": "19:07.04",
        "stop": "19:09.92",
        "speaker": "Tutor",
        "dialogue": "What is that line representing that you just put on the graph?"
    },
    {
        "start": "19:24.92",
        "stop": "19:27.28",
        "speaker": "Tutor",
        "dialogue": "Ah, so you're actually setting up like the grid paper."
    },
    {
        "start": "19:28.68",
        "stop": "19:29.52",
        "speaker": "Tutor",
        "dialogue": "You don't need to do that."
    },
    {
        "start": "19:30.20",
        "stop": "19:31.72",
        "speaker": "Tutor",
        "dialogue": "It's okay if it's not precise."
    },
    {
        "start": "19:32.12",
        "stop": "19:52.68",
        "speaker": "Tutor",
        "dialogue": "You can just do an estimated sketch and then explain to me what your sketch would be representing, And what are those numbers?"
    },
    {
        "start": "19:53.20",
        "stop": "19:54.72",
        "speaker": "Tutor",
        "dialogue": "one on two, three."
    },
    {
        "start": "20:02.80",
        "stop": "20:04.28",
        "speaker": "Student",
        "dialogue": "I actually should go by the ten."
    },
    {
        "start": "20:05.72",
        "stop": "20:09.72",
        "speaker": "Tutor",
        "dialogue": "If you want to change scaleyes."
    },
    {
        "start": "20:10.24",
        "stop": "20:10.28",
        "speaker": "Student",
        "dialogue": "S."
    },
    {
        "start": "21:47.84",
        "stop": "21:50.00",
        "speaker": "Tutor",
        "dialogue": "And what is that axis representing?"
    },
    {
        "start": "21:50.16",
        "stop": "21:50.32",
        "speaker": "Tutor",
        "dialogue": "one?"
    },
    {
        "start": "21:50.40",
        "stop": "21:50.44",
        "speaker": "Tutor",
        "dialogue": "What?"
    },
    {
        "start": "21:50.76",
        "stop": "21:50.92",
        "speaker": "Tutor",
        "dialogue": "two?"
    },
    {
        "start": "21:50.96",
        "stop": "21:51.00",
        "speaker": "Tutor",
        "dialogue": "what?"
    },
    {
        "start": "21:51.32",
        "stop": "21:51.48",
        "speaker": "Tutor",
        "dialogue": "three."
    },
    {
        "start": "21:51.56",
        "stop": "22:02.36",
        "speaker": "Tutor",
        "dialogue": "What I love her singing."
    },
    {
        "start": "22:21.60",
        "stop": "22:24.40",
        "speaker": "Tutor",
        "dialogue": "You are doing an excellent job of thinking out loud."
    },
    {
        "start": "22:24.56",
        "stop": "22:25.64",
        "speaker": "Tutor",
        "dialogue": "This is very helpful."
    },
    {
        "start": "22:25.80",
        "stop": "22:26.24",
        "speaker": "Tutor",
        "dialogue": "Keep doing."
    },
    {
        "start": "22:26.32",
        "stop": "22:34.48",
        "speaker": "Student",
        "dialogue": "That the only problem sight here is that the two you need a certain amount of hours to travel"
    },
    {
        "start": "22:34.52",
        "stop": "22:39.04",
        "speaker": "Student",
        "dialogue": "a certain amount of distance alike are, Are we supposed that dude has ne?"
    },
    {
        "start": "23:03.16",
        "stop": "23:04.28",
        "speaker": "Tutor",
        "dialogue": "Y, absolutely yup."
    },
    {
        "start": "23:05.36",
        "stop": "23:06.88",
        "speaker": "Tutor",
        "dialogue": "What point did you just mark there?"
    },
    {
        "start": "23:11.44",
        "stop": "23:11.48",
        "speaker": "Tutor",
        "dialogue": "What?"
    },
    {
        "start": "23:12.68",
        "stop": "23:14.80",
        "speaker": "Tutor",
        "dialogue": "What point on your graph over here?"
    },
    {
        "start": "23:15.48",
        "stop": "23:16.32",
        "speaker": "Tutor",
        "dialogue": "does that represent?"
    },
    {
        "start": "23:18.88",
        "stop": "23:28.88",
        "speaker": "Tutor",
        "dialogue": "So B All right, So label it as point B. That would be a. All right."
    },
    {
        "start": "23:29.00",
        "stop": "23:29.52",
        "speaker": "Tutor",
        "dialogue": "Let's go by."
    },
    {
        "start": "23:29.64",
        "stop": "23:30.04",
        "speaker": "Tutor",
        "dialogue": "Is it okay"
    },
    {
        "start": "23:30.08",
        "stop": "23:32.28",
        "speaker": "Tutor",
        "dialogue": "if I remove your this langeuage?"
    },
    {
        "start": "23:32.84",
        "stop": "23:36.88",
        "speaker": "Tutor",
        "dialogue": "Okay, So this is a cool sketch Earlier"
    },
    {
        "start": "23:36.96",
        "stop": "23:46.72",
        "speaker": "Tutor",
        "dialogue": "When you talked to me about this section from A to B. What did you tell me was happening with the speed constant?"
    },
    {
        "start": "23:47.56",
        "stop": "23:48.84",
        "speaker": "Tutor",
        "dialogue": "So I, the speed is constant."
    },
    {
        "start": "23:49.80",
        "stop": "23:51.68",
        "speaker": "Tutor",
        "dialogue": "That means thirty minutes into the trip."
    },
    {
        "start": "23:52.56",
        "stop": "23:56.96",
        "speaker": "Tutor",
        "dialogue": "the car is travelling at a constant speed, which means at the same speed"
    },
    {
        "start": "23:57.16",
        "stop": "23:59.84",
        "speaker": "Tutor",
        "dialogue": "it's travelling when it's here here here here here."
    },
    {
        "start": "24:03.20",
        "stop": "24:36.44",
        "speaker": "Tutor",
        "dialogue": "How fast is the car going the entire section of the trip from Adaby, What are you thinking right now?"
    },
    {
        "start": "24:45.64",
        "stop": "24:45.80",
        "speaker": "Tutor",
        "dialogue": "Try"
    },
    {
        "start": "24:45.92",
        "stop": "24:45.96",
        "speaker": "Tutor",
        "dialogue": "to."
    },
    {
        "start": "25:04.20",
        "stop": "25:13.60",
        "speaker": "Tutor",
        "dialogue": "Ah, I'm wondering when you told me that the speed is constant."
    },
    {
        "start": "25:14.28",
        "stop": "25:16.12",
        "speaker": "Tutor",
        "dialogue": "What does it mean for the speed to be?"
    },
    {
        "start": "25:22.64",
        "stop": "25:24.40",
        "speaker": "Tutor",
        "dialogue": "If the speed is constant?"
    },
    {
        "start": "25:24.72",
        "stop": "25:27.32",
        "speaker": "Tutor",
        "dialogue": "Is it changing or is it staying the same?"
    },
    {
        "start": "25:29.88",
        "stop": "25:37.80",
        "speaker": "Tutor",
        "dialogue": "So if the speed is staying the same from this entire section of the journey means the car is going at the same speed"
    },
    {
        "start": "25:38.48",
        "stop": "25:39.68",
        "speaker": "Tutor",
        "dialogue": "this whole first hour?"
    },
    {
        "start": "25:42.76",
        "stop": "25:44.84",
        "speaker": "Tutor",
        "dialogue": "Do you know how fast the car is going?"
    },
    {
        "start": "25:45.60",
        "stop": "25:48.08",
        "speaker": "Tutor",
        "dialogue": "Do you have enough information to figure out the speed of the car?"
    },
    {
        "start": "25:52.68",
        "stop": "25:53.00",
        "speaker": "Student",
        "dialogue": "Fft"
    },
    {
        "start": "25:53.16",
        "stop": "25:56.72",
        "speaker": "Student",
        "dialogue": "mile, talk t miles."
    },
    {
        "start": "26:00.28",
        "stop": "26:01.36",
        "speaker": "Tutor",
        "dialogue": "Ah, so 'sle's."
    },
    {
        "start": "26:01.56",
        "stop": "26:02.88",
        "speaker": "Tutor",
        "dialogue": "let's dig into that a little bit."
    },
    {
        "start": "26:03.44",
        "stop": "26:15.40",
        "speaker": "Tutor",
        "dialogue": "if the car is travelling at a constant speed, Whether I've gone ten miles into the trip or twenty five miles into the trip, or forty miles into the trip."
    },
    {
        "start": "26:15.92",
        "stop": "26:21.20",
        "speaker": "Tutor",
        "dialogue": "If I'm travelling at a constant speed, is my speed changing at all?"
    },
    {
        "start": "26:24.16",
        "stop": "26:35.24",
        "speaker": "Tutor",
        "dialogue": "Oh so distance is changing and the time is changing, But you said the speed was staying constant, So your brain is trying to prove it to yourself."
    },
    {
        "start": "26:35.32",
        "stop": "26:41.56",
        "speaker": "Tutor",
        "dialogue": "You want to prove that, So let's try this point at thirty minutes."
    },
    {
        "start": "26:42.32",
        "stop": "26:44.12",
        "speaker": "Tutor",
        "dialogue": "How many miles has the car traveled"
    },
    {
        "start": "26:49.24",
        "stop": "26:58.64",
        "speaker": "Tutor",
        "dialogue": "And speed is this thing that we measure in how many miles per one hour?"
    },
    {
        "start": "27:02.08",
        "stop": "27:03.16",
        "speaker": "Tutor",
        "dialogue": "So at first you said"
    },
    {
        "start": "27:03.28",
        "stop": "27:12.64",
        "speaker": "Tutor",
        "dialogue": "Well, the car traveled Fif, and then you said Okay, The car's going fifty miles per hour."
    },
    {
        "start": "27:14.40",
        "stop": "27:20.52",
        "speaker": "Tutor",
        "dialogue": "Well, if the car has travelled twenty five miles in thirty minutes, Is that what you told me?"
    },
    {
        "start": "27:25.12",
        "stop": "27:29.44",
        "speaker": "Tutor",
        "dialogue": "If it took the car thirty minutes to travel twentyfive miles?"
    },
    {
        "start": "27:30.92",
        "stop": "27:36.80",
        "speaker": "Tutor",
        "dialogue": "Is it traveling at a rate equivalent to covering fifty miles in one hour?"
    },
    {
        "start": "27:39.92",
        "stop": "27:43.56",
        "speaker": "Tutor",
        "dialogue": "Yacause speed is always measured in this unit of per one hour."
    },
    {
        "start": "27:44.80",
        "stop": "27:49.92",
        "speaker": "Tutor",
        "dialogue": "This would be the same thing as fifty miles covered in one hour."
    },
    {
        "start": "27:51.24",
        "stop": "27:57.12",
        "speaker": "Tutor",
        "dialogue": "And you recognize that by the shape of the graph here, because it is this linear section of the graph."
    },
    {
        "start": "27:57.28",
        "stop": "27:58.60",
        "speaker": "Tutor",
        "dialogue": "It's that smooth line."
    },
    {
        "start": "27:59.28",
        "stop": "28:06.88",
        "speaker": "Tutor",
        "dialogue": "That means that the relationship of how distance is changing and how time is changing is changing at a constant rate."
    },
    {
        "start": "28:08.12",
        "stop": "28:11.60",
        "speaker": "Tutor",
        "dialogue": "Another way we can think about that is the speed is staying constant."
    },
    {
        "start": "28:13.24",
        "stop": "28:16.64",
        "speaker": "Tutor",
        "dialogue": "So how can you show that now on your graph?"
    },
    {
        "start": "28:20.84",
        "stop": "28:23.72",
        "speaker": "Tutor",
        "dialogue": "Oh, are we allowed to make straight lines and graphs?"
    },
    {
        "start": "28:24.00",
        "stop": "28:26.16",
        "speaker": "Tutor",
        "dialogue": "Or does it always have to start at the origin?"
    },
    {
        "start": "28:29.64",
        "stop": "28:30.84",
        "speaker": "Tutor",
        "dialogue": "You do have to start at the origin."
    },
    {
        "start": "28:30.96",
        "stop": "28:31.64",
        "speaker": "Tutor",
        "dialogue": "Is that what you said?"
    },
    {
        "start": "28:42.20",
        "stop": "28:42.48",
        "speaker": "Tutor",
        "dialogue": "Okay?"
    },
    {
        "start": "28:58.64",
        "stop": "29:04.88",
        "speaker": "Tutor",
        "dialogue": "Alright, so here we figured out that thirty minutes into the trip"
    },
    {
        "start": "29:05.40",
        "stop": "29:10.72",
        "speaker": "Tutor",
        "dialogue": "the car had traveled twenty five miles, which meant that it was travelling at fifty miles per hour."
    },
    {
        "start": "29:11.76",
        "stop": "29:13.08",
        "speaker": "Tutor",
        "dialogue": "Do you agree or disagree with that?"
    },
    {
        "start": "29:17.68",
        "stop": "29:18.20",
        "speaker": "Tutor",
        "dialogue": "You agree."
    },
    {
        "start": "29:19.64",
        "stop": "29:20.04",
        "speaker": "Tutor",
        "dialogue": "All right."
    },
    {
        "start": "29:20.40",
        "stop": "29:26.68",
        "speaker": "Tutor",
        "dialogue": "So on your graph, thirty miles into the trip is about right here."
    },
    {
        "start": "29:28.72",
        "stop": "29:30.08",
        "speaker": "Tutor",
        "dialogue": "How fast is the car going?"
    },
    {
        "start": "29:30.28",
        "stop": "29:31.40",
        "speaker": "Tutor",
        "dialogue": "Thirty miles into the trip?"
    },
    {
        "start": "29:31.60",
        "stop": "29:40.16",
        "speaker": "Tutor",
        "dialogue": "On your graph, thirty minutes."
    },
    {
        "start": "29:40.24",
        "stop": "29:40.64",
        "speaker": "Tutor",
        "dialogue": "I'm sorry."
    },
    {
        "start": "29:40.68",
        "stop": "29:41.32",
        "speaker": "Tutor",
        "dialogue": "I misspoke."
    },
    {
        "start": "29:41.96",
        "stop": "29:43.48",
        "speaker": "Tutor",
        "dialogue": "So y, thirty minutes into the trip?"
    },
    {
        "start": "29:43.60",
        "stop": "29:44.28",
        "speaker": "Tutor",
        "dialogue": "How fast is it?"
    },
    {
        "start": "29:47.68",
        "stop": "29:51.72",
        "speaker": "Tutor",
        "dialogue": "So here we said, Thirty minutes into the trip."
    },
    {
        "start": "29:52.32",
        "stop": "29:54.08",
        "speaker": "Tutor",
        "dialogue": "the car was going fifty miles an hour."
    },
    {
        "start": "30:04.28",
        "stop": "30:04.88",
        "speaker": "Student",
        "dialogue": "Not an hour."
    },
    {
        "start": "30:07.12",
        "stop": "30:14.24",
        "speaker": "Tutor",
        "dialogue": "Right, correct, how fast is the car going at this point?"
    },
    {
        "start": "30:20.12",
        "stop": "30:21.52",
        "speaker": "Tutor",
        "dialogue": "Yup, which is what we wrote here."
    },
    {
        "start": "30:21.92",
        "stop": "30:34.16",
        "speaker": "Tutor",
        "dialogue": "It has traveled thirty five miles in thirty minutes, but speed is calculated in units of miles per hour."
    },
    {
        "start": "30:36.80",
        "stop": "30:45.64",
        "speaker": "Tutor",
        "dialogue": "So if this is in a unit of a half hour, I have to make it equivalent to an hour."
    },
    {
        "start": "30:51.20",
        "stop": "31:10.04",
        "speaker": "Tutor",
        "dialogue": "Yeah, so so that tells us the speed of the car is fifty miles per hour, Even at this point, Because a relationship of twenty five miles and thirty minutes, that ratio is equivalent to fifty miles in one hour."
    },
    {
        "start": "31:14.96",
        "stop": "31:17.76",
        "speaker": "Tutor",
        "dialogue": "This is also where you told me the speed is constant."
    },
    {
        "start": "31:18.44",
        "stop": "31:19.64",
        "speaker": "Tutor",
        "dialogue": "It is staying the same."
    },
    {
        "start": "31:20.04",
        "stop": "31:20.60",
        "speaker": "Tutor",
        "dialogue": "This enti."
    },
    {
        "start": "31:20.80",
        "stop": "31:30.76",
        "speaker": "Tutor",
        "dialogue": "It's like I got in the car and I set cruise control and I drove fifty miles an hour from A to B. This entire section of the road."
    },
    {
        "start": "31:33.20",
        "stop": "31:33.48",
        "speaker": "Tutor",
        "dialogue": "Brek."
    },
    {
        "start": "31:33.92",
        "stop": "31:43.92",
        "speaker": "Tutor",
        "dialogue": "they did take a break, but what I'm confused about is that this point here that you drew doesn't show the car going fifty miles an hour Right here."
    },
    {
        "start": "31:46.52",
        "stop": "32:11.24",
        "speaker": "Tutor",
        "dialogue": "You're saying the car is only going twenty-five miles an hour here, and it slowly accelerates until it reaches one hour, and it's only at that one point that it's traveling fifty miles an hour, so my wondering is is the car going fifty miles an hour just at this point, or is the car going fifty miles per hour"
    },
    {
        "start": "32:11.40",
        "stop": "32:12.76",
        "speaker": "Tutor",
        "dialogue": "this entire section of the trip?"
    },
    {
        "start": "32:36.04",
        "stop": "32:42.36",
        "speaker": "Tutor",
        "dialogue": "So when we earlier, you told me the speed of the car does not stay the same for the whole trip."
    },
    {
        "start": "32:44.44",
        "stop": "32:45.56",
        "speaker": "Tutor",
        "dialogue": "It doesn't No."
    },
    {
        "start": "32:47.00",
        "stop": "32:49.72",
        "speaker": "Tutor",
        "dialogue": "What is the speed of the car right here?"
    },
    {
        "start": "32:57.28",
        "stop": "33:08.96",
        "speaker": "Tutor",
        "dialogue": "it is fifty miles that entire length and then the car goes zero miles per hour, and then the car."
    },
    {
        "start": "33:13.60",
        "stop": "33:18.32",
        "speaker": "Tutor",
        "dialogue": "So earlier over here, you told me that graphs have to start at the origin."
    },
    {
        "start": "33:20.08",
        "stop": "33:22.24",
        "speaker": "Tutor",
        "dialogue": "Me, but they don't."
    },
    {
        "start": "33:22.92",
        "stop": "33:24.20",
        "speaker": "Tutor",
        "dialogue": "They could start anywhere."
    },
    {
        "start": "33:26.16",
        "stop": "33:39.84",
        "speaker": "Tutor",
        "dialogue": "So if if the graph didn't have to start at the origin, what could your graph look like to show fifty miles per hour for this entire first hour of the trip?"
    },
    {
        "start": "33:45.04",
        "stop": "33:51.68",
        "speaker": "Student",
        "dialogue": "Timeing Fverse, gr."
    },
    {
        "start": "33:56.08",
        "stop": "34:04.24",
        "speaker": "Student",
        "dialogue": "W simply be like, like are vertical line would be a bit more horizontal."
    },
    {
        "start": "34:05.04",
        "stop": "34:19.44",
        "speaker": "Tutor",
        "dialogue": "Yeah, it may look like no graph you've ever seen before."
    },
    {
        "start": "34:20.16",
        "stop": "34:23.60",
        "speaker": "Tutor",
        "dialogue": "Your brain is like weighted, supposed to stard in origin, or they."
    },
    {
        "start": "34:24.36",
        "stop": "34:25.88",
        "speaker": "Tutor",
        "dialogue": "they're supposed to be horizontal."
    },
    {
        "start": "34:27.08",
        "stop": "34:27.84",
        "speaker": "Tutor",
        "dialogue": "but now it's like"
    },
    {
        "start": "34:28.00",
        "stop": "34:29.60",
        "speaker": "Tutor",
        "dialogue": "Oh, maybe it can be something else."
    },
    {
        "start": "34:38.12",
        "stop": "34:43.52",
        "speaker": "Tutor",
        "dialogue": "Are you working on the ipad right nows?"
    },
    {
        "start": "34:51.56",
        "stop": "34:51.72",
        "speaker": "Student",
        "dialogue": "Can?"
    },
    {
        "start": "34:51.80",
        "stop": "34:54.00",
        "speaker": "Tutor",
        "dialogue": "I have your brother for just five more minutes."
    },
    {
        "start": "34:58.92",
        "stop": "34:59.88",
        "speaker": "Tutor",
        "dialogue": "Oh, she can't hear you."
    },
    {
        "start": "35:00.08",
        "stop": "35:02.16",
        "speaker": "Tutor",
        "dialogue": "Ah, I was going to ask just for five more minutes."
    },
    {
        "start": "35:02.20",
        "stop": "35:03.20",
        "speaker": "Tutor",
        "dialogue": "Then she can have you back."
    },
    {
        "start": "35:08.68",
        "stop": "35:09.72",
        "speaker": "Tutor",
        "dialogue": "Ah, thank you."
    },
    {
        "start": "35:09.84",
        "stop": "35:10.44",
        "speaker": "Tutor",
        "dialogue": "That's helpful."
    },
    {
        "start": "35:10.96",
        "stop": "35:19.64",
        "speaker": "Tutor",
        "dialogue": "Okay, so let's just dissect this one part and then we'll be finished from A to B. You're showing the car gradually getting faster."
    },
    {
        "start": "35:21.00",
        "stop": "35:23.76",
        "speaker": "Tutor",
        "dialogue": "How could you show the car staying fifty miles an hour?"
    },
    {
        "start": "35:24.12",
        "stop": "35:27.52",
        "speaker": "Tutor",
        "dialogue": "the entire section from zero to one hour."
    },
    {
        "start": "35:29.36",
        "stop": "35:35.88",
        "speaker": "Student",
        "dialogue": "Well, this, the lud shows it, but we, this lea lak isually do the Samus show."
    },
    {
        "start": "35:36.00",
        "stop": "35:40.64",
        "speaker": "Tutor",
        "dialogue": "It you wanted to make it horizontal earlier?"
    },
    {
        "start": "35:41.12",
        "stop": "35:42.28",
        "speaker": "Tutor",
        "dialogue": "Can we make it vertical?"
    },
    {
        "start": "35:47.96",
        "stop": "35:49.16",
        "speaker": "Student",
        "dialogue": "So we just."
    },
    {
        "start": "35:49.16",
        "stop": "36:03.80",
        "speaker": "Tutor",
        "dialogue": "S. so where would this point be on your graph?"
    },
    {
        "start": "36:04.24",
        "stop": "36:08.24",
        "speaker": "Tutor",
        "dialogue": "I want to be going fifty miles per hour, but you told me"
    },
    {
        "start": "36:08.32",
        "stop": "36:09.32",
        "speaker": "Tutor",
        "dialogue": "it's fifty miles an hour"
    },
    {
        "start": "36:09.88",
        "stop": "36:10.08",
        "speaker": "Tutor",
        "dialogue": "Here."
    },
    {
        "start": "36:10.40",
        "stop": "36:11.52",
        "speaker": "Tutor",
        "dialogue": "it's only twenty five miles."
    },
    {
        "start": "36:11.56",
        "stop": "36:17.88",
        "speaker": "Tutor",
        "dialogue": "A. it's twenty five miles, but I want twenty."
    },
    {
        "start": "36:18.24",
        "stop": "36:20.76",
        "speaker": "Tutor",
        "dialogue": "I need to be going fifty miles per hour."
    },
    {
        "start": "36:23.16",
        "stop": "36:33.16",
        "speaker": "Tutor",
        "dialogue": "That's at one hour, but I'm also going fifty miles an hour at thirty minutes, so that is actually here."
    },
    {
        "start": "36:33.32",
        "stop": "36:44.72",
        "speaker": "Tutor",
        "dialogue": "Also, I'm still going fifty miles an hour, and as soon as the trip starts going fifty miles an hour, If my speed is staying constant, I'm going fifty miles an hour."
    },
    {
        "start": "36:44.84",
        "stop": "36:59.44",
        "speaker": "Tutor",
        "dialogue": "That entire section is that possible."
    },
    {
        "start": "37:01.84",
        "stop": "37:08.16",
        "speaker": "Student",
        "dialogue": "Ih."
    },
    {
        "start": "37:08.80",
        "stop": "37:24.80",
        "speaker": "Tutor",
        "dialogue": "That'sterest so graphs don't always have to start at zero, But this graph is keeping track of time and speed, not distance."
    },
    {
        "start": "37:31.08",
        "stop": "37:31.48",
        "speaker": "Tutor",
        "dialogue": "Uhhuh."
    },
    {
        "start": "37:32.64",
        "stop": "37:40.56",
        "speaker": "Tutor",
        "dialogue": "so if I drew a line that looks like this, that would mean that the car was going a hundred miles"
    },
    {
        "start": "37:40.60",
        "stop": "37:44.24",
        "speaker": "Tutor",
        "dialogue": "an hour, this entire from zero minutes to one hour."
    },
    {
        "start": "37:45.12",
        "stop": "37:47.12",
        "speaker": "Tutor",
        "dialogue": "Can I have a line that looks like this in a graph?"
    },
    {
        "start": "37:52.80",
        "stop": "37:55.64",
        "speaker": "Tutor",
        "dialogue": "What about in this situation situ?"
    },
    {
        "start": "37:57.60",
        "stop": "37:58.44",
        "speaker": "Tutor",
        "dialogue": "Okay, Cool"
    },
    {
        "start": "37:59.16",
        "stop": "38:02.80",
        "speaker": "Tutor",
        "dialogue": "if we had more time, I would love to explore that deeper with you."
    },
    {
        "start": "38:03.40",
        "stop": "38:05.44",
        "speaker": "Tutor",
        "dialogue": "Let's go back to the Um."
    },
    {
        "start": "38:05.52",
        "stop": "38:06.24",
        "speaker": "Tutor",
        "dialogue": "What graphs do?"
    },
    {
        "start": "38:07.04",
        "stop": "38:15.68",
        "speaker": "Tutor",
        "dialogue": "Graphs are always going to show how one thing is changing how something else is changing, and then how they're changing in relationship to each other."
    },
    {
        "start": "38:17.00",
        "stop": "38:19.96",
        "speaker": "Tutor",
        "dialogue": "So graphs might start looking all sorts of different ways."
    },
    {
        "start": "38:20.36",
        "stop": "38:21.48",
        "speaker": "Tutor",
        "dialogue": "They might look like this."
    },
    {
        "start": "38:22.52",
        "stop": "38:26.96",
        "speaker": "Tutor",
        "dialogue": "They could look like this, and they might not ever touch the axes."
    },
    {
        "start": "38:27.68",
        "stop": "38:41.00",
        "speaker": "Tutor",
        "dialogue": "It's okay if they're out in the middle, so I challenge yourself to think about what these two things are keeping track of, and maybe create some graphs that look like nothing you've ever seen before."
    },
    {
        "start": "38:41.48",
        "stop": "38:43.12",
        "speaker": "Tutor",
        "dialogue": "Allow your brain to go there sometimes."
    },
    {
        "start": "38:43.24",
        "stop": "38:52.32",
        "speaker": "Tutor",
        "dialogue": "Okay, I know that your sister is patiently waiting for you so just briefly"
    },
    {
        "start": "38:52.44",
        "stop": "39:02.16",
        "speaker": "Tutor",
        "dialogue": "If you could let me know what this situ or what this experience was like for you, what was helpful or what was not helpful, or what are some things that we could change to make it better?"
    },
    {
        "start": "39:11.92",
        "stop": "39:23.92",
        "speaker": "Student",
        "dialogue": "It was precisely a practice offered to teach kids a certain subject like math, so learning math."
    },
    {
        "start": "39:25.40",
        "stop": "39:39.28",
        "speaker": "Tutor",
        "dialogue": "Like, like birth is to experiencing how graphs work and how things change in relationship to each other."
    },
    {
        "start": "39:41.92",
        "stop": "39:44.44",
        "speaker": "Tutor",
        "dialogue": "Yeah, 'cause graphs represent relationships."
    },
    {
        "start": "39:47.36",
        "stop": "39:55.04",
        "speaker": "Tutor",
        "dialogue": "Is there anything you feel like you're thinking about differently or anything you learned in our timened?"
    },
    {
        "start": "39:55.08",
        "stop": "40:00.00",
        "speaker": "Student",
        "dialogue": "A bit T. I learn like graphs, and like too excito."
    },
    {
        "start": "40:00.08",
        "stop": "40:03.76",
        "speaker": "Student",
        "dialogue": "The power to the line is fy rear."
    },
    {
        "start": "40:03.88",
        "stop": "40:07.56",
        "speaker": "Student",
        "dialogue": "I can go like the quadrant quadran."
    }
]