[
    {
        "start": "00:00.76",
        "stop": "00:04.92",
        "speaker": "Tutor",
        "dialogue": "Perfect, okay, I, if you'd like you can close your chat box."
    },
    {
        "start": "00:06.84",
        "stop": "00:16.04",
        "speaker": "Tutor",
        "dialogue": "We'll be talking back and forth, and that way you have more work space right over here on the left hand side of your screen."
    },
    {
        "start": "00:16.08",
        "stop": "00:17.16",
        "speaker": "Tutor",
        "dialogue": "you should see some tools."
    },
    {
        "start": "00:19.92",
        "stop": "00:29.84",
        "speaker": "Tutor",
        "dialogue": "Um, you can use the pencil one to draw, and when you click on that pencil up on the top, you'll get a color and a size um."
    },
    {
        "start": "00:29.92",
        "stop": "00:30.16",
        "speaker": "Tutor",
        "dialogue": "box"
    },
    {
        "start": "00:30.24",
        "stop": "00:30.80",
        "speaker": "Tutor",
        "dialogue": "that pops up."
    },
    {
        "start": "00:30.84",
        "stop": "00:36.68",
        "speaker": "Tutor",
        "dialogue": "If you want to change the color or size of what you're drawing, you can also use the T text box."
    },
    {
        "start": "00:36.96",
        "stop": "00:39.20",
        "speaker": "Tutor",
        "dialogue": "if you prefer to type instead of draw."
    },
    {
        "start": "00:40.44",
        "stop": "00:42.64",
        "speaker": "Tutor",
        "dialogue": "And then we're going to practicse erasing."
    },
    {
        "start": "00:43.08",
        "stop": "00:44.64",
        "speaker": "Tutor",
        "dialogue": "Um, that one can get a little bit tricky."
    },
    {
        "start": "00:45.20",
        "stop": "00:46.96",
        "speaker": "Tutor",
        "dialogue": "So do you see the trash can button?"
    },
    {
        "start": "00:50.08",
        "stop": "00:51.24",
        "speaker": "Tutor",
        "dialogue": "Don't push that one."
    },
    {
        "start": "00:51.92",
        "stop": "00:56.36",
        "speaker": "Tutor",
        "dialogue": "If you push that one, it will clear the entire screen and we have no way to get it back."
    },
    {
        "start": "00:57.60",
        "stop": "01:05.52",
        "speaker": "Tutor",
        "dialogue": "But if you draw something and or you type something, and you change your mind and you want to erase it, what you'll do is use the top arrow."
    },
    {
        "start": "01:06.08",
        "stop": "01:07.16",
        "speaker": "Tutor",
        "dialogue": "That's your select tool."
    },
    {
        "start": "01:07.80",
        "stop": "01:15.48",
        "speaker": "Tutor",
        "dialogue": "You select what it is that you want to either move or erase, and to erase it once it's selected."
    },
    {
        "start": "01:15.76",
        "stop": "01:29.64",
        "speaker": "Tutor",
        "dialogue": "then you click the arrow with an in the middle of it at the bottom of your toolbar, and that will erase just that one thing you've selected so practicse drawing something, and then try to erase what you draw."
    },
    {
        "start": "01:45.08",
        "stop": "01:45.92",
        "speaker": "Tutor",
        "dialogue": "Is it selecting?"
    },
    {
        "start": "01:47.04",
        "stop": "01:51.12",
        "speaker": "Tutor",
        "dialogue": "Yeah, Okay, once it's selected there you go."
    },
    {
        "start": "01:51.36",
        "stop": "01:51.68",
        "speaker": "Tutor",
        "dialogue": "perfect."
    },
    {
        "start": "01:52.52",
        "stop": "01:52.80",
        "speaker": "Tutor",
        "dialogue": "Okay."
    },
    {
        "start": "01:53.16",
        "stop": "01:54.76",
        "speaker": "Tutor",
        "dialogue": "Do you have any questions on the tools?"
    },
    {
        "start": "01:56.08",
        "stop": "01:57.52",
        "speaker": "Tutor",
        "dialogue": "No, No, okay."
    },
    {
        "start": "01:58.32",
        "stop": "02:15.16",
        "speaker": "Tutor",
        "dialogue": "The next thing that we will do then is talk a little bit about what it'll be like when we work together, so I will ask you a lot of questions, and the more that you can explain what you're thinking in your head, the better even if you're like, Wait, does that go there?"
    },
    {
        "start": "02:15.28",
        "stop": "02:16.32",
        "speaker": "Tutor",
        "dialogue": "or should I put it here?"
    },
    {
        "start": "02:16.96",
        "stop": "02:18.48",
        "speaker": "Tutor",
        "dialogue": "All those thoughts you have in your head."
    },
    {
        "start": "02:18.68",
        "stop": "02:28.08",
        "speaker": "Tutor",
        "dialogue": "The more you say it out loud, the better, And if at any time you, um, just need some time to think and you don't want me to interrupt."
    },
    {
        "start": "02:28.52",
        "stop": "02:30.16",
        "speaker": "Tutor",
        "dialogue": "Just verbalize that I'm not sure."
    },
    {
        "start": "02:30.44",
        "stop": "02:34.44",
        "speaker": "Tutor",
        "dialogue": "Give me some time to think and then I'll be quiet so that I don't interrupt your thought process."
    },
    {
        "start": "02:34.56",
        "stop": "02:36.52",
        "speaker": "Tutor",
        "dialogue": "It's just hard to tell when I can't see your face."
    },
    {
        "start": "02:37.96",
        "stop": "02:38.72",
        "speaker": "Tutor",
        "dialogue": "Does that make sense?"
    },
    {
        "start": "02:39.44",
        "stop": "02:44.72",
        "speaker": "Tutor",
        "dialogue": "Yeah, okay, and then if I ask you a question, it doesn't necessarily mean something's wrong."
    },
    {
        "start": "02:44.80",
        "stop": "02:47.28",
        "speaker": "Tutor",
        "dialogue": "It just means I want to know more about what you're thinking."
    },
    {
        "start": "02:48.40",
        "stop": "02:48.72",
        "speaker": "Tutor",
        "dialogue": "Cool."
    },
    {
        "start": "02:49.88",
        "stop": "02:50.52",
        "speaker": "Tutor",
        "dialogue": "Yeah, all right."
    },
    {
        "start": "02:50.56",
        "stop": "02:52.24",
        "speaker": "Tutor",
        "dialogue": "Do you have any questions before we get started?"
    },
    {
        "start": "02:53.08",
        "stop": "02:54.12",
        "speaker": "Tutor",
        "dialogue": "No, awesome."
    },
    {
        "start": "02:54.68",
        "stop": "02:59.32",
        "speaker": "Tutor",
        "dialogue": "I am going to turn the page, Then do you see something different on your screen?"
    },
    {
        "start": "02:59.44",
        "stop": "02:59.60",
        "speaker": "Tutor",
        "dialogue": "Now?"
    },
    {
        "start": "03:00.56",
        "stop": "03:02.84",
        "speaker": "Tutor",
        "dialogue": "Yeah, awesome, so take a minute to read it."
    },
    {
        "start": "03:03.24",
        "stop": "03:10.12",
        "speaker": "Tutor",
        "dialogue": "Look it over and then explain to me what you think is happening in this situation."
    },
    {
        "start": "03:35.00",
        "stop": "03:50.04",
        "speaker": "Student",
        "dialogue": "It says it's a car journey and it starts in Providence, to to Newark."
    },
    {
        "start": "03:56.00",
        "stop": "04:00.96",
        "speaker": "Tutor",
        "dialogue": "K, what are some things that you think you might be able to measure in this situation?"
    },
    {
        "start": "04:05.16",
        "stop": "04:07.12",
        "speaker": "Student",
        "dialogue": "The distance between the two."
    },
    {
        "start": "04:08.56",
        "stop": "04:08.92",
        "speaker": "Tutor",
        "dialogue": "Between."
    },
    {
        "start": "04:09.04",
        "stop": "04:13.88",
        "speaker": "Student",
        "dialogue": "What the starting point and the ending point?"
    },
    {
        "start": "04:15.28",
        "stop": "04:21.72",
        "speaker": "Tutor",
        "dialogue": "What unit would you use to measure the distance between the P and the ending point?"
    },
    {
        "start": "04:25.84",
        "stop": "04:26.28",
        "speaker": "Student",
        "dialogue": "Miles."
    },
    {
        "start": "04:28.92",
        "stop": "04:31.60",
        "speaker": "Tutor",
        "dialogue": "Are there other things you can think about measuring in this situation?"
    },
    {
        "start": "04:39.68",
        "stop": "04:45.64",
        "speaker": "Student",
        "dialogue": "Maybe how far it is between the starting point to New York City."
    },
    {
        "start": "04:47.20",
        "stop": "04:48.00",
        "speaker": "Tutor",
        "dialogue": "Okay, cool."
    },
    {
        "start": "04:48.28",
        "stop": "04:49.36",
        "speaker": "Tutor",
        "dialogue": "so say more about that."
    },
    {
        "start": "04:49.60",
        "stop": "04:53.24",
        "speaker": "Tutor",
        "dialogue": "How far what units would you be using miles or something else?"
    },
    {
        "start": "04:55.40",
        "stop": "04:57.08",
        "speaker": "Student",
        "dialogue": "Pbly, Miles, Okay."
    },
    {
        "start": "04:59.56",
        "stop": "05:00.84",
        "speaker": "Tutor",
        "dialogue": "Anything else we can measure?"
    },
    {
        "start": "05:05.64",
        "stop": "05:06.24",
        "speaker": "Student",
        "dialogue": "I don't think so."
    },
    {
        "start": "05:06.68",
        "stop": "05:07.60",
        "speaker": "Tutor",
        "dialogue": "Okay, cool."
    },
    {
        "start": "05:08.04",
        "stop": "05:13.48",
        "speaker": "Tutor",
        "dialogue": "I'm going to uncover something now and tell me how it was similar or different to what you were thinking about."
    },
    {
        "start": "05:22.68",
        "stop": "05:34.08",
        "speaker": "Student",
        "dialogue": "It's showing the the distance with miles, but it's also showing the time and how long it takes for to get to different points."
    },
    {
        "start": "05:35.04",
        "stop": "05:39.08",
        "speaker": "Tutor",
        "dialogue": "What unit are we keeping track of time with hours?"
    },
    {
        "start": "05:39.52",
        "stop": "05:48.88",
        "speaker": "Tutor",
        "dialogue": "Ok, So this graph is going to keep track of how distance in units of miles and how time in units of hours is changing"
    },
    {
        "start": "05:51.00",
        "stop": "05:54.36",
        "speaker": "Tutor",
        "dialogue": "And you were thinking about how was that similar or different to what you were thinking about?"
    },
    {
        "start": "05:59.04",
        "stop": "06:12.96",
        "speaker": "Student",
        "dialogue": "I was thinking about the the distance between the where were started and where it ended."
    },
    {
        "start": "06:16.28",
        "stop": "06:21.64",
        "speaker": "Tutor",
        "dialogue": "How you said between different, um, points or spots or something like that?"
    },
    {
        "start": "06:22.64",
        "stop": "06:23.52",
        "speaker": "Tutor",
        "dialogue": "Tell me more about that."
    },
    {
        "start": "06:23.68",
        "stop": "06:25.40",
        "speaker": "Tutor",
        "dialogue": "Where are you seeing points or spots?"
    },
    {
        "start": "06:26.44",
        "stop": "06:42.88",
        "speaker": "Student",
        "dialogue": "On the graph, there's letters from A to F and A. At each letter it changes, Theth line that goes between them changes and goes into a different direction."
    },
    {
        "start": "06:43.72",
        "stop": "06:45.12",
        "speaker": "Tutor",
        "dialogue": "Are you talking about that blue line?"
    },
    {
        "start": "06:45.84",
        "stop": "06:48.32",
        "speaker": "Tutor",
        "dialogue": "Yeah, what is that blue line?"
    },
    {
        "start": "06:48.44",
        "stop": "06:49.00",
        "speaker": "Tutor",
        "dialogue": "keeping track?"
    },
    {
        "start": "06:49.08",
        "stop": "07:13.12",
        "speaker": "Student",
        "dialogue": "Of how long it takes to the amount of time it it takes to get to a certain distance."
    },
    {
        "start": "07:14.28",
        "stop": "07:20.12",
        "speaker": "Tutor",
        "dialogue": "Okay, so your prediction right now is that that blue line is keeping track of distance?"
    },
    {
        "start": "07:20.20",
        "stop": "07:20.56",
        "speaker": "Tutor",
        "dialogue": "Somehow?"
    },
    {
        "start": "07:21.72",
        "stop": "07:24.20",
        "speaker": "Tutor",
        "dialogue": "Yeah, Okay, is it keeping track of time?"
    },
    {
        "start": "07:26.84",
        "stop": "07:49.44",
        "speaker": "Student",
        "dialogue": "Yeah, how its showing that at certain, at distances it's showing the amount of time it would take."
    },
    {
        "start": "07:52.80",
        "stop": "07:53.08",
        "speaker": "Tutor",
        "dialogue": "Cool."
    },
    {
        "start": "07:53.16",
        "stop": "08:01.88",
        "speaker": "Tutor",
        "dialogue": "so yeah, give me an example of that like where are you seeing distance and where are you seeing time, and that blue line and what."
    },
    {
        "start": "08:02.00",
        "stop": "08:02.96",
        "speaker": "Tutor",
        "dialogue": "It's keeping track of it"
    },
    {
        "start": "08:03.04",
        "stop": "08:05.32",
        "speaker": "Tutor",
        "dialogue": "And you can use your pointer if you want, or you can label."
    },
    {
        "start": "08:14.16",
        "stop": "08:19.36",
        "speaker": "Student",
        "dialogue": "A fifty miles it says that it would take like it would take one hour."
    },
    {
        "start": "08:20.16",
        "stop": "08:30.60",
        "speaker": "Tutor",
        "dialogue": "Ah, so point B, at this exact point, distance has changed by fifty miles and time has changed by an hour."
    },
    {
        "start": "08:32.08",
        "stop": "08:35.04",
        "speaker": "Tutor",
        "dialogue": "You Ok and type something up here"
    },
    {
        "start": "08:41.32",
        "stop": "08:55.56",
        "speaker": "Tutor",
        "dialogue": "when you're thinking about how distance is changing and how time is changing, Wan't you to think about challenging yourself to use these words, increasing, decreasing or staying the same?"
    },
    {
        "start": "08:57.20",
        "stop": "09:03.40",
        "speaker": "Tutor",
        "dialogue": "So from point a to point B, what's going on with distance and time?"
    },
    {
        "start": "09:07.32",
        "stop": "09:15.84",
        "speaker": "Student",
        "dialogue": "From point A to point B, distance is increasing, while time is also increasing."
    },
    {
        "start": "09:16.32",
        "stop": "09:16.84",
        "speaker": "Tutor",
        "dialogue": "Ah, cool."
    },
    {
        "start": "09:16.88",
        "stop": "09:17.76",
        "speaker": "Tutor",
        "dialogue": "I'm gonna write that down."
    },
    {
        "start": "09:18.28",
        "stop": "09:28.36",
        "speaker": "Tutor",
        "dialogue": "So from point A to point B, distance is increasing, while time is also increasing."
    },
    {
        "start": "09:30.20",
        "stop": "09:31.64",
        "speaker": "Tutor",
        "dialogue": "Could I capture what you said there?"
    },
    {
        "start": "09:33.32",
        "stop": "09:37.12",
        "speaker": "Tutor",
        "dialogue": "Okay, where do you think point"
    },
    {
        "start": "09:37.28",
        "stop": "09:40.20",
        "speaker": "Tutor",
        "dialogue": "A to point B is on the map?"
    },
    {
        "start": "09:45.00",
        "stop": "10:00.04",
        "speaker": "Student",
        "dialogue": "I think point A is where the car starts, and then point B is a little like a bit afterwards."
    },
    {
        "start": "10:01.00",
        "stop": "10:07.96",
        "speaker": "Tutor",
        "dialogue": "Cool label that you can either use the text or the draw tools to label where you think where your prediction is for point"
    },
    {
        "start": "10:08.00",
        "stop": "11:01.28",
        "speaker": "Tutor",
        "dialogue": "A and point B. Can you use the map and the graph to describe what is happening during each stage of the journey?"
    },
    {
        "start": "11:26.88",
        "stop": "11:28.04",
        "speaker": "Tutor",
        "dialogue": "What are you thinking right now?"
    },
    {
        "start": "11:31.40",
        "stop": "11:31.60",
        "speaker": "Student",
        "dialogue": "Mm."
    },
    {
        "start": "11:38.08",
        "stop": "11:38.92",
        "speaker": "Tutor",
        "dialogue": "Could you repeat that?"
    },
    {
        "start": "11:39.28",
        "stop": "11:48.88",
        "speaker": "Tutor",
        "dialogue": "Sure, Yes, Um, So we have a map here that you said was describing a car that started in Providence and traveled down to Newark."
    },
    {
        "start": "11:49.76",
        "stop": "11:59.08",
        "speaker": "Tutor",
        "dialogue": "And then you said there's a graph here that keeps track of distance and time, and there are different points or stops on the journey."
    },
    {
        "start": "12:01.32",
        "stop": "12:04.84",
        "speaker": "Tutor",
        "dialogue": "So both the map and the graph are describing the same situation."
    },
    {
        "start": "12:05.52",
        "stop": "12:11.88",
        "speaker": "Tutor",
        "dialogue": "Can you use both of those to explain what's happening during each stage of the journey?"
    },
    {
        "start": "12:15.28",
        "stop": "12:22.08",
        "speaker": "Tutor",
        "dialogue": "So what's going on from A to B, B to C, C to D and so on?"
    },
    {
        "start": "12:58.40",
        "stop": "12:59.16",
        "speaker": "Tutor",
        "dialogue": "What are you thinking?"
    },
    {
        "start": "13:05.48",
        "stop": "13:05.72",
        "speaker": "Tutor",
        "dialogue": "Sure?"
    },
    {
        "start": "13:06.20",
        "stop": "13:11.48",
        "speaker": "Tutor",
        "dialogue": "Okay, So you labeled A to B, and you told me from point"
    },
    {
        "start": "13:11.60",
        "stop": "13:15.40",
        "speaker": "Tutor",
        "dialogue": "A to point B, the distance is increasing while time is also increasing."
    },
    {
        "start": "13:16.24",
        "stop": "13:18.32",
        "speaker": "Tutor",
        "dialogue": "So let's keep labeling these points."
    },
    {
        "start": "13:19.00",
        "stop": "13:19.04",
        "speaker": "Tutor",
        "dialogue": "What?"
    },
    {
        "start": "13:19.60",
        "stop": "13:21.32",
        "speaker": "Tutor",
        "dialogue": "where do you think point C would be?"
    },
    {
        "start": "13:22.04",
        "stop": "13:27.08",
        "speaker": "Tutor",
        "dialogue": "Where would point D, point E and point F. Where would those be located over here?"
    },
    {
        "start": "13:37.40",
        "stop": "13:43.08",
        "speaker": "Tutor",
        "dialogue": "when you insert a textbox that comes up here, it's kind of hard to see it sometimes."
    },
    {
        "start": "13:43.20",
        "stop": "13:51.36",
        "speaker": "Tutor",
        "dialogue": "Huh, and then you can move it if you want."
    },
    {
        "start": "14:15.00",
        "stop": "14:20.24",
        "speaker": "Student",
        "dialogue": "I think point F would be at the end."
    },
    {
        "start": "14:26.36",
        "stop": "14:27.92",
        "speaker": "Tutor",
        "dialogue": "Why do you think it would be right there?"
    },
    {
        "start": "14:31.12",
        "stop": "14:42.04",
        "speaker": "Student",
        "dialogue": "Because, because on the graph, the last point is point F, so that can mean that it's the end of the journey."
    }
]